"codigo_viagem","cnpj.x","placa","autorizacao_viagem","data_inicio_viagem","data_fim_viagem","sentido_linha","latitude","longitude","pdop","numero_imei","in_transbordo","codigo_viagem_transbordo","razao_social","cnpj.y","servico_regular","servico_fretado","servico_semiurbano","data_validade_csv","validade_seguro","ano_fabricacao","categoria_veiculo","nr_assentos_categoria","nr_assentos"
3888174,33613000125,"JDP9300",5591065,2021-09-17 17:30:17,2021-09-17 20:58:13,0,-15.845975,-48.957648,0,"17a2c8aa105924ea","Nao",NA,"SANTA IZABEL TRANSPORTES E TURISMO LTDA","00.033.613/0001-25","Sim","Sim","Nao",2022-05-20,2021-10-03,2012,"Executivo",48,48
3888175,33613000125,"JDP9300",5591065,2021-09-17 06:11:38,2021-09-17 06:18:38,1,-15.827163,-47.899607,0,"17a2c8aa105924ea","Nao",NA,"SANTA IZABEL TRANSPORTES E TURISMO LTDA","00.033.613/0001-25","Sim","Sim","Nao",2022-05-20,2021-10-03,2012,"Executivo",48,48
3888176,33613000125,"JJT6170",5591061,2021-09-17 17:22:50,2021-09-17 20:57:57,0,-15.845884,-48.957482,0,"0fb203815ebba43a","Nao",NA,"SANTA IZABEL TRANSPORTES E TURISMO LTDA","00.033.613/0001-25","Sim","Sim","Nao",2022-07-05,2021-10-03,2012,"Executivo",46,46
3888177,33613000125,"JJT6170",5591061,2021-09-17 06:14:40,2021-09-17 09:54:53,1,-15.827144,-47.8996,0,"0fb203815ebba43a","Nao",NA,"SANTA IZABEL TRANSPORTES E TURISMO LTDA","00.033.613/0001-25","Sim","Sim","Nao",2022-07-05,2021-10-03,2012,"Executivo",46,46
3888178,33613000125,"JJT6180",5591058,2021-09-17 17:47:19,2021-09-17 21:00:47,0,-15.85179,-48.957919,0,"863455040129779","Nao",NA,"SANTA IZABEL TRANSPORTES E TURISMO LTDA","00.033.613/0001-25","Sim","Sim","Nao",2022-07-06,2021-10-03,2012,"Executivo",46,46
3888179,33613000125,"JJT6180",5591058,2021-09-17 06:17:23,2021-09-17 09:56:02,1,-15.825118,-47.903428,0,"863455040129779","Nao",NA,"SANTA IZABEL TRANSPORTES E TURISMO LTDA","00.033.613/0001-25","Sim","Sim","Nao",2022-07-06,2021-10-03,2012,"Executivo",46,46
3888180,33613000125,"OVT0611",5590052,2021-09-18 16:28:57,2021-09-18 17:12:53,0,-17.769277,-48.755353,0,"f6e08159a63a7db4","Nao",NA,"SANTA IZABEL TRANSPORTES E TURISMO LTDA","00.033.613/0001-25","Sim","Sim","Nao",2022-06-21,2021-10-03,2014,"Executivo",48,48
3888181,33613000125,"OVT0611",5590052,2021-09-16 06:38:31,2021-09-16 13:29:22,1,-15.820042,-47.922202,0,"f6e08159a63a7db4","Nao",NA,"SANTA IZABEL TRANSPORTES E TURISMO LTDA","00.033.613/0001-25","Sim","Sim","Nao",2022-06-21,2021-10-03,2014,"Executivo",48,48
3888182,33613000125,"PUH6181",5590699,2021-09-17 05:04:15,2021-09-17 12:42:04,1,-15.787826,-47.972443,0,"354140100896352","Nao",NA,"SANTA IZABEL TRANSPORTES E TURISMO LTDA","00.033.613/0001-25","Sim","Sim","Nao",2022-06-21,2021-10-03,2014,"Executivo",30,30
3888193,1078365000100,"QJW0464",5588147,2021-09-12 17:13:37,2021-09-15 04:15:02,1,-26.9878196716309,-53.534797668457,0,"354169082193058","Nao",NA,"ITAPORA TRANSPORTES COLETIVOS LTDA EPP","01.078.365/0001-00","Nao","Sim","Nao",2021-09-04,2023-08-31,2019,"Executivo",16,16
3888197,1745523000120,"OLL1H50",5589787,2021-09-15 08:33:59,2021-09-15 15:34:41,1,-12.17394158,-38.96599168,1.3,"f2f5821db129929f","Nao",NA,"M C TRANSPORTES & TURISMO EIRELI","01.745.523/0001-20","Sim","Sim","Nao",2021-11-23,2021-11-20,2014,"Executivo",47,47
3888201,3076172000137,"EHX0I21",5592598,2021-09-17 19:38:38,2021-09-18 09:27:30,1,-23.0171241760254,-48.0023498535156,0,"355269107479398","Nao",NA,"VICAMPE TRANSPORTES & TURISMO LTDA","03.076.172/0001-37","Nao","Sim","Nao",2023-07-01,2023-12-07,2020,"Executivo",62,62
3888236,6025632000196,"OIU5562",5590252,2021-09-16 15:08:07,2021-09-17 07:55:47,1,-7.53049898147583,-46.0369110107422,0,"358692101574541","Nao",NA,"MIRANDA NETO & CIA LTDA - EPP","06.025.632/0001-96","Sim","Sim","Nao",2021-10-28,2021-11-16,2012,"Executivo",50,50
3888255,9026330000120,"MQS2694",5587427,2021-09-12 13:07:22,2021-09-13 02:19:40,1,-20.8426990509033,-41.1305084228516,0,"356524082640011","Nao",NA,"VIACAO SANTA CLARA TRANSPORTE E TURISMO LTDA - ME","09.026.330/0001-20","Nao","Sim","Nao",2022-01-07,2023-06-30,2007,"Executivo",41,41
3888299,15363049000186,"FEF9663",5589887,2021-09-18 06:07:57,2021-09-19 16:59:54,1,-20.889656,-42.344765,1,"355371025963287","Nao",NA,"TRANSPORTES FERREIRA'S LTDA - ME","15.363.049/0001-86","Nao","Sim","Nao",2023-08-03,2023-08-19,2014,"Executivo",20,20
3888301,18363131000107,"BBO6244",5589381,2021-09-18 06:26:49,2021-09-18 22:09:19,1,-25.51246175,-49.2943835,1.3,"e8d3aec607533ff8","Nao",NA,"JK LOCADORA DE VEICULOS LTDA","18.363.131/0001-07","Nao","Sim","Nao",2022-08-30,2022-09-02,2017,"Executivo",16,16
3888302,18363131000107,"DTD2A16",5589333,2021-09-16 18:53:34,2021-09-23 13:45:58,1,-25.43300632,-49.40652217,1.3,"410dac1ded4a0ca5","Nao",NA,"JK LOCADORA DE VEICULOS LTDA","18.363.131/0001-07","Nao","Sim","Nao",2023-02-24,2024-02-26,2008,"Executivo",25,25
3888339,23343494000102,"IOO6743",5590172,2021-09-15 18:33:15,2021-09-16 05:41:14,1,-18.9253311157227,-46.9993476867676,0,"358186072483220","Nao",NA,"EXPRESSO SAO GERALDO LTDA","23.343.494/0001-02","Nao","Sim","Nao",2022-02-05,2023-11-02,2008,"Executivo",36,36
3888340,23343494000102,"NAN1355",5587906,2021-09-12 13:44:50,2021-09-13 01:42:48,1,-18.6069049835205,-46.5158767700195,0,"358186072483220","Nao",NA,"EXPRESSO SAO GERALDO LTDA","23.343.494/0001-02","Nao","Sim","Nao",2022-06-08,2023-11-02,2010,"Executivo",44,44
3888344,26628841000131,"OXD0797",5583708,2021-09-18 04:32:12,2021-09-18 07:30:52,1,-22.2364921569824,-45.9336166381836,0,"358776084718215","Nao",NA,"WTL TRANSPORTE TURISMO EIRELI","26.628.841/0001-31","Nao","Sim","Nao",2022-08-25,2024-04-27,2014,"Executivo",17,17
3888345,26664087000195,"MGX8H02",5588162,2021-09-12 16:28:12,2021-09-14 17:22:13,1,-19.8780479431152,-44.9413757324219,0,"865909045798655","Nao",NA,"COOPERSERRANA - COOPERATIVA DE TRANSPORTADORES ESCOLARES E ALTERNATIVOS DE NOVA SERRANA MG","26.664.087/0001-95","Nao","Sim","Nao",2023-08-09,2023-06-21,2004,"Executivo",50,50
3888346,26664087000195,"MGX8H02",5589512,2021-09-14 17:23:47,2021-09-17 21:21:38,1,-19.878719329834,-44.9393844604492,0,"865909045798655","Nao",NA,"COOPERSERRANA - COOPERATIVA DE TRANSPORTADORES ESCOLARES E ALTERNATIVOS DE NOVA SERRANA MG","26.664.087/0001-95","Nao","Sim","Nao",2023-08-09,2023-06-21,2004,"Executivo",50,50
3888347,26664087000195,"MGX8H02",5593205,2021-09-17 21:40:21,2021-09-19 16:22:39,1,-20.160623550415,-44.9175224304199,0,"865909045798655","Nao",NA,"COOPERSERRANA - COOPERATIVA DE TRANSPORTADORES ESCOLARES E ALTERNATIVOS DE NOVA SERRANA MG","26.664.087/0001-95","Nao","Sim","Nao",2023-08-09,2023-06-21,2004,"Executivo",50,50
3888350,27012168000173,"BYE7902",5589196,2021-09-17 10:16:02,2021-09-18 09:20:30,1,-19.0161304473877,-57.6240272521973,0,"358953083860856","Nao",NA,"OBEDE - EDOM TURISMO LTDA - ME","27.012.168/0001-73","Nao","Sim","Nao",2021-09-01,2023-06-05,1995,"Executivo",36,36
3888351,27012168000173,"KCM7745",5583589,2021-09-18 10:13:16,2021-09-19 09:38:15,1,-23.3952388763428,-45.6533889770508,0,"355740088731676","Nao",NA,"OBEDE - EDOM TURISMO LTDA - ME","27.012.168/0001-73","Nao","Sim","Nao",2021-12-14,2023-09-26,1995,"Executivo",42,42
3888373,33087859000139,"LMY2E45",5591715,2021-09-18 23:16:17,2021-09-19 23:59:11,1,0,0,0,"355474061751366","Nao",NA,"BEL TOUR TURISMO E TRANSPORTES LTDA","33.087.859/0001-39","Nao","Sim","Nao",2022-11-25,2023-07-05,2019,"Executivo",47,47
3888374,33087859000139,"LMY2E51",5591711,2021-09-18 22:42:31,2021-09-19 18:36:23,1,-22.8894992,-43.3278282,7.921,"355474061759229","Nao",NA,"BEL TOUR TURISMO E TRANSPORTES LTDA","33.087.859/0001-39","Nao","Sim","Nao",2023-11-30,2023-07-05,2019,"Executivo",47,47
3888380,35550863000117,"NVG2233",5591662,2021-09-17 12:50:36,2021-09-17 21:22:17,1,-10.7828931808472,-37.0596389770508,0,"355253114147925","Nao",NA,"HF PRESTADORA DE SERVICOS LTDA","35.550.863/0001-17","Nao","Sim","Nao",2022-07-13,2022-08-24,2010,"Executivo",19,19
3888381,35550863000117,"OHI1E17",5593647,2021-09-18 08:03:06,2021-09-18 10:03:55,1,-10.1778717041016,-36.8260955810547,0,"357104094948741","Nao",NA,"HF PRESTADORA DE SERVICOS LTDA","35.550.863/0001-17","Nao","Sim","Nao",2021-12-02,2023-08-19,2013,"Executivo",18,18
3888382,35842536000139,"KRO3519",5587670,2021-09-12 06:45:18,2021-09-14 08:03:08,1,-19.533163,-40.628292,1,"355371029350259","Nao",NA,"LIGSMAR ANTONIO ARRIGONI LTDA","35.842.536/0001-39","Nao","Sim","Nao",2023-04-08,2024-02-19,2014,"Executivo",44,44
3888383,35842536000139,"MML6926",5587666,2021-09-12 09:57:01,2021-09-14 05:52:16,1,-20.628471,-40.526314,1,"354868062187424","Nao",NA,"LIGSMAR ANTONIO ARRIGONI LTDA","35.842.536/0001-39","Nao","Sim","Nao",2024-01-13,2024-02-19,2014,"Executivo",45,45
3888384,35842536000139,"QKG1E32",5587693,2021-09-12 09:46:44,2021-09-14 06:51:09,1,-20.319618,-40.351246,1,"354868062265584","Nao",NA,"LIGSMAR ANTONIO ARRIGONI LTDA","35.842.536/0001-39","Nao","Sim","Nao",2021-09-30,2024-02-19,2015,"Executivo",48,48
3888385,36445041000139,"BBF1C84",5590392,2021-09-15 20:42:48,2021-09-17 19:53:49,1,-25.366268157959,-49.0941696166992,0,"357870091020094","Nao",NA,"MAXTUR TRANSPORTES LTDA","36.445.041/0001-39","Nao","Sim","Nao",2023-05-13,2023-05-05,2015,"Executivo",63,63
3888386,36445041000139,"BBF1C84",5593266,2021-09-17 20:46:43,2021-09-18 18:27:27,1,-25.3662624359131,-49.0942115783691,0,"357870091020094","Nao",NA,"MAXTUR TRANSPORTES LTDA","36.445.041/0001-39","Nao","Sim","Nao",2023-05-13,2023-05-05,2015,"Executivo",63,63
3888433,65827701000144,"DVD1H39",5586958,2021-09-12 18:06:23,2021-09-13 00:52:55,0,-20.731754,-46.60425,0,"351965111542071","Nao",NA,"FAMA TRANSPORTE E TURISMO LTDA - EPP","65.827.701/0001-44","Nao","Sim","Nao",2021-12-18,2023-06-16,2020,"Executivo",47,47
3888434,65827701000144,"GEV7A89",5593269,2021-09-18 00:51:50,2021-09-18 09:52:11,1,-23.331695,-46.82334,0,"351965111541230","Nao",NA,"FAMA TRANSPORTE E TURISMO LTDA - EPP","65.827.701/0001-44","Nao","Sim","Nao",2022-01-22,2023-06-16,2018,"Executivo",48,48
3888436,73477424000115,"MLD2225",5587281,2021-09-14 00:44:29,2021-09-14 03:41:43,0,-26.028801,-48.8611755,4.35,"862631032088204","Nao",NA,"LDO TRANSPORTE E TURISMO LTDA","73.477.424/0001-15","Nao","Sim","Nao",2023-05-18,2023-06-28,2012,"Executivo",28,28
3888437,73477424000115,"MLD2225",5590758,2021-09-17 15:17:09,2021-09-18 02:50:48,0,-23.7557774,-46.9022827,4.35,"862631032088204","Nao",NA,"LDO TRANSPORTE E TURISMO LTDA","73.477.424/0001-15","Nao","Sim","Nao",2023-05-18,2023-06-28,2012,"Executivo",28,28
3888438,73477424000115,"MLD2225",5590758,2021-09-16 13:53:13,2021-09-17 04:54:14,1,-27.1408997,-49.5478401,4.35,"862631032088204","Nao",NA,"LDO TRANSPORTE E TURISMO LTDA","73.477.424/0001-15","Nao","Sim","Nao",2023-05-18,2023-06-28,2012,"Executivo",28,28
3888441,76664986000166,"ATI1023",5585969,2021-09-12 20:48:36,2021-09-13 06:22:02,0,-22.64665,-50.402893,0,"354330087081090","Nao",NA,"TRANS ISAAK TURISMO LTDA","76.664.986/0001-66","Sim","Sim","Nao",2022-06-23,2021-10-25,2009,"Semileito",45,45
3888442,76664986000166,"BEZ1J15",5592031,2021-09-17 20:58:30,2021-09-18 08:20:57,1,0,0,0,"354529090836784","Nao",NA,"TRANS ISAAK TURISMO LTDA","76.664.986/0001-66","Sim","Sim","Nao",2022-02-12,2021-10-16,2017,"Executivo",59,59
3888443,76664986000166,"BEZ2B14",5586147,2021-09-12 06:10:16,2021-09-12 10:15:26,1,-25.460568,-49.164448,0,"354330086950329","Nao",NA,"TRANS ISAAK TURISMO LTDA","76.664.986/0001-66","Sim","Sim","Nao",2021-12-14,2021-10-25,2019,"Executivo",47,47
3888445,78172756000105,"MIF4020",5599541,2021-09-16 16:26:42,2021-09-25 08:27:33,1,-25.5214147,-49.2381508,0.8,"428502503458369319","Nao",NA,"MONTANA TURISMO LTDA","78.172.756/0001-05","Nao","Sim","Nao",2023-10-10,2023-06-30,2007,"Executivo",45,45
3888452,80227796000159,"ASR8431",5591936,2021-09-17 14:52:33,2021-09-18 07:46:59,1,-25.4387349,-49.24317153,99.99,"355673087613852","Nao",NA,"EXPRESSO PRINCESA DOS CAMPOS SA","80.227.796/0001-59","Sim","Sim","Nao",2021-12-09,2022-09-07,2010,"Executivo",42,42
3888453,80227796000159,"AUR6388",5590903,2021-09-16 21:27:33,2021-09-17 10:14:56,1,-24.4778588,-47.8281549,99.99,"354137072077052","Nao",NA,"EXPRESSO PRINCESA DOS CAMPOS SA","80.227.796/0001-59","Sim","Sim","Nao",2022-01-13,2022-09-07,2011,"Executivo",42,42
3888454,80227796000159,"AYB7699",5593124,2021-09-17 20:31:27,2021-09-18 08:39:48,1,-25.43880119,-49.24310573,99.99,"355673087995614","Nao",NA,"EXPRESSO PRINCESA DOS CAMPOS SA","80.227.796/0001-59","Sim","Sim","Nao",2021-10-27,2022-09-07,2014,"Executivo",42,42
3888455,80227796000159,"AYC1697",5591923,2021-09-17 14:17:20,2021-09-19 15:55:43,1,-25.43877,-49.243185,99.99,"357870095922410","Nao",NA,"EXPRESSO PRINCESA DOS CAMPOS SA","80.227.796/0001-59","Sim","Sim","Nao",2021-12-11,2022-09-07,2014,"Executivo",44,44
3888459,85172070000180,"MLW2218",5586495,2021-09-12 04:35:25,2021-09-12 20:47:34,1,-26.7813110351563,-53.1947402954102,0,"353881079220014","Nao",NA,"REISEBUS AUF TURISMO LTDA - ME","85.172.070/0001-80","Nao","Sim","Nao",2023-06-21,2023-05-13,2013,"Executivo",43,43
3888190,1031060000134,"PRK1218",5590327,2021-09-15 20:27:30,2021-09-16 08:05:29,1,-3.740562,-38.534984,0,"e2d2b5b335e80444","Nao",NA,"EXPRESSO SATELITE NORTE LTDA","01.031.060/0001-34","Sim","Sim","Nao",2022-06-23,2021-10-03,2017,"Executivo",45,45
3888191,1031060000134,"PRK6608",5590277,2021-09-16 18:35:13,2021-09-17 12:25:50,1,-2.551968,-44.155211,0,"d21aa5487e098517","Nao",NA,"EXPRESSO SATELITE NORTE LTDA","01.031.060/0001-34","Sim","Sim","Nao",2022-07-12,2021-10-03,2017,"Executivo",45,45
3888192,1031060000134,"RBU3F27",5590620,2021-09-16 09:29:09,2021-09-16 18:36:14,1,-5.130855,-42.804081,2,"358443074095639","Nao",NA,"EXPRESSO SATELITE NORTE LTDA","01.031.060/0001-34","Sim","Sim","Nao",2021-11-09,2021-10-03,2020,"Executivo",46,46
3888214,4162704000111,"PID4541",5591766,2021-09-17 19:41:53,2021-09-19 23:37:38,1,-5.11267280578613,-42.7938079833984,0,"355374093656882","Nao",NA,"SILVA E BARROS LTDA","04.162.704/0001-11","Nao","Sim","Nao",2021-09-08,2023-11-08,2014,"Executivo",30,30
3888222,4812711000111,"QPG0657",5588692,2021-09-17 18:08:26,2021-09-18 05:13:49,1,-20.1498832702637,-44.2372131347656,0,"865909047150228","Nao",NA,"COOPERATIVA DE TRANSPORTE INTERMUNICIPAL E INTERESTADUAL DE MINAS GERAIS LTDA -COOPERINTER","04.812.711/0001-11","Nao","Sim","Nao",2021-09-16,2024-02-03,2018,"Executivo",19,19
3888224,5233521000102,"AWW4388",5582591,2021-09-12 07:16:17,2021-09-13 01:36:39,0,-20.376733,-43.556947,0,"356496085496933","Nao",NA,"BRASIL SUL LINHAS RODOVIARIAS LTDA","05.233.521/0001-02","Sim","Sim","Nao",2021-11-17,2021-10-04,2012,"Executivo",44,44
3888225,5233521000102,"BAD6919",5592541,2021-09-17 18:59:19,2021-09-18 13:22:16,1,-23.314479,-51.152385,0,"353028105429652","Nao",NA,"BRASIL SUL LINHAS RODOVIARIAS LTDA","05.233.521/0001-02","Sim","Sim","Nao",2021-11-04,2021-10-04,2015,"Executivo",20,20
3888226,5233521000102,"BAD8977",5591842,2021-09-17 16:17:44,2021-09-18 08:36:39,1,-23.523861,-46.678544,0,"353028105417590","Nao",NA,"BRASIL SUL LINHAS RODOVIARIAS LTDA","05.233.521/0001-02","Sim","Sim","Nao",2022-09-09,2021-10-04,2015,"Executivo",50,50
3888227,5233521000102,"BBT6820",5588289,2021-09-12 18:39:18,2021-09-12 18:40:01,1,-23.316247,-51.14843,0,"356496088317458","Nao",NA,"BRASIL SUL LINHAS RODOVIARIAS LTDA","05.233.521/0001-02","Sim","Sim","Nao",2021-11-20,2021-10-04,2017,"Executivo",44,44
3888228,5233521000102,"BBT6824",5586121,2021-09-13 06:32:06,2021-09-16 22:30:10,1,-23.316012,-51.148463,0,"352550117936136","Nao",NA,"BRASIL SUL LINHAS RODOVIARIAS LTDA","05.233.521/0001-02","Sim","Sim","Nao",2021-11-17,2021-10-04,2017,"Executivo",46,46
3888235,6012643000131,"AXK4D95",5590721,2021-09-17 12:42:09,2021-09-17 22:30:57,1,-25.438176,-49.058227,9,"000000000091659522","Nao",NA,"RIO VERDE ONIBUS - EIRELI - ME","06.012.643/0001-31","Nao","Sim","Nao",2023-04-26,2023-06-18,2013,"Executivo",42,42
3888248,6789401000159,"ODO5428",5592579,2021-09-17 22:51:56,2021-09-18 08:49:27,1,-19.9237461090088,-43.9459762573242,0,"353690107290265","Nao",NA,"LINHARES HOTEL E TURISMO LTDA","06.789.401/0001-59","Sim","Sim","Nao",2022-07-06,2021-11-12,2012,"Executivo",56,56
3888249,7175375000131,"POT9987",5590940,2021-09-16 17:39:08,2021-09-17 19:48:52,1,-7.23141241073608,-39.3200073242188,0,"353783108841879","Nao",NA,"VIACAO PERNAMBUCANA TRANSPORTE E TURISMO LTDA","07.175.375/0001-31","Sim","Sim","Nao",2021-09-24,2023-08-19,2017,"Executivo",48,48
3888256,9094952000196,"DRK9130",5592631,2021-09-18 00:41:43,2021-09-18 10:44:42,1,-22.752009,-47.258473,0,"356429071518147","Nao",NA,"FAVI AUTO VIACAO LTDA","09.094.952/0001-96","Nao","Sim","Nao",2021-10-29,2023-07-01,2019,"Executivo",32,32
3888257,9094952000196,"DVB1459",5585798,2021-09-12 19:16:01,2021-09-13 05:27:45,0,-22.865938,-42.031313,0,"356429071420146","Nao",NA,"FAVI AUTO VIACAO LTDA","09.094.952/0001-96","Nao","Sim","Nao",2022-06-23,2023-07-01,2018,"Executivo",48,48
3888258,9094952000196,"DVB1459",5589399,2021-09-15 21:05:22,2021-09-16 05:17:24,0,-22.950071,-43.18157,0,"356429071420146","Nao",NA,"FAVI AUTO VIACAO LTDA","09.094.952/0001-96","Nao","Sim","Nao",2022-06-23,2023-07-01,2018,"Executivo",48,48
3888259,9094952000196,"DVB1459",5589399,2021-09-15 00:53:57,2021-09-15 09:09:46,1,-22.562346,-47.404703,0,"356429071420146","Nao",NA,"FAVI AUTO VIACAO LTDA","09.094.952/0001-96","Nao","Sim","Nao",2022-06-23,2023-07-01,2018,"Executivo",48,48
3888266,10681087000163,"OMM3893",5590578,2021-09-16 05:14:07,2021-09-16 12:27:39,1,-7.59540367126465,-35.2342872619629,0,"354148097806714","Nao",NA,"V. SONORIZACAO E PRODUCAO MUSICAL LTDA","10.681.087/0001-63","Nao","Sim","Nao",2023-12-13,2023-08-20,2013,"Executivo",30,30
3888268,10895377000100,"ANS3B05",5588318,2021-09-12 20:22:54,2021-09-19 19:11:17,1,-25.4786720275879,-49.2603302001953,0,"359539092276058","Nao",NA,"FW E CRW VIAGENS E TURISMO LTDA","10.895.377/0001-00","Nao","Sim","Nao",2022-02-17,2023-08-18,2005,"Executivo",44,44
3888270,11137897000116,"OYM4362",5587684,2021-09-12 07:30:21,2021-09-12 16:37:37,1,-8.10762691497803,-34.8886566162109,0,"358581624186299","Nao",NA,"V. V. S. VIAGENS, TURISMO E RECEPTIVOS LTDA","11.137.897/0001-16","Nao","Sim","Nao",2021-10-26,2022-10-26,2013,"Executivo",16,16
3888271,11137897000116,"PEE4609",5589078,2021-09-14 06:43:18,2021-09-14 09:30:25,1,-8.13011169433594,-34.8990783691406,0,"358581624186299","Nao",NA,"V. V. S. VIAGENS, TURISMO E RECEPTIVOS LTDA","11.137.897/0001-16","Nao","Sim","Nao",2022-04-25,2023-10-26,2011,"Executivo",32,32
3888272,11137897000116,"PEE4609",5591545,2021-09-17 06:06:38,2021-09-17 09:17:40,1,-8.09469223022461,-34.8828506469727,0,"358581624186299","Nao",NA,"V. V. S. VIAGENS, TURISMO E RECEPTIVOS LTDA","11.137.897/0001-16","Nao","Sim","Nao",2022-04-25,2023-10-26,2011,"Executivo",32,32
3888276,11786330000170,"EWU7A98",5591858,2021-09-17 19:51:23,2021-09-18 05:20:31,1,-22.4402236938477,-46.966178894043,0,"353834113004720","Nao",NA,"TRANSLUZ FRETAMENTO TRANSPORTE E TURISMO EIRELI","11.786.330/0001-70","Nao","Sim","Nao",2022-03-10,2023-06-08,2013,"Executivo",47,47
3888277,12077105000128,"KOQ6C20",5589677,2021-09-15 05:31:12,2021-09-20 04:43:05,1,-9.45155620574951,-40.4806137084961,0,"358778085058203","Nao",NA,NA,NA,NA,NA,NA,NA,NA,NA,NA,NA,NA
3888285,13812711000102,"GJM0152",5591318,2021-09-18 00:57:58,2021-09-19 12:14:32,1,-23.3523101806641,-46.1998291015625,0,"352000430583066","Nao",NA,"JM LOCACAO DE VEICULOS E SERVICOS DE TRANSPORTES LTDA","13.812.711/0001-02","Nao","Sim","Nao",2021-12-01,2023-08-26,2019,"Executivo",19,19
3888292,15221905000169,"LPZ6F61",5588384,2021-09-13 06:35:45,2021-09-13 21:08:17,1,-9.46700000762939,-35.5561103820801,0,"359476094574521","Nao",NA,"JULIANA DOS REIS BEVILAQUA EIRELI","15.221.905/0001-69","Nao","Sim","Nao",2022-02-18,2023-09-22,2011,"Executivo",50,50
3888293,15221905000169,"LPZ6F61",5589752,2021-09-15 05:52:57,2021-09-15 19:23:35,1,-9.6638240814209,-35.7104835510254,0,"359476094574521","Nao",NA,"JULIANA DOS REIS BEVILAQUA EIRELI","15.221.905/0001-69","Nao","Sim","Nao",2022-02-18,2023-09-22,2011,"Executivo",50,50
3888294,15221905000169,"LPZ6F61",5590526,2021-09-16 06:02:04,2021-09-16 19:34:13,1,-9.66554641723633,-35.7109069824219,0,"359476094574521","Nao",NA,"JULIANA DOS REIS BEVILAQUA EIRELI","15.221.905/0001-69","Nao","Sim","Nao",2022-02-18,2023-09-22,2011,"Executivo",50,50
3888295,15221905000169,"LPZ6F61",5591556,2021-09-17 05:52:12,2021-09-17 20:05:31,1,-9.59534740447998,-35.675422668457,0,"359476094574521","Nao",NA,"JULIANA DOS REIS BEVILAQUA EIRELI","15.221.905/0001-69","Nao","Sim","Nao",2022-02-18,2023-09-22,2011,"Executivo",50,50
3888296,15221905000169,"LPZ6F61",5593585,2021-09-18 05:41:03,2021-09-18 11:17:54,1,-9.63125991821289,-35.6962585449219,0,"359476094574521","Nao",NA,"JULIANA DOS REIS BEVILAQUA EIRELI","15.221.905/0001-69","Nao","Sim","Nao",2022-02-18,2023-09-22,2011,"Executivo",50,50
3888297,15221905000169,"OZQ0331",5589088,2021-09-14 05:58:30,2021-09-14 20:03:23,1,-9.52750682830811,-35.6042709350586,0,"863705035623669","Nao",NA,"JULIANA DOS REIS BEVILAQUA EIRELI","15.221.905/0001-69","Nao","Sim","Nao",2021-10-29,2023-09-22,2013,"Executivo",26,26
3888298,15221905000169,"OZQ0331",5593597,2021-09-18 05:43:21,2021-09-18 17:23:25,1,-9.64134502410889,-35.708683013916,0,"863705035623669","Nao",NA,"JULIANA DOS REIS BEVILAQUA EIRELI","15.221.905/0001-69","Nao","Sim","Nao",2021-10-29,2023-09-22,2013,"Executivo",26,26
3888300,17067125000131,"HMD9289",5587953,2021-09-12 10:12:21,2021-09-14 06:23:19,1,-18.8796520233154,-41.962028503418,0,"356342097539072","Nao",NA,NA,NA,NA,NA,NA,NA,NA,NA,NA,NA,NA
3888307,19225075000107,"IWV4289",5590947,2021-09-16 20:59:24,2021-09-20 07:09:51,1,-29.9914054870605,-51.1996688842773,0,"358620103362870","Nao",NA,NA,NA,NA,NA,NA,NA,NA,NA,NA,NA,NA
3888308,19225075000107,"JAD1508",5592886,2021-09-17 20:48:54,2021-09-20 20:49:51,1,-29.9914233333333,-51.2007433333333,6,"358620103465459","Nao",NA,"EMS TRANSPORTES E TURISMO EIRELI ME","19.225.075/0001-07","Sim","Sim","Nao",2022-09-06,2021-10-27,2017,"Executivo",52,52
3888309,19225075000107,"JAJ0B40",5590955,2021-09-16 16:11:18,2021-09-21 05:15:25,1,-29.9914073944092,-51.1997413635254,0,"358620103392877","Nao",NA,"EMS TRANSPORTES E TURISMO EIRELI ME","19.225.075/0001-07","Sim","Sim","Nao",2022-07-02,2021-10-06,2019,"Executivo",46,46
3888310,19225075000107,"JAJ0B60",5587566,2021-09-12 12:14:59,2021-09-17 22:55:05,1,-29.9915199279785,-51.1998291015625,0,"358620103268937","Nao",NA,"EMS TRANSPORTES E TURISMO EIRELI ME","19.225.075/0001-07","Sim","Sim","Nao",2022-08-17,2021-10-06,2019,"Executivo",63,63
3888311,19225075000107,"JAJ0B60",5593434,2021-09-17 23:55:25,2021-09-19 04:35:49,1,-29.9914875030518,-51.2002601623535,0,"358620103268937","Nao",NA,"EMS TRANSPORTES E TURISMO EIRELI ME","19.225.075/0001-07","Sim","Sim","Nao",2022-08-17,2021-10-06,2019,"Executivo",63,63
3888312,19225075000107,"JAJ0B70",5588543,2021-09-13 17:39:06,2021-09-20 11:49:03,1,-27.6511096954346,-52.2660522460938,0,"358620103390038","Nao",NA,"EMS TRANSPORTES E TURISMO EIRELI ME","19.225.075/0001-07","Sim","Sim","Nao",2022-08-17,2021-10-27,2019,"Executivo",67,67
3888313,19225075000107,"JDL2I02",5591200,2021-09-17 03:45:48,2021-09-21 23:52:17,1,-29.9912910461426,-51.2003707885742,0,"358620103367259","Nao",NA,"EMS TRANSPORTES E TURISMO EIRELI ME","19.225.075/0001-07","Sim","Sim","Nao",2022-04-07,2021-10-06,2020,"Executivo",46,46
3888315,19517694000167,"FUA9A50",5589881,2021-09-16 04:05:09,2021-09-16 15:22:24,1,-9.6283167,-35.7383428,1.3,"c32c2295362d2a1e","Nao",NA,"ALIANZZA TURISMO LTDA","19.517.694/0001-67","Nao","Sim","Nao",2022-01-08,2023-07-17,2014,"Executivo",32,32
3888316,19652484000181,"QJT1583",5588328,2021-09-13 06:41:41,2021-09-17 09:58:43,1,-26.90351,-48.6668066666667,1.3,"21bdbc6d38622891","Nao",NA,"LB TRANSPORTE ESCOLAR E LOCACAO DE VEICULOS LTDA - ME","19.652.484/0001-81","Nao","Sim","Nao",2023-05-20,2024-01-10,2019,"Executivo",16,16
3888317,20146015000170,"FTX3520",5588286,2021-09-13 14:30:23,2021-09-13 22:42:37,0,0,0,0,"353305085340954","Nao",NA,"VIACAO SAO CRISTOVAO LIMITADA.","20.146.015/0001-70","Sim","Sim","Nao",2022-07-16,2021-10-03,2014,"Executivo",46,46
3888318,20146015000170,"FTX3520",5589603,2021-09-15 12:46:09,2021-09-15 20:05:05,0,0,0,0,"353305085340954","Nao",NA,"VIACAO SAO CRISTOVAO LIMITADA.","20.146.015/0001-70","Sim","Sim","Nao",2022-07-16,2021-10-03,2014,"Executivo",46,46
3888319,20146015000170,"FTX3520",5588286,2021-09-12 17:44:10,2021-09-13 02:11:50,1,-20.155035,-44.91003,0,"353305085340954","Nao",NA,"VIACAO SAO CRISTOVAO LIMITADA.","20.146.015/0001-70","Sim","Sim","Nao",2022-07-16,2021-10-03,2014,"Executivo",46,46
3888320,20146015000170,"FTX3520",5589603,2021-09-14 18:09:25,2021-09-15 01:57:48,1,-20.155364,-44.909166,0,"353305085340954","Nao",NA,"VIACAO SAO CRISTOVAO LIMITADA.","20.146.015/0001-70","Sim","Sim","Nao",2022-07-16,2021-10-03,2014,"Executivo",46,46
3888321,20146015000170,"HDI7A63",5588275,2021-09-13 14:21:50,2021-09-13 14:25:25,0,-23.532301,-46.619737,0,"353305085457816","Nao",NA,"VIACAO SAO CRISTOVAO LIMITADA.","20.146.015/0001-70","Nao","Sim","Nao",2022-06-11,2023-06-03,2006,"Executivo",46,46
3888322,20146015000170,"HDI7A63",5589597,2021-09-15 12:57:10,2021-09-15 21:18:04,0,-23.532116,-46.619713,0,"353305085457816","Nao",NA,"VIACAO SAO CRISTOVAO LIMITADA.","20.146.015/0001-70","Nao","Sim","Nao",2022-06-11,2023-06-03,2006,"Executivo",46,46
3888460,85172070000180,"QJF7899",5591051,2021-09-16 17:40:55,2021-09-16 21:39:58,1,-26.8908462524414,-53.1728134155273,0,"353881079220014","Nao",NA,"REISEBUS AUF TURISMO LTDA - ME","85.172.070/0001-80","Nao","Sim","Nao",2022-02-19,2023-05-13,2018,"Executivo",19,19
3888461,85172070000180,"QJF7899",5590205,2021-09-15 17:31:05,2021-09-15 18:48:37,1,-26.899621963501,-53.1735229492188,0,"353881079220014","Nao",NA,"REISEBUS AUF TURISMO LTDA - ME","85.172.070/0001-80","Nao","Sim","Nao",2022-02-19,2023-05-13,2018,"Executivo",19,19
3888462,85172070000180,"QJF7899",5588744,2021-09-13 17:39:01,2021-09-13 23:40:22,1,-26.8898773193359,-53.1804847717285,0,"353881079220014","Nao",NA,"REISEBUS AUF TURISMO LTDA - ME","85.172.070/0001-80","Nao","Sim","Nao",2022-02-19,2023-05-13,2018,"Executivo",19,19
3888463,85172070000180,"QJF7899",5589439,2021-09-14 17:42:51,2021-09-15 17:15:08,1,-26.8929138183594,-53.170768737793,0,"353881079220014","Nao",NA,"REISEBUS AUF TURISMO LTDA - ME","85.172.070/0001-80","Nao","Sim","Nao",2022-02-19,2023-05-13,2018,"Executivo",19,19
3866262,36007155000105,"ARX8D38",5584855,2021-09-10 06:52:59,2021-09-10 18:15:50,1,-23.5113334655762,-53.7272872924805,0,"865207040696796","Nao",NA,"BARRETO & VIEIRA TRANSPORTE DE PASSAGEIROS LTDA","36.007.155/0001-05","Nao","Sim","Nao",2022-07-27,2024-03-24,2011,"Executivo",17,17
3866263,36445041000139,"BBF1C84",5586746,2021-09-10 20:51:06,2021-09-11 19:01:01,1,-25.3663311004639,-49.094425201416,0,"357870091020094","Nao",NA,"MAXTUR TRANSPORTES LTDA","36.445.041/0001-39","Nao","Sim","Nao",2023-05-13,2023-05-05,2015,"Executivo",63,63
3866275,18127000138,"QKH8656",5581099,2021-09-06 05:05:03,2021-09-06 13:48:51,1,-10.2226867675781,-48.3155136108398,0,"356181100671831","Nao",NA,"TOCANTINS TRANSPORTE E TURISMO LTDA","00.018.127/0001-38","Sim","Sim","Nao",2021-10-30,2022-08-22,2016,"Convencional",55,55
3866276,18127000138,"QWC3424",5581099,2021-09-06 13:50:06,2021-09-07 09:48:56,1,-9.30809116363525,-50.3036918640137,0,"356181100671831","Nao",NA,"TOCANTINS TRANSPORTE E TURISMO LTDA","00.018.127/0001-38","Sim","Sim","Nao",2021-09-30,2022-08-22,2019,"Executivo",55,55
3866277,33613000125,"JDP4007",5582624,2021-09-07 14:26:51,2021-09-07 22:50:36,0,-15.788127,-47.972437,0,"4237fc834df4f787","Nao",NA,"SANTA IZABEL TRANSPORTES E TURISMO LTDA","00.033.613/0001-25","Sim","Sim","Nao",2022-08-06,2021-10-03,2012,"Executivo",48,48
3866278,33613000125,"JDP4007",5582624,2021-09-07 05:24:44,2021-09-07 09:09:54,1,-16.367178,-46.8989,0,"4237fc834df4f787","Nao",NA,"SANTA IZABEL TRANSPORTES E TURISMO LTDA","00.033.613/0001-25","Sim","Sim","Nao",2022-08-06,2021-10-03,2012,"Executivo",48,48
3866279,33613000125,"JDP4007",5584959,2021-09-10 05:58:24,2021-09-10 09:53:48,1,-15.82709,-47.899362,0,"f6e08159a63a7db4","Nao",NA,"SANTA IZABEL TRANSPORTES E TURISMO LTDA","00.033.613/0001-25","Sim","Sim","Nao",2022-08-06,2021-10-03,2012,"Executivo",48,48
3866280,33613000125,"JHL8878",5582879,2021-09-07 14:43:58,2021-09-07 14:45:10,1,-15.801645,-47.960607,0,"f6e08159a63a7db4","Nao",NA,"SANTA IZABEL TRANSPORTES E TURISMO LTDA","00.033.613/0001-25","Sim","Sim","Nao",2022-08-19,2021-10-03,2011,"Executivo",48,48
3866281,33613000125,"JJT6170",5582731,2021-09-07 14:30:47,2021-09-07 21:45:22,0,-15.78806,-47.972717,0,"0fb203815ebba43a","Nao",NA,"SANTA IZABEL TRANSPORTES E TURISMO LTDA","00.033.613/0001-25","Sim","Sim","Nao",2022-07-05,2021-10-03,2012,"Executivo",46,46
3866282,33613000125,"JJT6170",5584957,2021-09-10 17:31:49,2021-09-10 20:59:49,0,-15.845945,-48.957643,0,"0fb203815ebba43a","Nao",NA,"SANTA IZABEL TRANSPORTES E TURISMO LTDA","00.033.613/0001-25","Sim","Sim","Nao",2022-07-05,2021-10-03,2012,"Executivo",46,46
3866283,33613000125,"JJT6170",5582731,2021-09-07 05:27:25,2021-09-07 09:24:27,1,-16.367151,-46.899024,0,"0fb203815ebba43a","Nao",NA,"SANTA IZABEL TRANSPORTES E TURISMO LTDA","00.033.613/0001-25","Sim","Sim","Nao",2022-07-05,2021-10-03,2012,"Executivo",46,46
3866284,33613000125,"JJT6170",5584957,2021-09-10 04:42:23,2021-09-10 09:53:09,1,-15.787793,-47.972322,0,"0fb203815ebba43a","Nao",NA,"SANTA IZABEL TRANSPORTES E TURISMO LTDA","00.033.613/0001-25","Sim","Sim","Nao",2022-07-05,2021-10-03,2012,"Executivo",46,46
3866285,33613000125,"JJT6180",5584955,2021-09-10 05:12:30,2021-09-10 09:53:34,1,-15.787821,-47.972182,0,"863455040129779","Nao",NA,"SANTA IZABEL TRANSPORTES E TURISMO LTDA","00.033.613/0001-25","Sim","Sim","Nao",2022-07-06,2021-10-03,2012,"Executivo",46,46
3866286,33613000125,"OVT0610",5582793,2021-09-07 05:25:58,2021-09-07 09:43:08,1,-16.367209,-46.898918,0,"e4d8ae2cebb2ec1c","Nao",NA,"SANTA IZABEL TRANSPORTES E TURISMO LTDA","00.033.613/0001-25","Sim","Sim","Nao",2022-08-10,2021-10-03,2014,"Executivo",48,48
3866287,33613000125,"OVT0611",5584959,2021-09-10 17:37:54,2021-09-10 21:49:42,0,-15.845925,-48.957582,0,"f6e08159a63a7db4","Nao",NA,"SANTA IZABEL TRANSPORTES E TURISMO LTDA","00.033.613/0001-25","Sim","Sim","Nao",2022-06-21,2021-10-03,2014,"Executivo",48,48
3866288,33613000125,"OVT0611",5582879,2021-09-07 05:27:51,2021-09-07 09:49:57,1,-16.367153,-46.898858,0,"f6e08159a63a7db4","Nao",NA,"SANTA IZABEL TRANSPORTES E TURISMO LTDA","00.033.613/0001-25","Sim","Sim","Nao",2022-06-21,2021-10-03,2014,"Executivo",48,48
3866289,33613000125,"PUH6181",5584638,2021-09-10 05:00:06,2021-09-10 16:26:55,1,-15.787794,-47.972388,0,"354140100896352","Nao",NA,"SANTA IZABEL TRANSPORTES E TURISMO LTDA","00.033.613/0001-25","Sim","Sim","Nao",2022-06-21,2021-10-03,2014,"Executivo",30,30
3866302,1745523000120,"KWI8214",5587167,2021-09-11 14:50:44,2021-09-12 11:19:15,1,-12.37884627,-38.38359578,1.3,"d28646966860378c","Nao",NA,"M C TRANSPORTE & TURISMO EIRELI","01.745.523/0001-20","Sim","Sim","Nao",2021-11-19,2021-11-20,2014,"Executivo",44,44
3866303,1745523000120,"PLS3B76",5586616,2021-09-10 20:24:47,2021-09-11 01:28:02,1,-12.9966892,-38.4773303166667,1.3,"76870f0282959711","Nao",NA,"M C TRANSPORTES & TURISMO EIRELI","01.745.523/0001-20","Sim","Sim","Nao",2021-11-25,2021-11-16,2019,"Executivo",48,48
3866305,3066598000100,"HLY9054",5581102,2021-09-06 04:05:49,2021-09-06 04:18:13,1,-19.3003116874024,-44.3781945481896,1.3,"02f08d02dfa61a87","Nao",NA,"COOPERTRANSVAL-COOP.PROF.TRANS E OUTROS DE","03.066.598/0001-00","Nao","Sim","Nao",2023-01-03,2022-09-01,2011,"Executivo",19,19
3866306,3066598000100,"HLY9054",5585383,2021-09-11 04:26:37,2021-09-11 09:35:54,1,-19.18324796,-41.47276881,1.3,"8849c3703b40b237","Nao",NA,"COOPERTRANSVAL-COOP.PROF.TRANS E OUTROS DE","03.066.598/0001-00","Nao","Sim","Nao",2023-01-03,2022-09-01,2011,"Executivo",19,19
3866307,3076172000137,"EHX0I21",5579581,2021-09-06 20:53:43,2021-09-07 06:06:01,1,-25.3177394866943,-49.0179557800293,0,"355269107479398","Nao",NA,"VICAMPE TRANSPORTES & TURISMO LTDA","03.076.172/0001-37","Nao","Sim","Nao",2023-07-01,2023-12-07,2020,"Executivo",62,62
3866330,48194609000175,"BYP9735",5580306,2021-09-05 08:04:25,2021-09-07 10:28:25,1,-22.7277069,-47.63377,2.1,"866039043600247","Nao",NA,"AGENCIA DE TURISMO MONTE ALEGRE LTDA","48.194.609/0001-75","Nao","Sim","Nao",2023-05-24,2023-09-04,2019,"Executivo",48,48
3866331,48194609000175,"BYP9735",5584564,2021-09-09 21:59:27,2021-09-18 13:14:54,1,-22.696804,-47.6610718,2.1,"866039043600247","Nao",NA,"AGENCIA DE TURISMO MONTE ALEGRE LTDA","48.194.609/0001-75","Nao","Sim","Nao",2023-05-24,2023-09-04,2019,"Executivo",48,48
3866332,48194609000175,"EVU3690",5584579,2021-09-10 10:39:06,2021-09-18 09:56:23,1,-22.9657402,-47.0474396,2.1,"866039043981985","Nao",NA,"AGENCIA DE TURISMO MONTE ALEGRE LTDA","48.194.609/0001-75","Nao","Sim","Nao",2023-05-09,2023-09-04,2012,"Executivo",53,53
3866374,65827701000144,"DVD1H39",5580681,2021-09-08 01:14:59,2021-09-09 22:59:34,0,-22.921111,-43.172797,0,"351965111542071","Nao",NA,"FAMA TRANSPORTE E TURISMO LTDA - EPP","65.827.701/0001-44","Nao","Sim","Nao",2021-12-18,2023-06-16,2020,"Executivo",47,47
3866375,65827701000144,"DVD1H39",5586958,2021-09-11 01:20:17,2021-09-11 09:18:10,1,-23.206481,-46.837755,0,"351965111542071","Nao",NA,"FAMA TRANSPORTE E TURISMO LTDA - EPP","65.827.701/0001-44","Nao","Sim","Nao",2021-12-18,2023-06-16,2020,"Executivo",47,47
3866376,65827701000144,"FXD0E73",5580540,2021-09-07 19:10:51,2021-09-08 04:32:56,0,-22.895058,-43.187751,0,"351965111542246","Nao",NA,"FAMA TRANSPORTE E TURISMO LTDA - EPP","65.827.701/0001-44","Nao","Sim","Nao",2022-01-26,2023-06-16,2020,"Executivo",47,47
3866377,65827701000144,"GEV7A89",5580317,2021-09-07 18:28:01,2021-09-08 04:30:07,0,-22.921239,-43.172654,0,"351965111541230","Nao",NA,"FAMA TRANSPORTE E TURISMO LTDA - EPP","65.827.701/0001-44","Nao","Sim","Nao",2022-01-22,2023-06-16,2018,"Executivo",48,48
3866396,73477424000115,"QJM2227",5581119,2021-09-05 14:18:11,2021-09-06 02:34:15,1,-27.1694489,-49.564785,4.35,"868926038737810","Nao",NA,"LDO TRANSPORTE E TURISMO LTDA","73.477.424/0001-15","Nao","Sim","Nao",2023-05-20,2023-06-28,2016,"Executivo",40,40
3866398,76664986000166,"ATI1023",5585969,2021-09-11 22:34:03,2021-09-12 06:47:51,1,-25.508125,-49.284882,0,"354330087081090","Nao",NA,"TRANS ISAAK TURISMO LTDA","76.664.986/0001-66","Sim","Sim","Nao",2022-06-23,2021-10-25,2009,"Semileito",45,45
3866399,76664986000166,"BEZ2B14",5579928,2021-09-07 20:35:17,2021-09-08 05:58:43,0,-22.844974,-45.229231,0,"354330087295930","Nao",NA,"TRANS ISAAK TURISMO LTDA","76.664.986/0001-66","Sim","Sim","Nao",2021-12-14,2021-10-25,2019,"Executivo",47,47
3866400,76664986000166,"BEZ2B14",5585832,2021-09-11 19:13:11,2021-09-11 23:55:55,0,-26.798465,-48.623315,0,"354529090836784","Nao",NA,"TRANS ISAAK TURISMO LTDA","76.664.986/0001-66","Sim","Sim","Nao",2021-12-14,2021-10-25,2019,"Executivo",47,47
3866401,76664986000166,"BEZ2B14",5585832,2021-09-11 04:28:58,2021-09-11 09:27:37,1,-25.35413,-49.258295,0,"354529090836784","Nao",NA,"TRANS ISAAK TURISMO LTDA","76.664.986/0001-66","Sim","Sim","Nao",2021-12-14,2021-10-25,2019,"Executivo",47,47
3866402,76664986000166,"BEZ2B15",5579978,2021-09-07 20:35:56,2021-09-08 06:46:25,0,-22.844872,-45.229471,0,"354529090836784","Nao",NA,"TRANS ISAAK TURISMO LTDA","76.664.986/0001-66","Sim","Sim","Nao",2022-02-26,2021-10-25,2019,"Executivo",47,47
3866403,76664986000166,"BEZ2B16",5580045,2021-09-07 19:41:45,2021-09-08 07:03:15,0,-22.844887,-45.231002,0,"354330087295898","Nao",NA,"TRANS ISAAK TURISMO LTDA","76.664.986/0001-66","Sim","Sim","Nao",2022-02-26,2021-10-25,2019,"Executivo",47,47
3866404,76664986000166,"BEZ4804",5585855,2021-09-11 05:02:29,2021-09-11 23:31:23,1,-25.51732,-49.285972,0,"354330087273499","Nao",NA,"TRANS ISAAK TURISMO LTDA","76.664.986/0001-66","Sim","Sim","Nao",2021-12-11,2021-10-25,2017,"Executivo",28,28
3866405,76664986000166,"BEZ4810",5580143,2021-09-05 19:29:24,2021-09-06 00:36:26,0,-27.495827,-48.646564,0,"354330086950329","Nao",NA,"TRANS ISAAK TURISMO LTDA","76.664.986/0001-66","Nao","Sim","Nao",2022-02-15,2023-06-25,2017,"Executivo",28,28
3866406,76664986000166,"BEZ4810",5580143,2021-09-05 04:58:07,2021-09-05 17:31:47,1,0,0,0,"354330086950329","Nao",NA,"TRANS ISAAK TURISMO LTDA","76.664.986/0001-66","Nao","Sim","Nao",2022-02-15,2023-06-25,2017,"Executivo",28,28
3866407,76664986000166,"BEZ4810",5582800,2021-09-08 05:31:57,2021-09-08 09:39:35,1,-25.464892,-49.205862,0,"354330087081090","Nao",NA,"TRANS ISAAK TURISMO LTDA","76.664.986/0001-66","Nao","Sim","Nao",2022-02-15,2023-06-25,2017,"Executivo",28,28
3866431,9026330000120,"MQS2694",5581781,2021-09-05 12:44:40,2021-09-06 00:22:21,1,-20.8429145812988,-41.130012512207,0,"356524082640011","Nao",NA,"VIACAO SANTA CLARA TRANSPORTE E TURISMO LTDA - ME","09.026.330/0001-20","Nao","Sim","Nao",2022-01-07,2023-06-30,2007,"Executivo",41,41
3866433,80227796000159,"AYB9153",5577727,2021-09-07 10:23:48,2021-09-10 23:58:12,1,-25.0812466666667,-50.1681866666667,99.99,"357870095842592","Nao",NA,"EXPRESSO PRINCESA DOS CAMPOS SA","80.227.796/0001-59","Sim","Sim","Nao",2022-08-16,2022-09-07,2014,"Executivo",44,44
3866434,80227796000159,"AYC1695",5580655,2021-09-06 18:59:51,2021-09-07 10:57:11,0,-25.51650138,-54.58492067,99.99,"355673087613852","Nao",NA,"EXPRESSO PRINCESA DOS CAMPOS SA","80.227.796/0001-59","Sim","Sim","Nao",2022-05-20,2022-09-07,2014,"Executivo",44,44
3866435,80227796000159,"AYC1697",5577746,2021-09-07 11:52:20,2021-09-08 03:08:05,0,-29.36014786,-50.8185653,99.99,"354137072077052","Nao",NA,"EXPRESSO PRINCESA DOS CAMPOS SA","80.227.796/0001-59","Sim","Sim","Nao",2021-12-11,2022-09-07,2014,"Executivo",44,44
3866439,85167393000185,"FLZ8377",5582034,2021-09-05 17:55:33,2021-09-11 18:33:19,1,-26.3244648,-48.8585358,4.35,"868926031185348","Nao",NA,"TRANSALLES TRANSPORTADORA TURISTICA LTDA","85.167.393/0001-85","Nao","Sim","Nao",2021-09-10,2023-09-10,2013,"Executivo",50,50
3888323,20146015000170,"HDI7A63",5588275,2021-09-12 18:23:50,2021-09-13 02:28:03,1,-20.470572,-45.122626,0,"353305085457816","Nao",NA,"VIACAO SAO CRISTOVAO LIMITADA.","20.146.015/0001-70","Nao","Sim","Nao",2022-06-11,2023-06-03,2006,"Executivo",46,46
3888324,20146015000170,"HDI7A63",5589597,2021-09-14 18:17:43,2021-09-15 02:00:00,1,-20.470613,-45.122557,0,"353305085457816","Nao",NA,"VIACAO SAO CRISTOVAO LIMITADA.","20.146.015/0001-70","Nao","Sim","Nao",2022-06-11,2023-06-03,2006,"Executivo",46,46
3888325,20882498000170,"GEJ1J36",5590874,2021-09-16 17:29:12,2021-09-16 21:16:25,1,-22.8771667480469,-43.4461250305176,0,"356953086905502","Nao",NA,"TRANSVIPCAR TRANSPORTE LTDA","20.882.498/0001-70","Nao","Sim","Nao",2022-05-04,2023-11-22,2017,"Executivo",16,16
3888326,20882498000170,"GEJ1J36",5590899,2021-09-18 05:06:14,2021-09-18 08:59:51,1,-22.8541011810303,-43.3649864196777,0,"356953086905502","Nao",NA,"TRANSVIPCAR TRANSPORTE LTDA","20.882.498/0001-70","Nao","Sim","Nao",2022-05-04,2023-11-22,2017,"Executivo",16,16
3866270,41154643000177,"PLM5C18",5586511,2021-09-11 03:00:07,2021-09-11 07:35:13,1,-10.9166250228882,-37.0875816345215,0,"353594112613703","Nao",NA,"PINTO TOUR VIAGENS E TURISMO EIRELI","41.154.643/0001-77","Nao","Sim","Nao",2023-05-13,2023-07-08,2018,"Executivo",16,16
3866292,1031060000134,"PRK6608",5577583,2021-09-04 18:47:59,2021-09-05 05:59:54,0,-4.272942,-41.775872,0,"d21aa5487e098517","Nao",NA,"EXPRESSO SATELITE NORTE LTDA","01.031.060/0001-34","Sim","Sim","Nao",2022-07-12,2021-10-03,2017,"Executivo",45,45
3866312,3275430000104,"BEB9H57",5582029,2021-09-06 01:25:09,2021-09-08 18:39:38,1,-25.7030016,-49.3195489,3.84,"359552086659015","Nao",NA,"MCCM TRANSPORTES LTDA.","03.275.430/0001-04","Nao","Sim","Nao",2022-04-28,2024-04-20,2019,"Executivo",19,19
3866313,3275430000104,"BEL9H57",5585689,2021-09-11 10:12:00,2021-09-11 23:09:14,1,-25.515068,-49.2945474,3.9,"359552086659015","Nao",NA,"MCCM TRANSPORTES LTDA.","03.275.430/0001-04","Nao","Sim","Nao",2023-06-03,2024-04-20,2020,"Executivo",60,60
3866314,3456707000103,"QYA1772",5578710,2021-09-05 01:19:45,2021-09-05 14:32:22,1,-8.28296852111816,-35.9712219238281,0,"351798100036627","Nao",NA,"TRANSBRAZ LTDA EPP","03.456.707/0001-03","Sim","Sim","Nao",2022-09-13,2022-08-23,2019,"Executivo",52,52
3866315,3456707000103,"QYE7806",5584967,2021-09-09 23:45:05,2021-09-10 05:41:55,1,-8.33402824401855,-36.4197692871094,0,"351798100036627","Nao",NA,"TRANSBRAZ LTDA EPP","03.456.707/0001-03","Sim","Sim","Nao",2021-11-12,2021-10-14,2019,"Executivo",60,60
3866354,3724381000140,"MXD0G03",5582597,2021-09-07 22:36:39,2021-09-08 06:23:56,1,-22.8950271606445,-43.1874923706055,0,"350920332084032","Nao",NA,"GILTUR TRANSPORTES LTDA","03.724.381/0001-40","Nao","Sim","Nao",2022-06-25,2022-11-22,2010,"Executivo",42,42
3866355,4162704000111,"LVS5H97",5578992,2021-09-07 14:54:12,2021-09-08 08:23:11,1,-8.2178840637207,-35.6583595275879,0,"355374093656882","Nao",NA,"SILVA E BARROS LTDA","04.162.704/0001-11","Nao","Sim","Nao",2022-01-27,2023-11-08,2003,"Executivo",42,42
3866358,4429652000105,"KIK6216",5583105,2021-09-07 09:22:34,2021-09-07 12:23:59,1,-7.130111,-34.872011,0,"864893030281284","Nao",NA,"COOPERVANS COOPERATIVA DOS CONDUTORES AUTONOMOS DE TRANSPORTE COLETIVO DE PASSAGEIROS DO ESTADO DA PARAIBA","04.429.652/0001-05","Nao","Sim","Nao",2021-09-09,2023-08-24,2012,"Executivo",16,16
3866360,54449699000109,"ERN1229",5582437,2021-09-06 23:38:36,2021-09-08 03:25:59,1,-23.5366211,-46.4042473,2.1,"358222057502674","Nao",NA,"EMPRESA DE TURISMO RIO NEGRO LTDA","54.449.699/0001-09","Nao","Sim","Nao",2021-09-16,2023-09-03,2018,"Executivo",52,52
3866361,54449699000109,"ERN1738",5586229,2021-09-11 01:33:01,2021-09-13 02:03:26,1,-23.4417667,-46.3889732,2.1,"358222057501122","Nao",NA,"EMPRESA DE TURISMO RIO NEGRO LTDA","54.449.699/0001-09","Nao","Sim","Nao",2021-09-21,2023-09-03,2019,"Executivo",62,62
3866383,5233521000102,"AWW4388",5582591,2021-09-07 16:38:46,2021-09-08 18:13:53,1,0,0,0,"356496085496933","Nao",NA,"BRASIL SUL LINHAS RODOVIARIAS LTDA","05.233.521/0001-02","Sim","Sim","Nao",2021-11-17,2021-10-04,2012,"Executivo",44,44
3866384,5233521000102,"BAD6918",5582589,2021-09-07 16:51:55,2021-09-07 20:45:43,1,-27.602573,-48.592533,0,"353028105430817","Nao",NA,"BRASIL SUL LINHAS RODOVIARIAS LTDA","05.233.521/0001-02","Sim","Sim","Nao",2022-07-27,2021-10-04,2015,"Executivo",44,44
3866385,5233521000102,"BAY1588",5579834,2021-09-07 15:30:23,2021-09-08 05:05:45,0,-26.799566,-48.61444,0,"353456090994150","Nao",NA,"BRASIL SUL LINHAS RODOVIARIAS LTDA","05.233.521/0001-02","Sim","Sim","Nao",2022-09-16,2021-10-04,2015,"Executivo",46,46
3866386,5233521000102,"BBN6303",5582584,2021-09-06 19:01:35,2021-09-06 19:03:07,1,-23.433771,-51.891991,0,"352550117940195","Nao",NA,"EMPRESA PRINCESA DO IVAI LTDA","78.352.663/0001-62","Sim","Nao","Nao",2022-06-18,2022-02-27,2017,"Executivo",46,46
3866387,5233521000102,"BBT6819",5582512,2021-09-06 13:01:31,2021-09-07 11:28:06,1,0,0,0,"353456097025677","Nao",NA,"BRASIL SUL LINHAS RODOVIARIAS LTDA","05.233.521/0001-02","Sim","Sim","Nao",2022-01-14,2021-10-04,2017,"Executivo",44,44
3866388,5233521000102,"BBT6823",5582404,2021-09-06 21:32:28,2021-09-09 19:56:48,1,-23.313933,-51.152849,0,"353909111254756","Nao",NA,"BRASIL SUL LINHAS RODOVIARIAS LTDA","05.233.521/0001-02","Sim","Sim","Nao",2021-11-06,2021-10-04,2017,"Executivo",46,46
3866389,5233521000102,"BBT6825",5582388,2021-09-07 02:13:22,2021-09-07 12:38:36,1,-25.482393,-49.239296,0,"353456096850075","Nao",NA,"BRASIL SUL LINHAS RODOVIARIAS LTDA","05.233.521/0001-02","Sim","Sim","Nao",2022-01-11,2021-10-04,2017,"Executivo",44,44
3866390,5233521000102,"BCJ8417",5582768,2021-09-07 02:09:01,2021-09-07 12:29:32,1,-25.482672,-49.239084,0,"353028105417590","Nao",NA,"BRASIL SUL LINHAS RODOVIARIAS LTDA","05.233.521/0001-02","Sim","Sim","Nao",2022-08-25,2021-10-04,2018,"Executivo",44,44
3866391,5233521000102,"BDI8F83",5582394,2021-09-07 02:03:47,2021-09-07 20:12:20,1,-25.48252,-49.23314,0,"356496085513471","Nao",NA,"BRASIL SUL LINHAS RODOVIARIAS LTDA","05.233.521/0001-02","Sim","Sim","Nao",2022-09-10,2021-10-04,2019,"Semileito",44,44
3866397,76539600000194,"ABM5J08",5586593,2021-09-10 22:41:52,2021-09-11 05:50:03,1,-22.8516101837158,-43.0782089233398,0,"358692100798893","Nao",NA,"EMPRESA DE ONIBUS NOSSA SENHORA DA PENHA S/A","76.539.600/0001-94","Sim","Sim","Nao",2022-09-21,2021-10-30,2019,"Executivo",46,46
3866408,77578987000150,"AWA9I62",5577051,2021-09-07 12:25:00,2021-09-07 12:26:07,0,-22.827897,-42.187887,0,"3d4d6fd270bb38c1","Nao",NA,"MARLAC TURISMO LTDA","77.578.987/0001-50","Nao","Sim","Nao",2022-01-25,2023-11-23,2011,"Executivo",43,43
3866409,77578987000150,"AWC6F25",5578404,2021-09-07 06:32:30,2021-09-07 14:48:08,1,-25.464025,-49.535248,0,"ebd732419058ac81","Nao",NA,"MARLAC TURISMO LTDA","77.578.987/0001-50","Nao","Sim","Nao",2021-11-04,2021-11-23,2012,"Executivo",48,48
3866410,77578987000150,"AWC6F25",5585525,2021-09-11 05:02:48,2021-09-12 17:00:25,1,-25.474915,-49.261317,0,"afad3878890dd771","Nao",NA,"MARLAC TURISMO LTDA","77.578.987/0001-50","Nao","Sim","Nao",2021-11-04,2021-11-23,2012,"Executivo",48,48
3866411,77578987000150,"BEV2A27",5577734,2021-09-06 14:04:05,2021-09-07 04:29:29,0,-20.699824,-46.362575,0,"afad3878890dd771","Nao",NA,"MARLAC TURISMO LTDA","77.578.987/0001-50","Nao","Sim","Nao",2022-04-13,2023-06-24,2019,"Executivo",45,45
3866423,6789401000159,"ODO5428",5587400,2021-09-11 22:37:06,2021-09-12 11:56:14,1,-19.9374179840088,-43.9281730651855,0,"353690107290265","Nao",NA,"LINHARES HOTEL E TURISMO LTDA","06.789.401/0001-59","Sim","Sim","Nao",2022-07-06,2021-11-12,2012,"Executivo",56,56
3866424,6789401000159,"ODR8153",5584005,2021-09-08 20:00:08,2021-09-09 09:11:56,1,-19.8996772766113,-43.8930587768555,0,"353690107290505","Nao",NA,"LINHARES HOTEL E TURISMO LTDA","06.789.401/0001-59","Sim","Sim","Nao",2022-02-18,2021-11-12,2012,"Executivo",44,44
3866425,6789401000159,"OYD8660",5587430,2021-09-11 22:33:00,2021-09-12 11:45:16,1,-19.8829822540283,-43.8582992553711,0,"353690107290257","Nao",NA,"LINHARES HOTEL E TURISMO LTDA","06.789.401/0001-59","Sim","Sim","Nao",2022-02-19,2021-11-12,2013,"Executivo",56,56
3866426,6789401000159,"RFC1J30",5582974,2021-09-06 20:04:38,2021-09-07 07:00:26,1,-19.4569034576416,-44.2464141845703,0,"358974068844491","Nao",NA,"LINHARES HOTEL E TURISMO LTDA","06.789.401/0001-59","Sim","Sim","Nao",2022-02-25,2021-11-12,2019,"Executivo",45,45
3866427,6789401000159,"RFC1J34",5582599,2021-09-06 16:39:50,2021-09-07 05:14:56,1,-19.4568920135498,-44.2464790344238,0,"353690107290265","Nao",NA,"LINHARES HOTEL E TURISMO LTDA","06.789.401/0001-59","Sim","Sim","Nao",2022-08-30,2021-11-12,2019,"Executivo",45,45
3866428,7175375000131,"POU3739",5585992,2021-09-10 18:23:02,2021-09-11 07:30:21,1,-7.23141098022461,-39.3201637268066,0,"353783108840897","Nao",NA,"VIACAO PERNAMBUCANA TRANSPORTE E TURISMO LTDA","07.175.375/0001-31","Sim","Sim","Nao",2021-09-15,2023-08-19,2017,"Executivo",48,48
3866429,7242418000154,"AQS3991",5581382,2021-09-04 20:06:08,2021-09-16 16:30:42,1,-13.1877565383911,-60.8063697814941,0,"352234675589773","Nao",NA,"MATIAS & TEIXEIRA TRANSPORTES E TURISMOS LTDA","07.242.418/0001-54","Nao","Sim","Nao",2022-05-05,2023-05-10,2008,"Executivo",46,46
3866432,9094952000196,"DVB1459",5585798,2021-09-11 00:31:12,2021-09-11 21:12:31,1,-22.894382,-47.02664,0,"356429071420146","Nao",NA,"FAVI AUTO VIACAO LTDA","09.094.952/0001-96","Nao","Sim","Nao",2022-06-23,2023-07-01,2018,"Executivo",48,48
3866437,83742338000146,"BDQ1G18",5579857,2021-09-05 23:05:00,2021-09-06 08:29:32,0,0,0,0,"358318079377416","Nao",NA,"RIMATUR TRANSPORTES LTDA","83.742.338/0001-46","Nao","Sim","Nao",2022-11-09,2023-09-05,2019,"Executivo",46,46
3866461,10632539000117,"HWM0519",5581252,2021-09-05 10:52:47,2021-09-06 07:28:09,1,-7.12117333333333,-34.977755,1.3,"bdd84f8873b39444","Nao",NA,"CF TRANSPORTES LTDA - ME","10.632.539/0001-17","Nao","Sim","Nao",2021-09-09,2023-10-06,2003,"Executivo",50,50
3866462,10632539000117,"HWM0519",5582896,2021-09-07 00:42:24,2021-09-07 22:33:02,1,-7.1500369,-34.9235017,1.3,"b8cbd8a341ccf7ec","Nao",NA,"CF TRANSPORTES LTDA - ME","10.632.539/0001-17","Nao","Sim","Nao",2021-09-09,2023-10-06,2003,"Executivo",50,50
3866463,10632539000117,"HWV8F04",5579650,2021-09-05 04:48:21,2021-09-05 19:17:38,1,-7.12115685,-34.9758445,1.3,"b426bfe2bc6b5439","Nao",NA,"CF TRANSPORTES LTDA - ME","10.632.539/0001-17","Nao","Sim","Nao",2021-09-14,2023-10-06,2008,"Executivo",46,46
3866464,10632539000117,"HWV8F04",5584081,2021-09-09 14:10:30,2021-09-10 01:44:58,1,-7.12809098884463,-34.8600643035024,1.3,"b8cbd8a341ccf7ec","Nao",NA,"CF TRANSPORTES LTDA - ME","10.632.539/0001-17","Nao","Sim","Nao",2021-09-14,2023-10-06,2008,"Executivo",46,46
3866465,10632539000117,"HWV8F44",5583045,2021-09-07 04:06:14,2021-09-07 20:51:03,1,-7.16528333333333,-34.9756216666667,1.3,"bdd84f8873b39444","Nao",NA,"CF TRANSPORTES LTDA - ME","10.632.539/0001-17","Nao","Sim","Nao",2021-09-14,2023-10-06,2008,"Executivo",46,46
3866466,10632539000117,"KJD3707",5582878,2021-09-07 05:51:25,2021-09-07 18:21:35,1,-6.62753976,-35.12627169,1.3,"b426bfe2bc6b5439","Nao",NA,NA,NA,NA,NA,NA,NA,NA,NA,NA,NA,NA
3866467,10632539000117,"KJD3707",5587342,2021-09-11 23:52:44,2021-09-12 22:49:10,1,-7.1519786,-34.9748154,1.3,"b8cbd8a341ccf7ec","Nao",NA,NA,NA,NA,NA,NA,NA,NA,NA,NA,NA,NA
3866468,10895377000100,"AHQ2484",5582732,2021-09-06 21:56:24,2021-09-07 17:33:48,1,-24.9628009796143,-48.4128608703613,0,"353303081652399","Nao",NA,"FW E CRW VIAGENS E TURISMO LTDA","10.895.377/0001-00","Nao","Sim","Nao",2021-12-08,2023-10-04,1997,"Executivo",28,28
3866469,10895377000100,"ANS3B05",5582833,2021-09-06 22:15:57,2021-09-08 02:39:50,1,-25.4248943328857,-49.215705871582,0,"359539092276058","Nao",NA,"FW E CRW VIAGENS E TURISMO LTDA","10.895.377/0001-00","Nao","Sim","Nao",2022-02-17,2023-08-18,2005,"Executivo",44,44
3866473,11137897000116,"PEE4609",5583253,2021-09-07 05:49:51,2021-09-07 09:07:50,1,-8.09985256195068,-34.8886260986328,0,"358581624186299","Nao",NA,"V. V. S. VIAGENS, TURISMO E RECEPTIVOS LTDA","11.137.897/0001-16","Nao","Sim","Nao",2022-04-25,2023-10-26,2011,"Executivo",32,32
3866474,11137897000116,"PEE4609",5585112,2021-09-10 05:55:01,2021-09-10 09:11:42,1,-8.09147262573242,-34.8821563720703,0,"358581624186299","Nao",NA,"V. V. S. VIAGENS, TURISMO E RECEPTIVOS LTDA","11.137.897/0001-16","Nao","Sim","Nao",2022-04-25,2023-10-26,2011,"Executivo",32,32
3888198,2109322000107,"IXW1388",5588705,2021-09-14 02:46:24,2021-09-17 14:47:45,1,-31.3384133,-54.10689,3.9,"356626072456454","Nao",NA,"KOPERECK VIAGENS E TURISMO LTDA","02.109.322/0001-07","Nao","Sim","Nao",2024-01-04,2023-08-27,2016,"Executivo",39,39
3888199,2109322000107,"IZS8G06",5589912,2021-09-16 21:48:28,2021-09-20 22:06:20,1,-31.2738068,-52.0056438,3.9,"356626072456256","Nao",NA,"KOPERECK VIAGENS E TURISMO LTDA","02.109.322/0001-07","Nao","Sim","Nao",2023-12-28,2023-08-27,2019,"Executivo",26,26
3888202,3264460000115,"OND6474",5585105,2021-09-12 14:01:38,2021-09-13 09:16:34,0,-23.5489309,-46.6206917,6,"356160086112143","Nao",NA,"BRASIL TURISMO E FRETAMENTO LTDA","03.264.460/0001-15","Nao","Sim","Nao",2022-01-29,2021-10-04,2013,"Executivo",57,57
3888203,3264460000115,"OND6474",5589659,2021-09-15 13:29:19,2021-09-16 06:46:59,1,-16.6525755,-49.1533606,6,"356160086112143","Nao",NA,"BRASIL TURISMO E FRETAMENTO LTDA","03.264.460/0001-15","Nao","Sim","Nao",2022-01-29,2021-10-04,2013,"Executivo",57,57
3888204,3264460000115,"PRJ9002",5584852,2021-09-14 15:22:41,2021-09-15 10:45:17,0,0,0,6,"356160086131747","Nao",NA,"BRASIL TURISMO E FRETAMENTO LTDA","03.264.460/0001-15","Nao","Sim","Nao",2023-03-19,2024-01-23,2018,"Executivo",63,63
3888205,3264460000115,"PRT8962",5577341,2021-09-08 12:49:49,2021-09-09 18:02:14,0,0,0,6,"356160086498120","Nao",NA,"BRASIL TURISMO E FRETAMENTO LTDA","03.264.460/0001-15","Nao","Sim","Nao",2023-03-18,2024-01-23,2018,"Executivo",61,61
3888217,4471555000172,"MFO6618",5590858,2021-09-17 18:42:16,2021-09-18 07:03:45,1,-30.0495414733887,-52.9069976806641,0,"354154105921131","Nao",NA,"AUE TUR TRANSPORTES E TURISMO LTDA","04.471.555/0001-72","Nao","Sim","Nao",2021-09-29,2023-12-07,2007,"Executivo",46,46
3888250,7661783000101,"LMO2401",5588978,2021-09-14 06:27:59,2021-09-17 13:01:23,1,-22.9288482666016,-43.354679107666,0,"352234672563433","Nao",NA,"AGC RIO FRETAMENTO E TURISMO LTDA","07.661.783/0001-01","Nao","Sim","Nao",2023-08-04,2023-09-03,2018,"Executivo",48,48
3888251,7661783000101,"LRS8900",5591312,2021-09-17 08:33:37,2021-09-17 16:12:31,1,-22.8237152099609,-43.309398651123,0,"865262048708879","Nao",NA,"AGC RIO FRETAMENTO E TURISMO LTDA","07.661.783/0001-01","Nao","Sim","Nao",2022-11-10,2022-10-14,2014,"Executivo",29,29
3888278,12382025000186,"LRJ3I99",5587064,2021-09-12 18:12:23,2021-09-12 19:59:15,0,-22.8555450439453,-45.2330741882324,1.7,"353756081438665","Nao",NA,"MO D'MARY LOCACAO DE VEICULOS E COMERCIO DE BOLSAS LTDA","12.382.025/0001-86","Nao","Sim","Nao",2021-11-04,2023-11-09,2018,"Executivo",16,16
3888279,12382025000186,"LRJ3I99",5587064,2021-09-12 07:49:16,2021-09-12 10:18:39,1,-22.5133533477783,-44.1904945373535,2.7,"353756081438665","Nao",NA,"MO D'MARY LOCACAO DE VEICULOS E COMERCIO DE BOLSAS LTDA","12.382.025/0001-86","Nao","Sim","Nao",2021-11-04,2023-11-09,2018,"Executivo",16,16
3888281,13248388000196,"BAG2179",5587534,2021-09-12 04:23:38,2021-09-12 15:31:34,1,-21.3150972,-46.73427459,1.3,"f0e3ff4e654a9095","Nao",NA,"RAFAEL JOSE GODOI EIRELI - ME","13.248.388/0001-96","Nao","Sim","Nao",2022-08-18,2023-07-26,2015,"Executivo",19,19
3888282,13248388000196,"BAG2179",5587541,2021-09-13 06:10:18,2021-09-13 09:55:32,1,-21.2995325,-46.72640522,1.3,"f0e3ff4e654a9095","Nao",NA,"RAFAEL JOSE GODOI EIRELI - ME","13.248.388/0001-96","Nao","Sim","Nao",2022-08-18,2023-07-26,2015,"Executivo",19,19
3888283,13681547000141,"DBB6340",5591483,2021-09-18 20:30:47,2021-09-19 22:34:53,1,-21.30068521,-46.79468392,1.3,"ebb27dc1d5275462","Nao",NA,NA,NA,NA,NA,NA,NA,NA,NA,NA,NA,NA
3888284,13681547000141,"EZC8204",5593002,2021-09-17 19:04:38,2021-09-18 01:47:39,1,-21.31338003,-46.70713351,1.3,"5ff36aa59af79e39","Nao",NA,"DANIEL DONIZETE BAUTISTA EIRELI","13.681.547/0001-41","Nao","Sim","Nao",2023-06-27,2023-07-21,2011,"Executivo",19,19
3888354,27488725000127,"PPX9938",5590748,2021-09-17 06:29:17,2021-09-17 15:35:15,1,-20.296973,-40.317157,0,"355645089142684","Nao",NA,"VIACAO PRETTI LTDA","27.488.725/0001-27","Nao","Sim","Nao",2022-03-03,2023-10-04,2018,"Executivo",46,46
3888355,27488725000127,"PPZ3022",5584540,2021-09-13 17:34:53,2021-09-13 21:59:01,0,-19.624055,-43.226357,0,"355645089926599","Nao",NA,"VIACAO PRETTI LTDA","27.488.725/0001-27","Sim","Sim","Nao",2022-07-14,2021-10-04,2018,"Executivo",48,48
3888357,28964438000109,"BDI2B99",5589083,2021-09-14 16:16:03,2021-09-16 02:49:35,1,-25.8864574432373,-48.5765762329102,0,"352108090853636","Nao",NA,"G A BARBOSA JUNIOR EIRELI","28.964.438/0001-09","Nao","Sim","Nao",2022-07-01,2023-07-11,2019,"Executivo",16,16
3888358,29513254000195,"IMY5000",5589289,2021-09-14 15:46:52,2021-09-14 21:48:38,1,-27.2420807,-48.6306953,4.35,"862631032138249","Nao",NA,"M & F TRANSPORTES E EXCURSOES EIRELI","29.513.254/0001-95","Nao","Sim","Nao",2022-06-09,2023-06-26,2004,"Executivo",28,28
3888359,29513254000195,"IOM9A93",5588091,2021-09-13 15:55:16,2021-09-14 10:32:32,0,-23.5310764,-46.6197929,4.35,"865473038946755","Nao",NA,"M & F TRANSPORTES E EXCURSOES EIRELI","29.513.254/0001-95","Nao","Sim","Nao",2022-03-19,2022-03-14,2007,"Executivo",28,28
3888360,29513254000195,"IOM9A93",5588091,2021-09-12 14:04:47,2021-09-12 21:39:10,1,-27.6767597,-48.6848793,4.35,"865473038946755","Nao",NA,"M & F TRANSPORTES E EXCURSOES EIRELI","29.513.254/0001-95","Nao","Sim","Nao",2022-03-19,2022-03-14,2007,"Executivo",28,28
3888367,32285454000142,"FXL9258",5587469,2021-09-12 16:22:04,2021-09-13 20:55:08,1,-22.5077457427979,-43.1765899658203,0,"352997103467917","Nao",NA,"VIACAO SALUTARIS E TURISMO SA","32.285.454/0001-42","Sim","Sim","Nao",2022-05-17,2022-08-07,2018,"Executivo",43,43
3888368,32285454000142,"FXL9258",5589455,2021-09-14 17:48:55,2021-09-15 23:33:09,1,-22.1335678100586,-43.2477874755859,0,"352997102104313","Nao",NA,"VIACAO SALUTARIS E TURISMO SA","32.285.454/0001-42","Sim","Sim","Nao",2022-05-17,2022-08-07,2018,"Executivo",43,43
3888369,32285454000142,"RCR7J93",5591330,2021-09-18 09:00:10,2021-09-19 19:29:25,1,-21.133171081543,-44.2580070495605,0,"352997103454808","Nao",NA,"VIACAO SALUTARIS E TURISMO SA","32.285.454/0001-42","Sim","Sim","Nao",2022-03-25,2022-08-07,2019,"Executivo",43,43
3888391,39642566000152,"IMD2I54",5585560,2021-09-18 08:03:26,2021-09-19 15:40:41,1,-28.6771831512451,-49.3663139343262,0,"356361080763630","Nao",NA,"AGENCIA DE VIAGENS REALTUR LTDA.","39.642.566/0001-52","Nao","Sim","Nao",2022-02-11,2024-04-24,2004,"Executivo",26,26
3888392,39642566000152,"JQZ1C12",5590036,2021-09-15 13:57:02,2021-09-16 02:35:59,1,-20.8446369171143,-41.1270790100098,0,"357208079123228","Nao",NA,"AGENCIA DE VIAGENS REALTUR LTDA.","39.642.566/0001-52","Nao","Sim","Nao",2022-01-08,2023-10-13,2004,"Executivo",27,27
3888393,39642566000152,"PPD8842",5589364,2021-09-14 18:06:14,2021-09-15 05:04:04,1,-20.8437156677246,-41.1267509460449,0,"356361080752047","Nao",NA,"AGENCIA DE VIAGENS REALTUR LTDA.","39.642.566/0001-52","Nao","Sim","Nao",2022-07-29,2023-10-13,2015,"Executivo",56,56
3888394,39642566000152,"QRG5J35",5588636,2021-09-13 15:10:06,2021-09-15 15:05:11,1,-21.2265586853027,-41.3118286132813,0,"357459107497841","Nao",NA,"AGENCIA DE VIAGENS REALTUR LTDA.","39.642.566/0001-52","Nao","Sim","Nao",2021-12-03,2023-10-13,2019,"Executivo",55,55
3888395,39642566000152,"QRG5J35",5592988,2021-09-18 05:08:47,2021-09-18 11:21:05,1,-20.8437652587891,-41.1266326904297,0,"357208079123228","Nao",NA,"AGENCIA DE VIAGENS REALTUR LTDA.","39.642.566/0001-52","Nao","Sim","Nao",2021-12-03,2023-10-13,2019,"Executivo",55,55
3888396,47202007000150,"BJU2600",5590944,2021-09-16 22:40:02,2021-09-18 10:21:31,1,-23.517355,-46.6261711,2.1,"358222057504159","Nao",NA,"TRANSPORTADORA TURISTICA NATAL LTDA","47.202.007/0001-50","Nao","Sim","Nao",2023-07-26,2023-06-08,2018,"Executivo",48,48
3888397,47202007000150,"CRK8189",5587331,2021-09-12 17:11:13,2021-09-13 09:47:45,1,-23.5365372,-46.6341553,2.1,"358229071451457","Nao",NA,"TRANSPORTADORA TURISTICA NATAL LTDA","47.202.007/0001-50","Nao","Sim","Nao",2023-12-01,2023-06-08,2019,"Convencional",58,58
3888398,47202007000150,"CRK8189",5589278,2021-09-14 17:58:06,2021-09-15 10:37:10,1,-23.5173397,-46.6257935,2.1,"358229071451457","Nao",NA,"TRANSPORTADORA TURISTICA NATAL LTDA","47.202.007/0001-50","Nao","Sim","Nao",2023-12-01,2023-06-08,2019,"Convencional",58,58
3888399,47202007000150,"CRK8189",5589906,2021-09-15 18:13:41,2021-09-16 10:14:03,1,-23.5228634,-46.6299133,2.1,"358229071451457","Nao",NA,"TRANSPORTADORA TURISTICA NATAL LTDA","47.202.007/0001-50","Nao","Sim","Nao",2023-12-01,2023-06-08,2019,"Convencional",58,58
3888400,47202007000150,"CRK8189",5590775,2021-09-16 18:22:52,2021-09-17 09:41:57,1,-23.5228939,-46.6302567,2.1,"358229071451457","Nao",NA,"TRANSPORTADORA TURISTICA NATAL LTDA","47.202.007/0001-50","Nao","Sim","Nao",2023-12-01,2023-06-08,2019,"Convencional",58,58
3888401,47202007000150,"CRK8189",5591852,2021-09-17 18:17:56,2021-09-18 09:30:38,1,-23.5228901,-46.6302414,2.1,"358229071451457","Nao",NA,"TRANSPORTADORA TURISTICA NATAL LTDA","47.202.007/0001-50","Nao","Sim","Nao",2023-12-01,2023-06-08,2019,"Convencional",58,58
3888402,47202007000150,"DEU3800",5588787,2021-09-14 02:35:40,2021-09-15 09:15:55,1,-23.5173302,-46.6261749,2.1,"358222057381426","Nao",NA,"TRANSPORTADORA TURISTICA NATAL LTDA","47.202.007/0001-50","Nao","Sim","Nao",2021-09-10,2023-06-08,2019,"Executivo",62,62
3888403,47202007000150,"DIM8981",5587215,2021-09-12 04:01:11,2021-09-13 03:43:20,1,-23.5173645,-46.6275673,2.1,"358222057117796","Nao",NA,"TRANSPORTADORA TURISTICA NATAL LTDA","47.202.007/0001-50","Nao","Sim","Nao",2021-12-15,2023-06-08,2019,"Executivo",58,58
3888404,47202007000150,"DIM8981",5587364,2021-09-13 03:43:20,2021-09-15 00:52:32,1,-23.5166416,-46.6273537,2.1,"358222057117796","Nao",NA,"TRANSPORTADORA TURISTICA NATAL LTDA","47.202.007/0001-50","Nao","Sim","Nao",2021-12-15,2023-06-08,2019,"Executivo",58,58
3888405,47202007000150,"DIM8981",5590083,2021-09-16 03:38:34,2021-09-17 01:11:28,1,-23.5173416,-46.6278114,2.1,"358222057117796","Nao",NA,"TRANSPORTADORA TURISTICA NATAL LTDA","47.202.007/0001-50","Nao","Sim","Nao",2021-12-15,2023-06-08,2019,"Executivo",58,58
3888406,47202007000150,"DIM8981",5591084,2021-09-17 03:45:15,2021-09-18 01:13:50,1,-23.5174408,-46.6262321,2.1,"358222057117796","Nao",NA,"TRANSPORTADORA TURISTICA NATAL LTDA","47.202.007/0001-50","Nao","Sim","Nao",2021-12-15,2023-06-08,2019,"Executivo",58,58
3888407,47202007000150,"DIM8981",5592418,2021-09-18 04:03:59,2021-09-19 00:43:40,1,-23.5183277,-46.6301575,2.1,"358222057117796","Nao",NA,"TRANSPORTADORA TURISTICA NATAL LTDA","47.202.007/0001-50","Nao","Sim","Nao",2021-12-15,2023-06-08,2019,"Executivo",58,58
3888408,47202007000150,"EKU3003",5590096,2021-09-16 00:55:09,2021-09-20 01:10:37,1,-23.5193996,-46.1899414,2.1,"358222057381152","Nao",NA,"TRANSPORTADORA TURISTICA NATAL LTDA","47.202.007/0001-50","Nao","Sim","Nao",2022-01-27,2023-06-08,2018,"Executivo",63,63
3888409,47202007000150,"GGU9193",5589420,2021-09-15 03:36:38,2021-09-16 01:26:03,1,-23.5174427,-46.6262169,2.1,"358222058549914","Nao",NA,"TRANSPORTADORA TURISTICA NATAL LTDA","47.202.007/0001-50","Nao","Sim","Nao",2021-10-20,2023-06-08,2019,"Executivo",47,47
3888410,47202007000150,"GGU9193",5590981,2021-09-17 00:36:55,2021-09-18 08:50:10,1,-23.517252,-46.6278076,2.1,"358222058549914","Nao",NA,"TRANSPORTADORA TURISTICA NATAL LTDA","47.202.007/0001-50","Nao","Sim","Nao",2021-10-20,2023-06-08,2019,"Executivo",47,47
3888411,47202007000150,"JHX2353",5590930,2021-09-16 22:40:36,2021-09-17 15:14:50,1,-23.5133476,-46.6163177,2.1,"358222057119818","Nao",NA,"TRANSPORTADORA TURISTICA NATAL LTDA","47.202.007/0001-50","Nao","Sim","Nao",2023-07-28,2023-06-08,2009,"Executivo",42,42
3888412,47202007000150,"JHX2353",5592067,2021-09-17 21:07:06,2021-09-20 02:11:31,1,-23.5172825,-46.6262093,2.1,"358222057119818","Nao",NA,"TRANSPORTADORA TURISTICA NATAL LTDA","47.202.007/0001-50","Nao","Sim","Nao",2023-07-28,2023-06-08,2009,"Executivo",42,42
3888413,47376389000138,"BNM6098",5585414,2021-09-12 17:18:33,2021-09-13 02:29:19,1,-22.9618243,-44.2980321,104,"354140099187458","Nao",NA,"VIACAO SAFIRA LTDA.","47.376.389/0001-38","Nao","Sim","Nao",2023-01-11,2023-06-28,2019,"Executivo",47,47
3888414,47376389000138,"FYB0727",5585371,2021-09-12 00:01:41,2021-09-13 10:45:25,1,-23.5154418945313,-46.6248779296875,0,"359573087403872","Nao",NA,"VIACAO SAFIRA LTDA.","47.376.389/0001-38","Nao","Sim","Nao",2023-03-03,2023-06-28,2018,"Executivo",47,47
3888428,64758998000170,"FDS7480",5584609,2021-09-12 11:01:24,2021-09-15 20:56:11,1,-23.5382557,-46.5632172,2.1,"358222057182998","Nao",NA,"LOPES TRANSPORTADORA TURISTICA LTDA","64.758.998/0001-70","Nao","Sim","Nao",2022-08-24,2023-07-02,2015,"Executivo",50,50
3888429,64758998000170,"JHX0523",5593553,2021-09-18 03:41:13,2021-09-20 08:43:03,1,-23.5174274,-46.6276093,2.1,"358222057426783","Nao",NA,"LOPES TRANSPORTADORA TURISTICA LTDA","64.758.998/0001-70","Nao","Sim","Nao",2023-08-16,2023-07-02,2009,"Executivo",46,46
3888430,64758998000170,"LQA4844",5586951,2021-09-12 03:15:29,2021-09-13 00:42:34,1,-23.5398331,-46.5768356,2.1,"358229070654788","Nao",NA,"LOPES TRANSPORTADORA TURISTICA LTDA","64.758.998/0001-70","Nao","Sim","Nao",2022-08-19,2023-07-02,2011,"Executivo",46,46
3888431,64758998000170,"LQA4844",5591230,2021-09-18 02:07:34,2021-09-19 21:07:16,1,-23.3503838,-46.79702,2.1,"358229070654788","Nao",NA,"LOPES TRANSPORTADORA TURISTICA LTDA","64.758.998/0001-70","Nao","Sim","Nao",2022-08-19,2023-07-02,2011,"Executivo",46,46
3866265,39642566000152,"JQZ1C12",5576916,2021-09-01 14:23:59,2021-09-09 13:31:20,1,-22.5570659637451,-44.853816986084,0,"357208079123228","Nao",NA,"AGENCIA DE VIAGENS REALTUR LTDA.","39.642.566/0001-52","Nao","Sim","Nao",2022-01-08,2023-10-13,2004,"Executivo",27,27
3866266,39642566000152,"PPD8842",5580129,2021-09-06 19:57:00,2021-09-07 07:15:40,1,-22.7590999603271,-45.1165428161621,0,"356361080752047","Nao",NA,"AGENCIA DE VIAGENS REALTUR LTDA.","39.642.566/0001-52","Nao","Sim","Nao",2022-07-29,2023-10-13,2015,"Executivo",56,56
3866267,39642566000152,"PPD8842",5583970,2021-09-09 01:53:41,2021-09-09 17:33:57,1,-20.30712890625,-40.5821418762207,0,"356361080752047","Nao",NA,"AGENCIA DE VIAGENS REALTUR LTDA.","39.642.566/0001-52","Nao","Sim","Nao",2022-07-29,2023-10-13,2015,"Executivo",56,56
3866268,39642566000152,"QRG5J35",5584388,2021-09-09 13:14:54,2021-09-10 10:43:52,1,-20.7486591339111,-41.4735641479492,0,"357459107497841","Nao",NA,"AGENCIA DE VIAGENS REALTUR LTDA.","39.642.566/0001-52","Nao","Sim","Nao",2021-12-03,2023-10-13,2019,"Executivo",55,55
3866271,47202007000150,"BJU2600",5581053,2021-09-05 04:04:57,2021-09-06 00:42:14,1,-23.5173836,-46.6261215,2.1,"358222057504159","Nao",NA,"TRANSPORTADORA TURISTICA NATAL LTDA","47.202.007/0001-50","Nao","Sim","Nao",2023-07-26,2023-06-08,2018,"Executivo",48,48
3866272,47202007000150,"BJU2600",5582653,2021-09-07 03:35:44,2021-09-08 00:47:38,1,-23.5175228,-46.6262283,2.1,"358222057504159","Nao",NA,"TRANSPORTADORA TURISTICA NATAL LTDA","47.202.007/0001-50","Nao","Sim","Nao",2023-07-26,2023-06-08,2018,"Executivo",48,48
3866273,47202007000150,"BJU2600",5582760,2021-09-08 03:34:46,2021-09-09 00:50:05,1,-23.5173416,-46.6261864,2.1,"358222057504159","Nao",NA,"TRANSPORTADORA TURISTICA NATAL LTDA","47.202.007/0001-50","Nao","Sim","Nao",2023-07-26,2023-06-08,2018,"Executivo",48,48
3866274,47202007000150,"BJU2600",5584484,2021-09-09 22:09:35,2021-09-11 10:26:36,1,-23.5173645,-46.6276779,2.1,"358222057504159","Nao",NA,"TRANSPORTADORA TURISTICA NATAL LTDA","47.202.007/0001-50","Nao","Sim","Nao",2023-07-26,2023-06-08,2018,"Executivo",48,48
3866295,47202007000150,"CRK8189",5581076,2021-09-05 18:08:41,2021-09-06 10:09:46,1,-23.5176487,-46.6271019,2.1,"358229071451457","Nao",NA,"TRANSPORTADORA TURISTICA NATAL LTDA","47.202.007/0001-50","Nao","Sim","Nao",2023-12-01,2023-06-08,2019,"Convencional",58,58
3866296,47202007000150,"CRK8189",5584425,2021-09-09 18:05:56,2021-09-10 10:31:09,1,-23.5172787,-46.6261177,2.1,"358229071451457","Nao",NA,"TRANSPORTADORA TURISTICA NATAL LTDA","47.202.007/0001-50","Nao","Sim","Nao",2023-12-01,2023-06-08,2019,"Convencional",58,58
3866297,47202007000150,"CRK8189",5584653,2021-09-10 10:51:56,2021-09-11 09:43:39,1,-23.5177212,-46.6265984,2.1,"358229071451457","Nao",NA,"TRANSPORTADORA TURISTICA NATAL LTDA","47.202.007/0001-50","Nao","Sim","Nao",2023-12-01,2023-06-08,2019,"Convencional",58,58
3866298,47202007000150,"CRK8189",5586153,2021-09-11 18:16:27,2021-09-12 09:56:30,1,-23.5228901,-46.6300735,2.1,"358229071451457","Nao",NA,"TRANSPORTADORA TURISTICA NATAL LTDA","47.202.007/0001-50","Nao","Sim","Nao",2023-12-01,2023-06-08,2019,"Convencional",58,58
3866299,47202007000150,"DEU3800",5584042,2021-09-09 02:39:27,2021-09-10 09:06:05,1,-23.5182095,-46.6283493,2.1,"358222057381426","Nao",NA,"TRANSPORTADORA TURISTICA NATAL LTDA","47.202.007/0001-50","Nao","Sim","Nao",2021-09-10,2023-06-08,2019,"Executivo",62,62
3866300,47202007000150,"DEU3800",5586690,2021-09-11 02:40:01,2021-09-13 08:46:51,1,-23.5175781,-46.6272697,2.1,"358222057381426","Nao",NA,"TRANSPORTADORA TURISTICA NATAL LTDA","47.202.007/0001-50","Nao","Sim","Nao",2021-09-10,2023-06-08,2019,"Executivo",62,62
3866308,3264460000115,"OND6474",5585105,2021-09-10 12:17:45,2021-09-11 11:55:23,1,0,0,6,"356160086112143","Nao",NA,"BRASIL TURISMO E FRETAMENTO LTDA","03.264.460/0001-15","Nao","Sim","Nao",2022-01-29,2021-10-04,2013,"Executivo",57,57
3866309,3264460000115,"OOC2201",5575893,2021-09-08 16:47:49,2021-09-09 13:22:40,0,-23.5313866,-45.2242875,6,"356160086468321","Nao",NA,"BRASIL TURISMO E FRETAMENTO LTDA","03.264.460/0001-15","Nao","Sim","Nao",2022-05-13,2023-10-04,2014,"Executivo",48,48
3866310,3264460000115,"PRJ9002",5584852,2021-09-10 16:04:42,2021-09-11 09:30:34,1,-16.6382622,-49.3008688,6,"356160086131747","Nao",NA,"BRASIL TURISMO E FRETAMENTO LTDA","03.264.460/0001-15","Nao","Sim","Nao",2023-03-19,2024-01-23,2018,"Executivo",63,63
3866311,3264460000115,"PRJ9002",5582720,2021-09-06 16:14:19,2021-09-07 12:04:16,1,0,0,6,"356160086131747","Nao",NA,"BRASIL TURISMO E FRETAMENTO LTDA","03.264.460/0001-15","Nao","Sim","Nao",2023-03-19,2024-01-23,2018,"Executivo",63,63
3866316,47202007000150,"DIM8981",5581123,2021-09-05 22:10:47,2021-09-07 10:42:05,1,-23.5169239,-46.6275406,2.1,"358222057117796","Nao",NA,"TRANSPORTADORA TURISTICA NATAL LTDA","47.202.007/0001-50","Nao","Sim","Nao",2021-12-15,2023-06-08,2019,"Executivo",58,58
3866317,47202007000150,"DIM8981",5584065,2021-09-09 03:38:25,2021-09-10 00:58:26,1,-23.5174541,-46.6275673,2.1,"358222057117796","Nao",NA,"TRANSPORTADORA TURISTICA NATAL LTDA","47.202.007/0001-50","Nao","Sim","Nao",2021-12-15,2023-06-08,2019,"Executivo",58,58
3866318,47202007000150,"DIM8981",5585294,2021-09-11 01:48:55,2021-09-12 04:01:11,1,-23.5172443,-46.6277771,2.1,"358222057117796","Nao",NA,"TRANSPORTADORA TURISTICA NATAL LTDA","47.202.007/0001-50","Nao","Sim","Nao",2021-12-15,2023-06-08,2019,"Executivo",58,58
3866319,47202007000150,"DIM8981",5585625,2021-09-11 03:54:55,2021-09-12 04:01:11,1,-23.5175896,-46.6263962,2.1,"358222057117796","Nao",NA,"TRANSPORTADORA TURISTICA NATAL LTDA","47.202.007/0001-50","Nao","Sim","Nao",2021-12-15,2023-06-08,2019,"Executivo",58,58
3866320,47202007000150,"ECM5575",5584619,2021-09-09 21:02:09,2021-09-10 15:24:32,1,-23.5172672,-46.6261864,2.1,"358222057502708","Nao",NA,"TRANSPORTADORA TURISTICA NATAL LTDA","47.202.007/0001-50","Nao","Sim","Nao",2021-10-06,2023-06-08,2011,"Executivo",48,48
3866321,47202007000150,"EEY1698",5585431,2021-09-11 01:29:30,2021-09-13 08:50:46,1,-23.5176945,-46.6260643,2.1,"358222057117713","Nao",NA,"TRANSPORTADORA TURISTICA NATAL LTDA","47.202.007/0001-50","Nao","Sim","Nao",2021-09-22,2023-06-08,2019,"Executivo",51,51
3866322,47202007000150,"EKU3003",5583799,2021-09-08 18:16:46,2021-09-09 10:16:14,1,-23.5198879,-46.625412,2.1,"358222057381152","Nao",NA,"TRANSPORTADORA TURISTICA NATAL LTDA","47.202.007/0001-50","Nao","Sim","Nao",2022-01-27,2023-06-08,2018,"Executivo",63,63
3866323,47202007000150,"EKU3003",5584601,2021-09-10 00:48:50,2021-09-13 01:27:08,1,-23.5411301,-46.3105583,2.1,"358222057381152","Nao",NA,"TRANSPORTADORA TURISTICA NATAL LTDA","47.202.007/0001-50","Nao","Sim","Nao",2022-01-27,2023-06-08,2018,"Executivo",63,63
3866324,47202007000150,"FLC4828",5583946,2021-09-09 01:25:38,2021-09-10 08:46:31,1,-23.5175724,-46.6269531,2.1,"358222058549807","Nao",NA,NA,NA,NA,NA,NA,NA,NA,NA,NA,NA,NA
3866325,47202007000150,"GGU9193",5584595,2021-09-10 00:43:10,2021-09-11 11:01:43,1,-23.5143967,-46.6254654,2.1,"358222058549914","Nao",NA,"TRANSPORTADORA TURISTICA NATAL LTDA","47.202.007/0001-50","Nao","Sim","Nao",2021-10-20,2023-06-08,2019,"Executivo",47,47
3866326,47202007000150,"JHX2353",5581109,2021-09-06 02:03:06,2021-09-06 02:03:16,1,-21.7847195,-46.5912857,2.1,"358222057119818","Nao",NA,"TRANSPORTADORA TURISTICA NATAL LTDA","47.202.007/0001-50","Nao","Sim","Nao",2023-07-28,2023-06-08,2009,"Executivo",42,42
3866327,47202007000150,"JHX2353",5582529,2021-09-06 21:16:52,2021-09-08 01:58:05,1,-23.5174522,-46.6275482,2.1,"358222057119818","Nao",NA,"TRANSPORTADORA TURISTICA NATAL LTDA","47.202.007/0001-50","Nao","Sim","Nao",2023-07-28,2023-06-08,2009,"Executivo",42,42
3866328,47202007000150,"JHX2353",5585412,2021-09-10 21:17:32,2021-09-13 01:54:08,1,-23.5142365,-46.6256905,2.1,"358222057119818","Nao",NA,"TRANSPORTADORA TURISTICA NATAL LTDA","47.202.007/0001-50","Nao","Sim","Nao",2023-07-28,2023-06-08,2009,"Executivo",42,42
3866341,53579983000129,"EJV5814",5586050,2021-09-05 02:54:06,2021-09-05 10:53:57,1,-23.5024948120117,-47.468090057373,0,"354405100723983","Nao",NA,"P.R.M.- TURISMO LTDA","53.579.983/0001-29","Nao","Sim","Nao",2022-05-03,2023-09-16,2011,"Executivo",42,42
3866359,4471555000172,"MFO6618",5584277,2021-09-08 21:45:02,2021-09-08 21:48:36,1,-30.0112590789795,-52.9048080444336,0,"354154105921131","Nao",NA,"AUE TUR TRANSPORTES E TURISMO LTDA","04.471.555/0001-72","Nao","Sim","Nao",2021-09-29,2023-12-07,2007,"Executivo",46,46
3866370,64758998000170,"FSM1791",5587056,2021-09-11 04:22:41,2021-09-11 23:50:57,1,-23.5422382,-46.5767555,2.1,"358222057426957","Nao",NA,"LOPES TRANSPORTADORA TURISTICA LTDA","64.758.998/0001-70","Nao","Sim","Nao",2021-11-06,2023-07-02,2014,"Executivo",50,50
3866371,64758998000170,"JHX0523",5580907,2021-09-05 02:42:30,2021-09-06 01:56:34,1,-23.5421295,-46.5755768,2.1,"358222057426783","Nao",NA,"LOPES TRANSPORTADORA TURISTICA LTDA","64.758.998/0001-70","Nao","Sim","Nao",2023-08-16,2023-07-02,2009,"Executivo",46,46
3866372,64758998000170,"LQA4844",5580896,2021-09-05 02:11:52,2021-09-06 04:36:40,1,-23.5249023,-46.6665306,2.1,"358229070654788","Nao",NA,"LOPES TRANSPORTADORA TURISTICA LTDA","64.758.998/0001-70","Nao","Sim","Nao",2022-08-19,2023-07-02,2011,"Executivo",46,46
3866412,78586674000107,"BAD8973",5582580,2021-09-06 18:51:30,2021-09-07 16:16:15,1,-23.433298,-51.891633,0,"353909111255076","Nao",NA,"VIACAO GARCIA LTDA","78.586.674/0001-07","Sim","Sim","Nao",2022-07-01,2022-02-27,2015,"Executivo",50,50
3866413,78586674000107,"BAY5235",5586460,2021-09-11 18:01:07,2021-09-12 12:40:41,1,-23.315933,-51.148618,0,"356496085527539","Nao",NA,"VIACAO GARCIA LTDA","78.586.674/0001-07","Sim","Sim","Nao",2022-07-08,2022-02-27,2016,"Executivo",52,52
3866414,78586674000107,"BBR5650",5585344,2021-09-10 19:40:50,2021-09-13 05:37:28,1,-23.514859,-46.652744,0,"353028105428837","Nao",NA,"VIACAO GARCIA LTDA","78.586.674/0001-07","Sim","Sim","Nao",2021-11-11,2022-02-27,2017,"Executivo",56,56
3866415,78586674000107,"BBT6810",5582603,2021-09-07 22:27:03,2021-09-08 07:59:49,1,0,0,0,"353028105401214","Nao",NA,"VIACAO GARCIA LTDA","78.586.674/0001-07","Sim","Sim","Nao",2021-11-12,2022-02-27,2017,"Executivo",46,46
3866416,78586674000107,"BCI5691",5584659,2021-09-10 17:17:54,2021-09-11 09:47:31,1,-22.888334,-47.142521,0,"352550117937795","Nao",NA,"VIACAO GARCIA LTDA","78.586.674/0001-07","Sim","Sim","Nao",2021-10-14,2022-02-27,2018,"Executivo",46,46
3866417,78586674000107,"BCZ5G38",5586192,2021-09-11 05:43:22,2021-09-11 10:55:57,1,-23.31531,-51.152773,0,"353909111252875","Nao",NA,"VIACAO GARCIA LTDA","78.586.674/0001-07","Sim","Sim","Nao",2022-09-02,2022-02-27,2018,"Executivo",43,43
3866430,7661783000101,"LMO2401",5586435,2021-09-10 23:28:04,2021-09-12 00:34:29,1,-22.7908229827881,-43.3696670532227,0,"352234672563433","Nao",NA,"AGC RIO FRETAMENTO E TURISMO LTDA","07.661.783/0001-01","Nao","Sim","Nao",2023-08-04,2023-09-03,2018,"Executivo",48,48
3866444,91501866000131,"JBX4545",5584627,2021-09-10 06:30:23,2021-09-14 02:02:39,1,-29.8337535858154,-50.5262298583984,0,"351345012532721","Nao",NA,"AGENCIA DE VIAGENS E TURISMO KLEINTUR LTDA","91.501.866/0001-31","Nao","Sim","Nao",2022-07-26,2023-07-19,2016,"Executivo",53,53
3866445,91501866000131,"JBY4545",5585474,2021-09-10 18:14:18,2021-09-12 23:09:07,1,-29.3669090270996,-52.0625801086426,0,"351345015327772","Nao",NA,"AGENCIA DE VIAGENS E TURISMO KLEINTUR LTDA","91.501.866/0001-31","Nao","Sim","Nao",2022-03-01,2023-09-01,2017,"Executivo",51,51
3866452,9597616000166,"EMZ1390",5578042,2021-09-06 18:39:55,2021-09-06 19:59:19,0,-25.4804076,-48.8295931,1,"352869086731199","Nao",NA,"HENRIQUE & OLIVEIRA TRANSPORTE LTDA","09.597.616/0001-66","Nao","Sim","Nao",2021-10-06,2023-06-28,2019,"Executivo",58,58
3866453,9597616000166,"EWU6353",5584787,2021-09-10 22:27:06,2021-09-11 10:27:46,1,-22.1134514,-51.4242766,17.9,"352869086814235","Nao",NA,"HENRIQUE & OLIVEIRA TRANSPORTE LTDA","09.597.616/0001-66","Nao","Sim","Nao",2021-11-23,2023-06-28,2013,"Executivo",44,44
3866454,9597616000166,"NVV9727",5584906,2021-09-11 20:05:45,2021-09-12 08:23:31,0,-16.6617039,-49.2541905,1.5,"352869086814276","Nao",NA,"HENRIQUE & OLIVEIRA TRANSPORTE LTDA","09.597.616/0001-66","Nao","Sim","Nao",2022-05-09,2023-06-28,2010,"Executivo",44,44
3866455,9597616000166,"NVV9727",5584906,2021-09-10 12:27:42,2021-09-11 01:45:04,1,-22.1473825,-51.4498428,1,"352869086814276","Nao",NA,"HENRIQUE & OLIVEIRA TRANSPORTE LTDA","09.597.616/0001-66","Nao","Sim","Nao",2022-05-09,2023-06-28,2010,"Executivo",44,44
3866456,9597616000166,"QKD9777",5579678,2021-09-07 18:13:00,2021-09-08 09:03:46,0,-26.9952067,-48.6571717,1,"352869086731017","Nao",NA,"HENRIQUE & OLIVEIRA TRANSPORTE LTDA","09.597.616/0001-66","Nao","Sim","Nao",2023-10-25,2023-05-28,2015,"Executivo",60,60
3866471,11137434000154,"FWK6A28",5579707,2021-09-06 18:36:52,2021-09-10 13:34:35,1,-22.8977298736572,-43.2117614746094,0,"354442100541644","Nao",NA,"TRANS ACREANA LTDA","11.137.434/0001-54","Sim","Sim","Nao",2022-03-17,2022-06-06,2020,"Executivo",44,44
3866472,11137434000154,"FWK6A28",5584670,2021-09-10 13:37:18,2021-09-10 22:14:46,1,-23.6214427947998,-46.9144439697266,0,"354442100541644","Nao",NA,"TRANS ACREANA LTDA","11.137.434/0001-54","Sim","Sim","Nao",2022-03-17,2022-06-06,2020,"Executivo",44,44
3866484,13248388000196,"BAG2179",5584175,2021-09-09 02:36:26,2021-09-09 13:48:08,1,-21.30149857,-46.71458264,1.3,"f0e3ff4e654a9095","Nao",NA,"RAFAEL JOSE GODOI EIRELI - ME","13.248.388/0001-96","Nao","Sim","Nao",2022-08-18,2023-07-26,2015,"Executivo",19,19
3866485,13681547000141,"DBB6340",5586796,2021-09-11 21:20:03,2021-09-12 13:15:24,1,-21.3008311,-46.79466129,1.3,"ebb27dc1d5275462","Nao",NA,NA,NA,NA,NA,NA,NA,NA,NA,NA,NA,NA
3866500,18656492000133,"PPN4G10",5585981,2021-09-10 22:23:34,2021-09-10 22:31:29,1,-20.217535,-40.20145,1.3,"ddcf3b9b55d2394a","Nao",NA,"PAZOLINI TURISMO LTDA","18.656.492/0001-33","Nao","Sim","Nao",2022-01-25,2024-04-11,2015,"Executivo",16,16
3866526,26496748000110,"LUD9G21",5585497,2021-09-11 13:13:26,2021-09-13 13:31:09,1,-23.0140285491943,-43.2980728149414,0,"354167107995333","Nao",NA,"MC RIO TRANSPORTES LTDA","26.496.748/0001-10","Nao","Sim","Nao",2023-05-09,2023-07-07,2019,"Executivo",16,16
3866532,27488725000127,"OYE8083",5579182,2021-09-05 17:46:26,2021-09-06 01:47:55,0,-19.624011,-43.226325,0,"352525086207255","Nao",NA,"VIACAO PRETTI LTDA","27.488.725/0001-27","Sim","Sim","Nao",2022-08-23,2021-10-04,2014,"Executivo",44,44
3866533,27488725000127,"OYE8083",5579182,2021-09-05 07:37:53,2021-09-05 17:36:06,1,-20.612624,-40.457379,0,"352525086207255","Nao",NA,"VIACAO PRETTI LTDA","27.488.725/0001-27","Sim","Sim","Nao",2022-08-23,2021-10-04,2014,"Executivo",44,44
3866534,27488725000127,"PPZ3022",5584540,2021-09-10 06:25:51,2021-09-11 10:31:02,1,-20.82005,-40.617083,0,"355645089926599","Nao",NA,"VIACAO PRETTI LTDA","27.488.725/0001-27","Sim","Sim","Nao",2022-07-14,2021-10-04,2018,"Executivo",48,48
3866536,28964438000109,"BDI2B99",5581345,2021-09-05 06:03:12,2021-09-05 21:03:27,1,-25.8553009033203,-48.570484161377,0,"352108090853636","Nao",NA,"G A BARBOSA JUNIOR EIRELI","28.964.438/0001-09","Nao","Sim","Nao",2022-07-01,2023-07-11,2019,"Executivo",16,16
3866543,32285454000142,"FXL9258",5581767,2021-09-05 15:06:28,2021-09-06 23:16:08,1,-22.4465618133545,-43.1450157165527,0,"352997103467917","Nao",NA,"VIACAO SALUTARIS E TURISMO SA","32.285.454/0001-42","Sim","Sim","Nao",2022-05-17,2022-08-07,2018,"Executivo",43,43
3866563,34577839000109,"KVD3H44",5584116,2021-09-09 01:39:24,2021-09-09 10:02:20,1,-9.11872959136963,-37.7314529418945,0,"863323054453446","Nao",NA,"CANUTO, GOMES E PEREIRA TRANSPORTES LTDA","34.577.839/0001-09","Nao","Sim","Nao",2021-10-08,2023-11-05,2008,"Executivo",16,16
3866564,34707652000182,"MGU3357",5576599,2021-09-08 23:40:10,2021-09-09 10:11:00,0,-23.302596,-51.331812,4.35,"356430078831103","Nao",NA,"CEU AZUL TRANSPORTE RODOVIARIO DE PASSAGEIROS LTDA","34.707.652/0001-82","Nao","Sim","Nao",2023-10-03,2023-09-21,2010,"Executivo",50,50
3866565,34707652000182,"MGU3357",5576599,2021-09-05 20:22:04,2021-09-06 05:06:26,1,-24.503352,-50.71837,4.35,"356430078831103","Nao",NA,"CEU AZUL TRANSPORTE RODOVIARIO DE PASSAGEIROS LTDA","34.707.652/0001-82","Nao","Sim","Nao",2023-10-03,2023-09-21,2010,"Executivo",50,50
3908308,3264460000115,"OND6474",5589659,2021-09-19 12:58:57,2021-09-20 10:51:20,0,0,0,6,"356160086112143","Nao",NA,"BRASIL TURISMO E FRETAMENTO LTDA","03.264.460/0001-15","Nao","Sim","Nao",2022-01-29,2021-10-04,2013,"Executivo",57,57
3908309,3264460000115,"OSR5I08",5596122,2021-09-21 20:47:34,2021-09-22 20:41:36,1,-16.705315,-49.2397833,6,"356160086128628","Nao",NA,"BRASIL TURISMO E FRETAMENTO LTDA","03.264.460/0001-15","Nao","Sim","Nao",2023-02-17,2024-01-23,2014,"Executivo",46,46
3908310,3264460000115,"PRT8962",5595917,2021-09-22 18:02:03,2021-09-23 09:47:28,1,0,0,6,"356160086498120","Nao",NA,"BRASIL TURISMO E FRETAMENTO LTDA","03.264.460/0001-15","Nao","Sim","Nao",2023-03-18,2024-01-23,2018,"Executivo",61,61
3908365,13681547000141,"EZC8204",5597048,2021-09-24 05:45:48,2021-09-24 12:34:42,1,-21.309561,-46.71623969,1.3,"5ff36aa59af79e39","Nao",NA,"DANIEL DONIZETE BAUTISTA EIRELI","13.681.547/0001-41","Nao","Sim","Nao",2023-06-27,2023-07-21,2011,"Executivo",19,19
3908419,26496748000110,"LUD9G21",5598672,2021-09-25 15:47:02,2021-09-26 16:30:05,1,-22.8476276397705,-43.3248443603516,0,"354167107995333","Nao",NA,"MC RIO TRANSPORTES LTDA","26.496.748/0001-10","Nao","Sim","Nao",2023-05-09,2023-07-07,2019,"Executivo",16,16
3908426,27488725000127,"OYE8083",5598745,2021-09-24 21:13:47,2021-09-25 05:57:00,1,-19.533217,-40.628284,0,"352525086207255","Nao",NA,"VIACAO PRETTI LTDA","27.488.725/0001-27","Sim","Sim","Nao",2022-08-23,2021-10-04,2014,"Executivo",44,44
3908427,27488725000127,"PPX9938",5590748,2021-09-19 13:32:07,2021-09-19 19:40:40,0,-21.100822,-42.113663,0,"355645089142684","Nao",NA,"VIACAO PRETTI LTDA","27.488.725/0001-27","Nao","Sim","Nao",2022-03-03,2023-10-04,2018,"Executivo",46,46
3908432,28964438000109,"BDI2B99",5593979,2021-09-19 05:18:42,2021-09-19 20:35:44,1,-25.8476734161377,-48.546443939209,0,"352108090853636","Nao",NA,"G A BARBOSA JUNIOR EIRELI","28.964.438/0001-09","Nao","Sim","Nao",2022-07-01,2023-07-11,2019,"Executivo",16,16
3908442,31478411000110,"QWI9977",5594310,2021-09-19 03:42:04,2021-09-19 08:12:31,1,-10.9741926193237,-37.0940933227539,0,"352187101985611","Nao",NA,"CARLOS & MOISES TRANSPORTE VIAGENS E TURISMO LTDA","31.478.411/0001-10","Nao","Sim","Nao",2024-03-09,2023-09-09,2019,"Executivo",16,16
3908448,32285454000142,"PLZ5I77",5596050,2021-09-23 19:37:12,2021-09-24 13:27:34,1,-14.880334854126,-40.8569068908691,0,"352997102119279","Nao",NA,"VIACAO AGUIA BRANCA S A","27.486.182/0001-09","Sim","Sim","Nao",2022-02-18,2022-08-07,2019,"Executivo",47,47
3908469,34577839000109,"KVD3H44",5597923,2021-09-24 04:55:44,2021-09-24 10:45:28,1,-9.41066646575928,-38.2357025146484,0,"863323054453446","Nao",NA,"CANUTO, GOMES E PEREIRA TRANSPORTES LTDA","34.577.839/0001-09","Nao","Sim","Nao",2021-10-08,2023-11-05,2008,"Executivo",16,16
3908484,39642566000152,"JQZ1C12",5593696,2021-09-19 14:05:15,2021-09-20 03:08:59,1,-20.8553810119629,-41.1244049072266,0,"357459107497841","Nao",NA,"AGENCIA DE VIAGENS REALTUR LTDA.","39.642.566/0001-52","Nao","Sim","Nao",2022-01-08,2023-10-13,2004,"Executivo",27,27
3908485,39642566000152,"JQZ1C12",5596476,2021-09-22 13:55:45,2021-09-23 02:16:56,1,-20.8437175750732,-41.126708984375,0,"356361080763630","Nao",NA,"AGENCIA DE VIAGENS REALTUR LTDA.","39.642.566/0001-52","Nao","Sim","Nao",2022-01-08,2023-10-13,2004,"Executivo",27,27
3908486,39642566000152,"PPD8842",5589364,2021-09-19 22:48:19,2021-09-20 07:47:37,1,-22.91383934021,-43.1674766540527,0,"356361080752047","Nao",NA,"AGENCIA DE VIAGENS REALTUR LTDA.","39.642.566/0001-52","Nao","Sim","Nao",2022-07-29,2023-10-13,2015,"Executivo",56,56
3908487,39642566000152,"PPD8842",5596215,2021-09-22 15:04:16,2021-09-23 15:43:13,1,-20.3270740509033,-41.1457977294922,0,"356361080752047","Nao",NA,"AGENCIA DE VIAGENS REALTUR LTDA.","39.642.566/0001-52","Nao","Sim","Nao",2022-07-29,2023-10-13,2015,"Executivo",56,56
3908490,47202007000150,"BJU2600",5593869,2021-09-19 22:11:23,2021-09-21 09:28:17,1,-23.5173569,-46.6275291,2.1,"358222057504159","Nao",NA,"TRANSPORTADORA TURISTICA NATAL LTDA","47.202.007/0001-50","Nao","Sim","Nao",2023-07-26,2023-06-08,2018,"Executivo",48,48
3908491,47202007000150,"BJU2600",5596737,2021-09-23 00:44:27,2021-09-23 22:30:20,1,-23.6174793,-46.6971817,2.1,"358222057504159","Nao",NA,"TRANSPORTADORA TURISTICA NATAL LTDA","47.202.007/0001-50","Nao","Sim","Nao",2023-07-26,2023-06-08,2018,"Executivo",48,48
3908492,47202007000150,"BJU2600",5597681,2021-09-24 01:10:27,2021-09-24 20:58:38,1,-23.6174107,-46.6972504,2.1,"358222057504159","Nao",NA,"TRANSPORTADORA TURISTICA NATAL LTDA","47.202.007/0001-50","Nao","Sim","Nao",2023-07-26,2023-06-08,2018,"Executivo",48,48
3908493,47202007000150,"BJU2600",5598555,2021-09-25 00:40:27,2021-09-25 20:50:51,1,-23.6175995,-46.6970291,2.1,"358222057504159","Nao",NA,"TRANSPORTADORA TURISTICA NATAL LTDA","47.202.007/0001-50","Nao","Sim","Nao",2023-07-26,2023-06-08,2018,"Executivo",48,48
3908494,47202007000150,"CRK8189",5593664,2021-09-19 18:09:35,2021-09-20 10:07:07,1,-23.5144539,-46.6253853,2.1,"358229071451457","Nao",NA,"TRANSPORTADORA TURISTICA NATAL LTDA","47.202.007/0001-50","Nao","Sim","Nao",2023-12-01,2023-06-08,2019,"Convencional",58,58
3908495,47202007000150,"CRK8189",5595044,2021-09-20 18:06:21,2021-09-21 09:55:14,1,-23.5174294,-46.6275177,2.1,"358229071451457","Nao",NA,"TRANSPORTADORA TURISTICA NATAL LTDA","47.202.007/0001-50","Nao","Sim","Nao",2023-12-01,2023-06-08,2019,"Convencional",58,58
3908496,47202007000150,"CRK8189",5598585,2021-09-25 03:52:40,2021-09-26 00:22:21,1,-23.5173492,-46.6261902,2.1,"358229071451457","Nao",NA,"TRANSPORTADORA TURISTICA NATAL LTDA","47.202.007/0001-50","Nao","Sim","Nao",2023-12-01,2023-06-08,2019,"Convencional",58,58
3908497,47202007000150,"DEU3800",5596342,2021-09-22 18:05:25,2021-09-23 10:26:58,1,-23.5174465,-46.6261597,2.1,"358222057381426","Nao",NA,"TRANSPORTADORA TURISTICA NATAL LTDA","47.202.007/0001-50","Nao","Sim","Nao",2021-09-10,2023-06-08,2019,"Executivo",62,62
3908498,47202007000150,"DIM8981",5593656,2021-09-19 03:54:57,2021-09-20 00:49:18,1,-23.5173683,-46.6260872,2.1,"358222057117796","Nao",NA,"TRANSPORTADORA TURISTICA NATAL LTDA","47.202.007/0001-50","Nao","Sim","Nao",2021-12-15,2023-06-08,2019,"Executivo",58,58
3908499,47202007000150,"DIM8981",5593837,2021-09-20 03:36:11,2021-09-21 01:20:36,1,-23.5172997,-46.626152,2.1,"358222057117796","Nao",NA,"TRANSPORTADORA TURISTICA NATAL LTDA","47.202.007/0001-50","Nao","Sim","Nao",2021-12-15,2023-06-08,2019,"Executivo",58,58
3908500,47202007000150,"DIM8981",5595876,2021-09-22 03:46:02,2021-09-23 00:59:04,1,-23.5180721,-46.630394,2.1,"358222057117796","Nao",NA,"TRANSPORTADORA TURISTICA NATAL LTDA","47.202.007/0001-50","Nao","Sim","Nao",2021-12-15,2023-06-08,2019,"Executivo",58,58
3908501,47202007000150,"DIM8981",5596734,2021-09-23 03:40:03,2021-09-24 01:07:08,1,-23.5173473,-46.6261559,2.1,"358222057117796","Nao",NA,"TRANSPORTADORA TURISTICA NATAL LTDA","47.202.007/0001-50","Nao","Sim","Nao",2021-12-15,2023-06-08,2019,"Executivo",58,58
3908502,47202007000150,"DIM8981",5597719,2021-09-24 03:36:42,2021-09-25 01:50:59,1,-23.5174007,-46.6275368,2.1,"358222057117796","Nao",NA,"TRANSPORTADORA TURISTICA NATAL LTDA","47.202.007/0001-50","Nao","Sim","Nao",2021-12-15,2023-06-08,2019,"Executivo",58,58
3908503,47202007000150,"DIM8981",5598590,2021-09-25 18:02:29,2021-09-26 09:37:08,1,-23.5172749,-46.6261978,2.1,"358222057117796","Nao",NA,"TRANSPORTADORA TURISTICA NATAL LTDA","47.202.007/0001-50","Nao","Sim","Nao",2021-12-15,2023-06-08,2019,"Executivo",58,58
3908504,47202007000150,"ECM5575",5597501,2021-09-23 21:34:38,2021-09-24 15:13:11,1,-23.5237732,-46.6071892,2.1,"358222057502708","Nao",NA,"TRANSPORTADORA TURISTICA NATAL LTDA","47.202.007/0001-50","Nao","Sim","Nao",2021-10-06,2023-06-08,2011,"Executivo",48,48
3908505,47202007000150,"ECM5575",5598381,2021-09-24 21:21:57,2021-09-27 01:38:59,1,-23.5199966,-46.6271095,2.1,"358222057502708","Nao",NA,"TRANSPORTADORA TURISTICA NATAL LTDA","47.202.007/0001-50","Nao","Sim","Nao",2021-10-06,2023-06-08,2011,"Executivo",48,48
3866440,85167393000185,"LQL6282",5582060,2021-09-05 18:43:35,2021-09-07 07:44:40,1,-26.1123676,-48.8750916,4.35,"862631032138132","Nao",NA,"TRANSALLES TRANSPORTADORA TURISTICA LTDA","85.167.393/0001-85","Nao","Sim","Nao",2022-12-15,2023-10-07,2012,"Executivo",48,48
3866441,85172070000180,"QJF7899",5584008,2021-09-08 17:35:31,2021-09-08 23:00:14,1,-26.8931446075439,-53.1711540222168,0,"353881079220014","Nao",NA,"REISEBUS AUF TURISMO LTDA - ME","85.172.070/0001-80","Nao","Sim","Nao",2022-02-19,2023-05-13,2018,"Executivo",19,19
3866442,85172070000180,"QJF7899",5584607,2021-09-09 18:44:12,2021-09-09 18:44:51,1,-27.3596019744873,-53.4073944091797,0,"353881079220014","Nao",NA,"REISEBUS AUF TURISMO LTDA - ME","85.172.070/0001-80","Nao","Sim","Nao",2022-02-19,2023-05-13,2018,"Executivo",19,19
3866446,92221589000176,"IYA0188",5580743,2021-09-05 01:27:39,2021-09-13 17:37:16,1,-31.7631613,-52.3599967,4.34,"354743082679025","Nao",NA,"IRMAOS KOPERECK LTDA","92.221.589/0001-76","Nao","Sim","Nao",2022-06-02,2023-08-27,2017,"Executivo",59,59
3866447,95424735000159,"IXD6809",5579178,2021-09-06 13:23:42,2021-09-08 13:55:21,1,-29.7195930480957,-52.4487648010254,0,"357459102667596","Nao",NA,"VIACAO UNIAO SANTA CRUZ LTDA","95.424.735/0001-59","Sim","Sim","Nao",2022-08-02,2021-10-28,2016,"Executivo",56,56
3866448,95424735000159,"IYG1884",5584539,2021-09-10 09:03:09,2021-09-12 02:25:03,1,-30.0939083099365,-51.2305030822754,0,"357459102667596","Nao",NA,"VIACAO UNIAO SANTA CRUZ LTDA","95.424.735/0001-59","Sim","Sim","Nao",2022-09-28,2021-10-28,2017,"Executivo",49,49
3866483,13018326000198,"ALF5A33",5586076,2021-09-11 07:44:40,2021-09-11 21:33:48,1,-24.8877264,-52.21233893,1.3,"fdce41f724241106","Nao",NA,"JOAO RODRIGO MENDES  LTDA","13.018.326/0001-98","Nao","Sim","Nao",2024-03-13,2023-11-19,2014,"Executivo",17,17
3866524,23343494000102,"OWX6530",5577953,2021-09-03 20:16:46,2021-09-12 13:33:14,1,-18.5690383911133,-46.4746131896973,0,"358186072483220","Nao",NA,"EXPRESSO SAO GERALDO LTDA","23.343.494/0001-02","Nao","Sim","Nao",2022-07-21,2023-11-02,2013,"Executivo",26,26
3866527,26664087000195,"MGX8H02",5582027,2021-09-05 16:37:11,2021-09-07 17:22:03,1,-19.9461078643799,-44.9424629211426,0,"865909045798655","Nao",NA,"COOPERSERRANA - COOPERATIVA DE TRANSPORTADORES ESCOLARES E ALTERNATIVOS DE NOVA SERRANA MG","26.664.087/0001-95","Nao","Sim","Nao",2023-08-09,2023-06-21,2004,"Executivo",50,50
3866528,26664087000195,"MGX8H02",5583429,2021-09-07 17:24:15,2021-09-12 16:26:02,1,-19.8816356658936,-44.9243545532227,0,"865909045798655","Nao",NA,"COOPERSERRANA - COOPERATIVA DE TRANSPORTADORES ESCOLARES E ALTERNATIVOS DE NOVA SERRANA MG","26.664.087/0001-95","Nao","Sim","Nao",2023-08-09,2023-06-21,2004,"Executivo",50,50
3866544,32403537000199,"KZL7297",5583351,2021-09-07 22:50:32,2021-09-09 15:54:39,1,-22.4113654,-43.673089,3.786,"155b6b37f2824b3f","Nao",NA,"EMPRESA DE ONIBUS E TURISMO PEDRO ANTONIO LTDA","32.403.537/0001-99","Nao","Sim","Nao",2022-07-23,2022-06-30,2014,"Executivo",44,44
3866554,33087859000139,"LMY1J59",5585275,2021-09-10 17:48:23,2021-09-11 23:01:00,1,-22.7903377,-43.1664303,4.555,"355474061690861","Nao",NA,"BEL TOUR TURISMO E TRANSPORTES LTDA","33.087.859/0001-39","Nao","Sim","Nao",2022-11-25,2023-07-05,2019,"Executivo",47,47
3866555,33087859000139,"LNH7G05",5585283,2021-09-10 14:04:55,2021-09-13 16:17:58,1,-22.8897321,-43.3278063,3,"355474061021448","Nao",NA,"BEL TOUR TURISMO E TRANSPORTES LTDA","33.087.859/0001-39","Nao","Sim","Nao",2022-11-26,2023-07-05,2019,"Executivo",47,47
3866566,35550863000117,"NVG2233",5582176,2021-09-07 02:07:27,2021-09-07 07:31:20,1,-10.8533153533936,-37.0825958251953,0,"355253114147925","Nao",NA,"HF PRESTADORA DE SERVICOS LTDA","35.550.863/0001-17","Nao","Sim","Nao",2022-07-13,2022-08-24,2010,"Executivo",19,19
3866567,35550863000117,"NVG2233",5586857,2021-09-11 10:15:44,2021-09-12 09:31:38,1,-10.9165658950806,-37.0876197814941,0,"355253114147925","Nao",NA,"HF PRESTADORA DE SERVICOS LTDA","35.550.863/0001-17","Nao","Sim","Nao",2022-07-13,2022-08-24,2010,"Executivo",19,19
3908287,18127000138,"QKJ9116",5600231,2021-09-25 19:37:41,2021-09-27 16:52:35,1,-10.2228336334229,-48.3159484863281,0,"352898492912895","Nao",NA,"TOCANTINS TRANSPORTE E TURISMO LTDA - EPP","00.018.127/0001-38","Sim","Sim","Nao",2022-08-09,2022-08-22,2017,"Executivo",55,55
3908288,33613000125,"JJT6180",5596384,2021-09-25 07:20:38,2021-09-25 07:21:17,0,-4.11293,-42.953167,0,"354140100896154","Nao",NA,"SANTA IZABEL TRANSPORTES E TURISMO LTDA","00.033.613/0001-25","Sim","Sim","Nao",2022-07-06,2021-10-03,2012,"Executivo",46,46
3908289,33613000125,"JJT6180",5596384,2021-09-23 07:03:17,2021-09-24 12:05:21,1,-15.482306,-47.101173,0,"354140100896154","Nao",NA,"SANTA IZABEL TRANSPORTES E TURISMO LTDA","00.033.613/0001-25","Sim","Sim","Nao",2022-07-06,2021-10-03,2012,"Executivo",46,46
3908290,33613000125,"OVT0611",5598932,2021-09-25 06:04:17,2021-09-25 20:43:28,1,-15.820168,-47.922387,0,"f6e08159a63a7db4","Nao",NA,"SANTA IZABEL TRANSPORTES E TURISMO LTDA","00.033.613/0001-25","Sim","Sim","Nao",2022-06-21,2021-10-03,2014,"Executivo",48,48
3908291,33613000125,"PUH6181",5597547,2021-09-24 06:28:16,2021-09-24 13:25:25,1,-15.787959,-47.972496,0,"354140100909957","Nao",NA,"SANTA IZABEL TRANSPORTES E TURISMO LTDA","00.033.613/0001-25","Sim","Sim","Nao",2022-06-21,2021-10-03,2014,"Executivo",30,30
3908307,3076172000137,"EHX0I21",5598611,2021-09-24 20:51:04,2021-09-25 04:51:37,1,-23.0385208129883,-47.8545379638672,0,"355269107479398","Nao",NA,"VICAMPE TRANSPORTES & TURISMO LTDA","03.076.172/0001-37","Nao","Sim","Nao",2023-07-01,2023-12-07,2020,"Executivo",62,62
3908344,8593913000170,"BDP8F74",5595630,2021-09-21 19:12:19,2021-09-23 20:31:58,1,-25.51337746,-49.12346367,1.3,"db5eb4e8ea973f14","Nao",NA,"ATG TRANSPORTES - EIRELI","08.593.913/0001-70","Nao","Sim","Nao",2021-11-03,2022-08-21,2019,"Executivo",16,16
3908345,9026330000120,"MQS2694",5594480,2021-09-19 13:24:39,2021-09-20 03:43:19,1,-20.8427085876465,-41.1306343078613,0,"356524082640011","Nao",NA,"VIACAO SANTA CLARA TRANSPORTE E TURISMO LTDA - ME","09.026.330/0001-20","Nao","Sim","Nao",2022-01-07,2023-06-30,2007,"Executivo",41,41
3908357,11357149000149,"KPK1I11",5595825,2021-09-22 07:06:52,2021-09-26 21:56:35,1,-23.5955219268799,-46.4768676757813,0,"355577096414790","Nao",NA,"VALDEIR PEREIRA JACONDINO JUNIOR TRANSPORTES EIRELI","11.357.149/0001-49","Nao","Sim","Nao",2023-02-16,2023-06-17,2011,"Executivo",46,46
3908360,12740567000183,"PLZ6F63",5581497,2021-09-05 04:56:10,2021-09-05 22:20:30,1,-7.872154712677,-34.9061584472656,0,"356914111717932","Nao",NA,"LEMOS TUR LTDA","12.740.567/0001-83","Nao","Sim","Nao",2021-10-06,2023-10-10,2019,"Executivo",21,21
3908361,12782072000117,"KQW3B10",5599891,2021-09-25 14:17:33,2021-09-26 17:05:36,0,-22.853526,-45.234026,0,"355461065598299","Nao",NA,"CLOVIS LIMA LOCACAO DE VEICULOS LTDA","12.782.072/0001-17","Nao","Sim","Nao",2021-11-03,2023-09-20,2013,"Executivo",16,16
3908362,12782072000117,"KQW3B10",5599891,2021-09-25 03:03:54,2021-09-25 08:27:03,1,-22.033723,-43.228429,0,"355461065598299","Nao",NA,"CLOVIS LIMA LOCACAO DE VEICULOS LTDA","12.782.072/0001-17","Nao","Sim","Nao",2021-11-03,2023-09-20,2013,"Executivo",16,16
3908363,13018326000198,"ALF5A33",5599058,2021-09-25 07:37:04,2021-09-25 19:46:31,1,-24.88521025,-52.20293367,1.3,"fdce41f724241106","Nao",NA,"JOAO RODRIGO MENDES  LTDA","13.018.326/0001-98","Nao","Sim","Nao",2024-03-13,2023-11-19,2014,"Executivo",17,17
3908381,18363131000107,"BBO6244",5598517,2021-09-25 09:34:34,2021-09-26 04:44:31,1,-25.43052525,-49.24313074,1.3,"410dac1ded4a0ca5","Nao",NA,"JK LOCADORA DE VEICULOS LTDA","18.363.131/0001-07","Nao","Sim","Nao",2022-08-30,2022-09-02,2017,"Executivo",16,16
3908416,23343494000102,"GXH6624",5596293,2021-09-23 13:02:11,2021-09-23 18:47:11,1,-18.5917224884033,-46.5222549438477,0,"358186072483220","Nao",NA,"EXPRESSO SAO GERALDO LTDA","23.343.494/0001-02","Nao","Sim","Nao",2021-10-06,2023-11-02,2005,"Executivo",46,46
3908417,23343494000102,"IOO6743",5593037,2021-09-19 19:52:41,2021-09-20 07:08:46,1,-19.5582656860352,-46.9688415527344,0,"358186072483022","Nao",NA,"EXPRESSO SAO GERALDO LTDA","23.343.494/0001-02","Nao","Sim","Nao",2022-02-05,2023-11-02,2008,"Executivo",36,36
3908420,26628841000131,"OXD0797",5592239,2021-09-19 13:08:24,2021-09-19 16:56:42,1,-22.2322120666504,-45.9349670410156,0,"358776084718215","Nao",NA,"WTL TRANSPORTE TURISMO EIRELI","26.628.841/0001-31","Nao","Sim","Nao",2022-08-25,2024-04-27,2014,"Executivo",17,17
3908421,26628841000131,"OXD0797",5596922,2021-09-25 10:14:59,2021-09-25 17:26:01,1,-22.2092990875244,-45.9463653564453,0,"358776084718215","Nao",NA,"WTL TRANSPORTE TURISMO EIRELI","26.628.841/0001-31","Nao","Sim","Nao",2022-08-25,2024-04-27,2014,"Executivo",17,17
3908422,26664087000195,"MGX8H02",5594681,2021-09-19 16:24:14,2021-09-21 09:13:40,1,-19.8750171661377,-44.9517135620117,0,"865909045798655","Nao",NA,"COOPERSERRANA - COOPERATIVA DE TRANSPORTADORES ESCOLARES E ALTERNATIVOS DE NOVA SERRANA MG","26.664.087/0001-95","Nao","Sim","Nao",2023-08-09,2023-06-21,2004,"Executivo",50,50
3908423,26664087000195,"MGX8H02",5595942,2021-09-21 17:27:08,2021-09-23 12:29:51,1,-19.872444152832,-44.9679107666016,0,"865909045798655","Nao",NA,"COOPERSERRANA - COOPERATIVA DE TRANSPORTADORES ESCOLARES E ALTERNATIVOS DE NOVA SERRANA MG","26.664.087/0001-95","Nao","Sim","Nao",2023-08-09,2023-06-21,2004,"Executivo",50,50
3908425,27012168000173,"BYE7902",5594624,2021-09-24 20:41:49,2021-09-26 19:14:22,1,-23.5500717163086,-46.3061676025391,0,"358953083860856","Nao",NA,"OBEDE - EDOM TURISMO LTDA - ME","27.012.168/0001-73","Nao","Sim","Nao",2021-09-01,2023-06-05,1995,"Executivo",36,36
3908457,33087859000139,"KXC6163",5591717,2021-09-19 00:25:33,2021-09-20 00:54:51,1,-22.8887108,-43.3277532,32.805,"355474061697825","Nao",NA,NA,NA,NA,NA,NA,NA,NA,NA,NA,NA,NA
3908458,33087859000139,"LMA0549",5591721,2021-09-19 02:07:00,2021-09-19 23:18:23,1,-22.9143662,-43.2982866,4.888,"355474061727085","Nao",NA,"BEL TOUR TURISMO E TRANSPORTES LTDA","33.087.859/0001-39","Nao","Sim","Nao",2022-06-28,2023-07-05,2014,"Executivo",46,46
3908459,33087859000139,"LMY2E08",5596578,2021-09-23 12:15:25,2021-09-24 14:10:10,1,-25.5235197,-54.5859114,4.18,"355474061772248","Nao",NA,"BEL TOUR TURISMO E TRANSPORTES LTDA","33.087.859/0001-39","Nao","Sim","Nao",2021-12-14,2023-07-05,2019,"Executivo",47,47
3908460,33087859000139,"LRE6699",5591726,2021-09-19 02:09:28,2021-09-19 23:20:38,1,-22.9143946,-43.2984058,6.666,"355474061692602","Nao",NA,"BEL TOUR TURISMO E TRANSPORTES LTDA","33.087.859/0001-39","Nao","Sim","Nao",2023-06-29,2023-07-05,2014,"Executivo",46,46
3908461,33087859000139,"LRE6699",5599051,2021-09-24 23:31:56,2021-09-27 00:30:10,1,0,0,0,"355474061751366","Nao",NA,"BEL TOUR TURISMO E TRANSPORTES LTDA","33.087.859/0001-39","Nao","Sim","Nao",2023-06-29,2023-07-05,2014,"Executivo",46,46
3908462,33087859000139,"LTT8G43",5596640,2021-09-24 11:54:30,2021-09-24 11:54:38,1,-22.8883007,-43.3271165,119.2,"355474061020887","Nao",NA,"BEL TOUR TURISMO E TRANSPORTES LTDA","33.087.859/0001-39","Nao","Sim","Nao",2021-12-10,2023-07-05,2019,"Executivo",47,47
3908470,34715636000131,"AUF9H44",5594179,2021-09-19 03:43:13,2021-09-19 09:13:07,1,-25.6899166107178,-48.4696731567383,0,"353595113071577","Nao",NA,"JACQUES TUR TRANSPORTE E TURISMO LTDA","34.715.636/0001-31","Nao","Sim","Nao",2023-07-08,2023-08-23,2011,"Executivo",19,19
3908471,34715636000131,"AUF9H44",5599894,2021-09-25 18:33:52,2021-09-25 20:33:25,1,-25.4339637756348,-48.8742218017578,0,"353595113071577","Nao",NA,"JACQUES TUR TRANSPORTE E TURISMO LTDA","34.715.636/0001-31","Nao","Sim","Nao",2023-07-08,2023-08-23,2011,"Executivo",19,19
3908474,35550863000117,"NVG2233",5594909,2021-09-20 14:29:18,2021-09-20 19:45:43,1,-10.9056129455566,-37.1129417419434,0,"355253114147925","Nao",NA,"HF PRESTADORA DE SERVICOS LTDA","35.550.863/0001-17","Nao","Sim","Nao",2022-07-13,2022-08-24,2010,"Executivo",19,19
3908475,35842536000139,"MML6926",5594217,2021-09-19 09:47:36,2021-09-21 07:33:47,1,-20.34198,-40.399261,1,"354868062187424","Nao",NA,"LIGSMAR ANTONIO ARRIGONI LTDA","35.842.536/0001-39","Nao","Sim","Nao",2024-01-13,2024-02-19,2014,"Executivo",45,45
3908476,35842536000139,"QKG1E32",5594248,2021-09-19 09:47:36,2021-09-21 06:56:13,1,-20.34198,-40.399261,1,"354868062265584","Nao",NA,"LIGSMAR ANTONIO ARRIGONI LTDA","35.842.536/0001-39","Nao","Sim","Nao",2021-09-30,2024-02-19,2015,"Executivo",48,48
3908477,36007155000105,"ARX8D38",5597760,2021-09-24 09:00:11,2021-09-24 22:31:20,1,-23.7616691589355,-53.2938194274902,0,"865207040696796","Nao",NA,"BARRETO & VIEIRA TRANSPORTE DE PASSAGEIROS LTDA","36.007.155/0001-05","Nao","Sim","Nao",2022-07-27,2024-03-24,2011,"Executivo",17,17
3866477,11924249000100,"LMW1H44",5578952,2021-09-06 03:50:28,2021-09-11 05:30:07,1,-22.8722629547119,-43.2584114074707,0,"352898491147154","Nao",NA,"JCV - FRETAMENTO, TRANSPORTES E TURISMO LTDA","11.924.249/0001-00","Nao","Sim","Nao",2022-02-24,2024-02-19,2019,"Executivo",16,16
3866478,11924249000100,"LMW1H44",5583911,2021-09-11 05:44:51,2021-09-11 11:47:33,1,-22.8780937194824,-43.3683815002441,0,"352898491147154","Nao",NA,"JCV - FRETAMENTO, TRANSPORTES E TURISMO LTDA","11.924.249/0001-00","Nao","Sim","Nao",2022-02-24,2024-02-19,2019,"Executivo",16,16
3866479,12077105000128,"PEV7H60",5581914,2021-09-05 18:44:36,2021-09-07 22:40:43,1,-9.43351364135742,-40.5110168457031,0,"357621104049475","Nao",NA,"FH TRANSPORTE, COMERCIO E SERVICOS LTDA","12.077.105/0001-28","Nao","Sim","Nao",2021-10-01,2023-08-10,2011,"Executivo",16,16
3866490,15221905000169,"LPZ6F61",5581690,2021-09-05 05:53:24,2021-09-05 20:23:40,1,-9.66794967651367,-35.7138252258301,0,"359476094574521","Nao",NA,"JULIANA DOS REIS BEVILAQUA EIRELI","15.221.905/0001-69","Nao","Sim","Nao",2022-02-18,2023-09-22,2011,"Executivo",50,50
3866491,15221905000169,"LPZ6F61",5582309,2021-09-06 05:56:05,2021-09-06 21:05:10,1,-9.66435527801514,-35.7089157104492,0,"359476094574521","Nao",NA,"JULIANA DOS REIS BEVILAQUA EIRELI","15.221.905/0001-69","Nao","Sim","Nao",2022-02-18,2023-09-22,2011,"Executivo",50,50
3866492,15221905000169,"LPZ6F61",5583234,2021-09-07 05:56:42,2021-09-07 21:18:32,1,-9.60145664215088,-35.6797637939453,0,"359476094574521","Nao",NA,"JULIANA DOS REIS BEVILAQUA EIRELI","15.221.905/0001-69","Nao","Sim","Nao",2022-02-18,2023-09-22,2011,"Executivo",50,50
3866493,15221905000169,"LPZ6F61",5584318,2021-09-09 05:47:49,2021-09-09 19:48:22,1,-9.59644794464111,-35.6761856079102,0,"359476094574521","Nao",NA,"JULIANA DOS REIS BEVILAQUA EIRELI","15.221.905/0001-69","Nao","Sim","Nao",2022-02-18,2023-09-22,2011,"Executivo",50,50
3866494,15221905000169,"LPZ6F61",5585173,2021-09-10 05:43:44,2021-09-10 20:46:06,1,-9.67196178436279,-35.716381072998,0,"359476094574521","Nao",NA,"JULIANA DOS REIS BEVILAQUA EIRELI","15.221.905/0001-69","Nao","Sim","Nao",2022-02-18,2023-09-22,2011,"Executivo",50,50
3866495,15221905000169,"LPZ6F61",5587012,2021-09-11 05:43:52,2021-09-11 19:49:21,1,-9.62443542480469,-35.6937446594238,0,"359476094574521","Nao",NA,"JULIANA DOS REIS BEVILAQUA EIRELI","15.221.905/0001-69","Nao","Sim","Nao",2022-02-18,2023-09-22,2011,"Executivo",50,50
3866496,15221905000169,"OZQ0331",5580942,2021-09-04 06:04:04,2021-09-04 10:19:16,1,-9.52173042297363,-35.6001052856445,0,"863705035623669","Nao",NA,"JULIANA DOS REIS BEVILAQUA EIRELI","15.221.905/0001-69","Nao","Sim","Nao",2021-10-29,2023-09-22,2013,"Executivo",26,26
3866497,17067125000131,"OQQ7668",5580518,2021-09-05 21:39:04,2021-09-09 10:24:24,1,-17.8643112182617,-41.5151672363281,0,"356342097631010","Nao",NA,"VIACAO OLIVEIRA TORRES LTDA.","17.067.125/0001-31","Nao","Sim","Nao",2023-11-29,2023-07-03,2013,"Executivo",44,44
3866498,17067125000131,"OQQ7668",5581837,2021-09-05 11:55:54,2021-09-07 06:15:26,1,-19.4799633026123,-42.5449905395508,0,"356342097539072","Nao",NA,"VIACAO OLIVEIRA TORRES LTDA.","17.067.125/0001-31","Nao","Sim","Nao",2023-11-29,2023-07-03,2013,"Executivo",44,44
3866502,19225075000107,"JAJ0B40",5584233,2021-09-10 06:58:04,2021-09-12 12:43:15,1,-27.6335792541504,-52.2758445739746,0,"358620103390038","Nao",NA,"EMS TRANSPORTES E TURISMO EIRELI ME","19.225.075/0001-07","Sim","Sim","Nao",2022-07-02,2021-10-06,2019,"Executivo",46,46
3866503,19225075000107,"JAJ0B60",5586620,2021-09-10 20:43:33,2021-09-12 05:27:10,1,-29.9915599822998,-51.1998519897461,0,"358620103392877","Nao",NA,"EMS TRANSPORTES E TURISMO EIRELI ME","19.225.075/0001-07","Sim","Sim","Nao",2022-08-17,2021-10-06,2019,"Executivo",63,63
3866509,19517694000167,"FUA9A50",5585321,2021-09-11 03:56:35,2021-09-11 17:50:30,1,-9.6294175,-35.7409205,1.3,"c32c2295362d2a1e","Nao",NA,"ALIANZZA TURISMO LTDA","19.517.694/0001-67","Nao","Sim","Nao",2022-01-08,2023-07-17,2014,"Executivo",32,32
3866510,20146015000170,"FTX3520",5582202,2021-09-06 14:38:43,2021-09-06 22:06:05,0,-23.532206,-46.619794,0,"353305085340954","Nao",NA,"VIACAO SAO CRISTOVAO LIMITADA.","20.146.015/0001-70","Sim","Sim","Nao",2022-07-16,2021-10-03,2014,"Executivo",46,46
3866511,20146015000170,"FTX3520",5582202,2021-09-05 17:49:38,2021-09-06 02:05:01,1,0,0,0,"353305085340954","Nao",NA,"VIACAO SAO CRISTOVAO LIMITADA.","20.146.015/0001-70","Sim","Sim","Nao",2022-07-16,2021-10-03,2014,"Executivo",46,46
3866512,20146015000170,"HBN9D07",5582213,2021-09-06 14:20:05,2021-09-06 22:15:36,0,-23.532167,-46.619816,0,"353305085457816","Nao",NA,"VIACAO SAO CRISTOVAO LIMITADA.","20.146.015/0001-70","Nao","Sim","Nao",2022-02-05,2023-06-03,2005,"Executivo",46,46
3866513,20146015000170,"HBN9D07",5582213,2021-09-05 18:39:23,2021-09-06 02:41:37,1,-20.470621,-45.122512,0,"353305085457816","Nao",NA,"VIACAO SAO CRISTOVAO LIMITADA.","20.146.015/0001-70","Nao","Sim","Nao",2022-02-05,2023-06-03,2005,"Executivo",46,46
3866514,20146015000170,"HDI7342",5582204,2021-09-05 18:41:23,2021-09-06 03:34:12,1,-20.47064,-45.122339,0,"353305085360937","Nao",NA,"VIACAO SAO CRISTOVAO LIMITADA.","20.146.015/0001-70","Sim","Sim","Nao",2022-06-07,2021-10-03,2007,"Executivo",43,43
3866515,20882498000170,"GEJ1J36",5583628,2021-09-08 12:10:22,2021-09-08 15:05:38,1,-22.9766311645508,-44.4450378417969,0,"356953086905502","Nao",NA,"TRANSVIPCAR TRANSPORTE LTDA","20.882.498/0001-70","Nao","Sim","Nao",2022-05-04,2023-11-22,2017,"Executivo",16,16
3866521,22386111000110,"LMX3E38",5581218,2021-09-05 04:32:55,2021-09-07 10:09:37,1,-22.8862056732178,-43.3811073303223,0,"356070101522111","Nao",NA,"CONEXAOTUR LTDA","22.386.111/0001-10","Nao","Sim","Nao",2021-11-26,2023-08-10,2019,"Executivo",20,20
3866525,24576515000100,"PBU0815",5584242,2021-09-09 07:59:52,2021-09-09 20:58:18,1,-15.94399262,-48.17223394,1.3,"7c2f8025902f9ec4","Nao",NA,"NORMARIO CARVALHO DA SILVA EIRELI","24.576.515/0001-00","Nao","Sim","Nao",2022-05-31,2022-06-02,2019,"Executivo",19,19
3866529,26932928000106,"MIJ9810",5578638,2021-09-05 08:23:18,2021-09-05 16:35:20,1,-26.87006,-52.4108315,4.35,"863586034921316","Nao",NA,"COLLET VIAGENS LTDA-EPP","26.932.928/0001-06","Nao","Sim","Nao",2021-11-03,2023-09-03,2010,"Executivo",49,49
3866538,30369504000144,"AZJ4H57",5583327,2021-09-07 08:11:25,2021-09-07 11:01:20,1,-26.1835250854492,-48.9093589782715,0,"865805046468548","Nao",NA,"NATUTUR OPERADORA DE TURISMO - EIRELI","30.369.504/0001-44","Nao","Sim","Nao",2022-01-19,2023-07-27,2014,"Executivo",18,18
3866539,30369504000144,"AZJ4H57",5587079,2021-09-11 07:53:43,2021-09-11 11:04:16,1,-26.1834316253662,-48.9092597961426,0,"865805046468548","Nao",NA,"NATUTUR OPERADORA DE TURISMO - EIRELI","30.369.504/0001-44","Nao","Sim","Nao",2022-01-19,2023-07-27,2014,"Executivo",18,18
3866540,30405879000112,"FIF6A00",5587294,2021-09-11 19:08:15,2021-09-13 09:02:50,1,-27.3575401306152,-53.388542175293,0,"354604087048931","Nao",NA,NA,NA,NA,NA,NA,NA,NA,NA,NA,NA,NA
3866545,32404063000108,"KOS8145",5585296,2021-09-11 04:26:22,2021-09-11 08:24:39,1,-22.117129,-43.203213,0,"356348098866877","Nao",NA,"VIACAO PROGRESSO E TURISMO S/A","32.404.063/0001-08","Nao","Sim","Nao",2022-04-08,2023-10-04,2011,"Executivo",24,24
3866546,32404063000108,"LLH1285",5582582,2021-09-06 20:59:35,2021-09-07 06:36:55,1,-22.117037,-43.21054,0,"356348098871513","Nao",NA,"VIACAO PROGRESSO E TURISMO S/A","32.404.063/0001-08","Sim","Sim","Nao",2022-03-02,2021-10-04,2010,"Executivo",46,46
3866547,32404063000108,"LNX5226",5582749,2021-09-06 18:36:31,2021-09-07 10:09:55,1,-22.115899,-43.200412,0,"356348098870879","Nao",NA,"VIACAO PROGRESSO E TURISMO S/A","32.404.063/0001-08","Sim","Sim","Nao",2022-01-20,2021-10-04,2001,"Executivo",47,47
3866548,32404063000108,"LPR9455",5582864,2021-09-06 23:27:24,2021-09-08 00:46:00,1,-22.54504,-44.171389,0,"357208078761408","Nao",NA,NA,NA,NA,NA,NA,NA,NA,NA,NA,NA,NA
3866549,32404063000108,"LTE2349",5580991,2021-09-05 03:35:48,2021-09-05 13:33:57,1,-22.522649,-44.124677,0,"356348098903449","Nao",NA,"VIACAO PROGRESSO E TURISMO S/A","32.404.063/0001-08","Sim","Sim","Nao",2021-10-29,2021-10-04,2017,"Executivo",46,46
3866550,32404063000108,"LTE2349",5583087,2021-09-06 23:25:59,2021-09-07 10:34:54,1,-22.545091,-44.171354,0,"356348098903449","Nao",NA,"VIACAO PROGRESSO E TURISMO S/A","32.404.063/0001-08","Sim","Sim","Nao",2021-10-29,2021-10-04,2017,"Executivo",46,46
3866553,32691848000109,"ODA0B58",5582670,2021-09-06 21:17:55,2021-09-08 08:44:46,1,-21.9955062866211,-41.6637153625488,0,"352997105524178","Nao",NA,"IBV TURISMO LTDA","32.691.848/0001-09","Nao","Sim","Nao",2023-05-16,2023-08-12,2011,"Executivo",43,43
3866556,33458732000189,"PDJ6J12",5581499,2021-09-05 07:55:20,2021-09-09 10:20:06,1,-7.49194572,-34.98218803,1.3,"04bc617664c31ed2","Nao",NA,"COOPERATIVA DOS PROPRIETARIOS DE ONIBUS ROD NO TRANSPORTE TURISTICO FRETAMENTO E ESCOLAR NO ESTADO DE PERNAMBUCO DO CABO DE SANTO AGOSTINHO","33.458.732/0001-89","Nao","Sim","Nao",2022-05-31,2023-07-05,2015,"Executivo",16,16
3866557,33458732000189,"PDJ6J12",5583982,2021-09-09 10:21:03,2021-09-09 12:35:08,1,-8.89529311,-35.15046714,1.3,"04bc617664c31ed2","Nao",NA,"COOPERATIVA DOS PROPRIETARIOS DE ONIBUS ROD NO TRANSPORTE TURISTICO FRETAMENTO E ESCOLAR NO ESTADO DE PERNAMBUCO DO CABO DE SANTO AGOSTINHO","33.458.732/0001-89","Nao","Sim","Nao",2022-05-31,2023-07-05,2015,"Executivo",16,16
3866558,33458732000189,"QEG3E79",5575809,2021-09-05 05:20:02,2021-09-05 05:21:19,1,-8.05758364,-34.8993267,1.3,"cfe5598c7dff0f46","Nao",NA,"COOPERATIVA DOS PROPRIETARIOS DE ONIBUS ROD NO TRANSPORTE TURISTICO FRETAMENTO E ESCOLAR NO ESTADO DE PERNAMBUCO DO CABO DE SANTO AGOSTINHO","33.458.732/0001-89","Nao","Sim","Nao",2022-05-18,2023-04-25,2016,"Executivo",16,16
3866559,33458732000189,"QEG3E79",5587754,2021-09-11 21:45:47,2021-09-13 13:12:17,1,-8.06668833333333,-34.9272033333333,1.3,"1c2b44d75b01388d","Nao",NA,"COOPERATIVA DOS PROPRIETARIOS DE ONIBUS ROD NO TRANSPORTE TURISTICO FRETAMENTO E ESCOLAR NO ESTADO DE PERNAMBUCO DO CABO DE SANTO AGOSTINHO","33.458.732/0001-89","Nao","Sim","Nao",2022-05-18,2023-04-25,2016,"Executivo",16,16
3866560,33458732000189,"QYS2B56",5581712,2021-09-05 04:40:41,2021-09-05 09:13:51,1,-8.0559778407182,-34.8988321599531,1.3,"7553f4d4bcc5f3e2","Nao",NA,"COOPERATIVA DOS PROPRIETARIOS DE ONIBUS ROD NO TRANSPORTE TURISTICO FRETAMENTO E ESCOLAR NO ESTADO DE PERNAMBUCO DO CABO DE SANTO AGOSTINHO","33.458.732/0001-89","Nao","Sim","Nao",2023-05-10,2024-03-12,2020,"Executivo",16,16
3908295,1031060000134,"PRK1218",5590327,2021-09-19 21:15:09,2021-09-20 18:28:53,0,-10.978666,-37.043995,0,"e2d2b5b335e80444","Nao",NA,"EXPRESSO SATELITE NORTE LTDA","01.031.060/0001-34","Sim","Sim","Nao",2022-06-23,2021-10-03,2017,"Executivo",45,45
3908296,1031060000134,"PRK6608",5590277,2021-09-19 18:58:01,2021-09-20 09:07:26,0,-1.298495,-47.921037,0,"d21aa5487e098517","Nao",NA,"EXPRESSO SATELITE NORTE LTDA","01.031.060/0001-34","Sim","Sim","Nao",2022-07-12,2021-10-03,2017,"Executivo",45,45
3908297,1031060000134,"RBU3B77",5596047,2021-09-22 05:54:25,2021-09-28 08:25:47,1,-3.740965,-38.535036,2.1,"358443074095639","Nao",NA,"EXPRESSO SATELITE NORTE LTDA","01.031.060/0001-34","Sim","Sim","Nao",2021-12-03,2021-10-03,2020,"Executivo",46,46
3908298,1031060000134,"RBU3F27",5590620,2021-09-20 07:21:45,2021-09-20 14:22:46,0,-4.273088,-41.77614,3.8,"358443074095639","Nao",NA,"EXPRESSO SATELITE NORTE LTDA","01.031.060/0001-34","Sim","Sim","Nao",2021-11-09,2021-10-03,2020,"Executivo",46,46
3908311,3456707000103,"PDG5001",5596549,2021-09-23 18:00:11,2021-09-24 10:47:53,1,-7.03109645843506,-37.2815780639648,0,"351798100037757","Nao",NA,"TRANSBRAZ LTDA EPP","03.456.707/0001-03","Sim","Sim","Nao",2021-11-26,2021-10-14,2015,"Executivo",50,50
3908312,3456707000103,"QYA1772",5597468,2021-09-23 23:17:49,2021-09-24 08:23:58,1,-7.02016687393188,-37.2415657043457,0,"351798100039738","Nao",NA,"TRANSBRAZ LTDA EPP","03.456.707/0001-03","Sim","Sim","Nao",2022-09-13,2022-08-23,2019,"Executivo",52,52
3908313,3456707000103,"QYE7806",5597452,2021-09-23 20:00:49,2021-09-24 08:26:36,1,-6.46238660812378,-37.0438652038574,0,"351798100038391","Nao",NA,"TRANSBRAZ LTDA EPP","03.456.707/0001-03","Sim","Sim","Nao",2021-11-12,2021-10-14,2019,"Executivo",60,60
3908323,3724381000140,"MXD0G03",5598937,2021-09-24 18:06:02,2021-09-27 09:16:20,1,-21.1437530517578,-47.8228950500488,0,"350920332084032","Nao",NA,"GILTUR TRANSPORTES LTDA","03.724.381/0001-40","Nao","Sim","Nao",2022-06-25,2022-11-22,2010,"Executivo",42,42
3908330,5233521000102,"AXT1138",5598239,2021-09-24 20:14:33,2021-09-26 13:12:36,1,-23.523948,-46.678428,0,"356496088372131","Nao",NA,"BRASIL SUL LINHAS RODOVIARIAS LTDA","05.233.521/0001-02","Sim","Sim","Nao",2021-12-03,2021-10-04,2013,"Executivo",44,44
3866301,1467519000147,"AYW9530",5585394,2021-09-10 16:00:08,2021-09-11 06:48:14,1,-23.6634845733643,-52.5917015075684,0,"359452071626782","Nao",NA,"COLORTUR - EMPRESA DE TRANSPORTES E TURISMO LTDA - ME","01.467.519/0001-47","Nao","Sim","Nao",2023-03-08,2023-10-22,2014,"Executivo",46,46
3866329,47759204000174,"EOF5604",5579583,2021-09-07 09:38:04,2021-09-09 03:21:11,1,-17.742275,-48.62659,1.3,"8fec97fa539f60bf","Nao",NA,"E. MACIEL DE BARROS & CIA LTDA","47.759.204/0001-74","Nao","Sim","Nao",2021-11-04,2023-06-20,2013,"Executivo",44,44
3866333,50958412000107,"EQU0C07",5579434,2021-09-07 10:26:19,2021-09-07 23:21:11,0,-22.879487,-43.621098,0,"b76cc9dd624898a5","Nao",NA,"JUNDIA TRANSPORTADORA TURISTICA LTDA","50.958.412/0001-07","Sim","Nao","Nao",2022-01-13,2021-10-03,2011,"Executivo",46,46
3866334,50958412000107,"EQU0C07",5579542,2021-09-07 17:13:47,2021-09-07 17:14:46,1,-22.879468,-43.621155,0,"b229d9785afcf4fb","Nao",NA,"JUNDIA TRANSPORTADORA TURISTICA LTDA","50.958.412/0001-07","Sim","Nao","Nao",2022-01-13,2021-10-03,2011,"Executivo",46,46
3866335,50958412000107,"EQU0C10",5579542,2021-09-07 09:16:57,2021-09-07 09:18:18,1,-22.877163,-43.766692,0,"b229d9785afcf4fb","Nao",NA,NA,NA,NA,NA,NA,NA,NA,NA,NA,NA,NA
3866336,50958412000107,"FCN9C42",5579385,2021-09-07 20:42:07,2021-09-08 04:26:43,0,-22.921254,-43.173657,0,"bb62665344b08f59","Nao",NA,"JUNDIA TRANSPORTADORA TURISTICA LTDA","50.958.412/0001-07","Sim","Sim","Nao",2022-01-14,2021-10-03,2019,"Executivo",45,45
3866337,50958412000107,"FVD6J08",5579477,2021-09-07 21:17:57,2021-09-08 06:42:11,0,-23.006225,-43.312057,0,"01fbf51a1fa899b7","Nao",NA,"JUNDIA TRANSPORTADORA TURISTICA LTDA","50.958.412/0001-07","Sim","Sim","Nao",2022-01-14,2021-10-03,2019,"Executivo",45,45
3866338,50958412000107,"FYW1E51",5579473,2021-09-07 22:22:09,2021-09-08 07:48:51,1,-22.897933,-43.189803,0,"27c90b1c92fb0bf6","Nao",NA,"JUNDIA TRANSPORTADORA TURISTICA LTDA","50.958.412/0001-07","Sim","Sim","Nao",2022-01-18,2021-10-03,2019,"Executivo",45,45
3866339,50958412000107,"GBU2G72",5579457,2021-09-07 18:37:30,2021-09-08 06:00:51,1,-22.880368,-43.621788,0,"29de48afe5e132f7","Nao",NA,"JUNDIA TRANSPORTADORA TURISTICA LTDA","50.958.412/0001-07","Sim","Sim","Nao",2022-01-15,2021-10-03,2019,"Executivo",45,45
3866340,50958412000107,"GHJ8A24",5579408,2021-09-07 21:04:43,2021-09-08 05:07:26,0,-22.895172,-43.187607,0,"bbd9c4254a4d74ad","Nao",NA,"JUNDIA TRANSPORTADORA TURISTICA LTDA","50.958.412/0001-07","Sim","Sim","Nao",2022-01-15,2021-10-03,2019,"Executivo",45,45
3866342,54360623000102,"BYZ3A45",5578643,2021-09-03 16:39:25,2021-09-16 16:00:45,1,-23.1124038696289,-45.6480140686035,0,"352609090551302","Nao",NA,"VIACAO PIRACICABANA LTDA","54.360.623/0001-02","Nao","Sim","Nao",2023-04-09,2023-06-30,2020,"Executivo",48,48
3866343,54360623000102,"FJX3185",5585724,2021-09-11 23:22:23,2021-09-12 06:50:33,1,-23.164571762085,-45.8060760498047,0,"355514118353292","Nao",NA,NA,NA,NA,NA,NA,NA,NA,NA,NA,NA,NA
3866362,55334262000184,"EWU6030",5582483,2021-09-07 12:12:56,2021-09-09 12:11:32,1,-23.514331817627,-46.650276184082,0,"354604080547475","Nao",NA,"EMPRESA DE TRANSPORTES ANDORINHA SA","55.334.262/0001-84","Sim","Sim","Nao",2022-09-28,2021-11-05,2012,"Executivo",42,42
3866363,55334262000184,"FCY1640",5585489,2021-09-10 12:23:55,2021-09-11 10:14:43,1,-23.5145511627197,-46.6504821777344,0,"353327104826805","Nao",NA,"EMPRESA DE TRANSPORTES ANDORINHA SA","55.334.262/0001-84","Sim","Sim","Nao",2022-09-02,2021-10-05,2014,"Executivo",42,42
3866364,55334262000184,"FGX8261",5581890,2021-09-05 10:10:12,2021-09-06 07:11:53,1,-19.0097732543945,-57.6453628540039,0,"353327104826805","Nao",NA,"EMPRESA DE TRANSPORTES ANDORINHA SA","55.334.262/0001-84","Sim","Sim","Nao",2021-11-19,2021-10-05,2014,"Executivo",44,44
3866365,55334262000184,"FIG9478",5582483,2021-09-06 12:08:25,2021-09-07 09:04:57,1,-23.5145015716553,-46.6502952575684,0,"357110079924540","Nao",NA,"EMPRESA DE TRANSPORTES ANDORINHA SA","55.334.262/0001-84","Sim","Sim","Nao",2026-09-07,2021-10-05,2014,"Executivo",42,42
3866366,55334262000184,"FSM0722",5583793,2021-09-08 12:31:05,2021-09-09 09:34:17,1,-23.5149974822998,-46.6508369445801,0,"354604080547368","Nao",NA,"EMPRESA DE TRANSPORTES ANDORINHA SA","55.334.262/0001-84","Sim","Sim","Nao",2021-12-10,2021-10-05,2014,"Executivo",42,42
3866367,55334262000184,"FSM0722",5585358,2021-09-10 11:09:28,2021-09-11 10:10:38,1,-23.4369773864746,-47.0979804992676,0,"354604080545883","Nao",NA,"EMPRESA DE TRANSPORTES ANDORINHA SA","55.334.262/0001-84","Sim","Sim","Nao",2021-12-10,2021-10-05,2014,"Executivo",42,42
3866368,55334262000184,"GDY3665",5587213,2021-09-11 12:25:02,2021-09-12 09:28:49,1,-23.5146102905273,-46.6503295898438,0,"351962085951024","Nao",NA,"EMPRESA DE TRANSPORTES ANDORINHA SA","55.334.262/0001-84","Sim","Sim","Nao",2022-08-18,2021-10-05,2015,"Executivo",42,42
3866369,55334262000184,"GIZ8236",5584426,2021-09-09 11:21:40,2021-09-10 10:08:45,1,-19.4383697509766,-57.4420280456543,0,"354604080539688","Nao",NA,"EMPRESA DE TRANSPORTES ANDORINHA SA","55.334.262/0001-84","Sim","Sim","Nao",2021-11-23,2021-10-05,2015,"Executivo",42,42
3866373,65827131000192,"EUZ2710",5585326,2021-09-10 21:57:21,2021-09-11 06:16:16,1,-23.5229454040527,-46.6645431518555,0,"354119079828174","Nao",NA,"TRANSGUERRA TRANSPORTADORA TURISTICA LTDA","65.827.131/0001-92","Nao","Sim","Nao",2022-05-06,2023-06-20,2019,"Executivo",47,47
3866393,5824788000174,"IWV2197",5576944,2021-09-01 23:45:21,2021-09-09 20:26:05,1,0,0,0,"358318078243643","Nao",NA,"EMPRESA DE TRANSPORTES KOPERECK LTDA","05.824.788/0001-74","Nao","Sim","Nao",2021-09-14,2023-08-27,2015,"Executivo",48,48
3866394,6044464000186,"ILU4022",5584428,2021-09-10 15:05:54,2021-09-10 20:12:38,0,-28.285262,-54.266649,0,"ebad3ddfde5d4ee5","Nao",NA,"CRISTIANO MINGOTI LTDA","06.044.464/0001-86","Nao","Sim","Nao",2022-02-03,2022-05-31,2004,"Executivo",21,21
3866395,6044464000186,"ILU4022",5584428,2021-09-10 02:53:53,2021-09-10 08:09:28,1,-27.649056,-52.265767,0,"ebad3ddfde5d4ee5","Nao",NA,"CRISTIANO MINGOTI LTDA","06.044.464/0001-86","Nao","Sim","Nao",2022-02-03,2022-05-31,2004,"Executivo",21,21
3866422,6044464000186,"IWL4944",5584881,2021-09-10 10:23:38,2021-09-10 12:36:24,1,-27.13191,-52.660287,0,"966680ae5280d9ae","Nao",NA,"CRISTIANO MINGOTI LTDA","06.044.464/0001-86","Nao","Sim","Nao",2022-01-20,2024-03-22,2014,"Executivo",16,16
3866457,10214806000136,"AVD2980",5580954,2021-09-06 07:53:05,2021-09-06 14:00:41,0,-23.668802,-46.597236,0,"356361083457123","Nao",NA,"JHONATHAN ALVES DA SILVA LTDA","10.214.806/0001-36","Nao","Sim","Nao",2023-01-19,2023-07-27,2011,"Executivo",16,16
3866458,10214806000136,"AVD2980",5586837,2021-09-10 23:54:12,2021-09-11 07:40:12,1,-20.944806,-44.918976,0,"356361083457123","Nao",NA,"JHONATHAN ALVES DA SILVA LTDA","10.214.806/0001-36","Nao","Sim","Nao",2023-01-19,2023-07-27,2011,"Executivo",16,16
3866459,10235494000147,"EYZ8587",5583610,2021-09-08 08:09:52,2021-09-11 21:36:07,1,-20.0471782684326,-47.7803192138672,0,"352898496789364","Nao",NA,"LOCADORA VAN MIX LTDA","10.235.494/0001-47","Nao","Sim","Nao",2021-10-06,2022-10-05,2011,"Executivo",16,16
3866460,10390962000158,"DBB1969",5586518,2021-09-10 21:37:02,2021-09-11 13:04:45,1,-17.347930027172,-44.9445939436555,1.3,"49c50ad408db4857","Nao",NA,"BRAGA TURISMO E TRANSPORTE LTDA","10.390.962/0001-58","Nao","Sim","Nao",2022-06-07,2024-05-04,2009,"Executivo",50,50
3866480,12605262000169,"DMK6B19",5586107,2021-09-10 21:35:55,2021-09-11 09:09:24,1,-23.8832378387451,-46.4209289550781,0,"356818092786867","Nao",NA,"RR FALCAO TRANSP E LOCACAO LIMITADA","12.605.262/0001-69","Nao","Sim","Nao",2022-07-12,2023-07-14,2020,"Executivo",32,32
3866481,12605262000169,"ERR9892",5578298,2021-09-05 18:21:07,2021-09-06 03:10:28,1,-26.8049736022949,-48.637020111084,0,"356818092786867","Nao",NA,"RR FALCAO TRANSP E LOCACAO LIMITADA","12.605.262/0001-69","Nao","Sim","Nao",2021-09-15,2023-07-14,2019,"Executivo",19,19
3866482,12605262000169,"OPG6A48",5586100,2021-09-10 20:02:47,2021-09-11 07:55:11,1,-23.9816570281982,-46.4010276794434,0,"351971082807030","Nao",NA,"RR FALCAO TRANSP E LOCACAO LIMITADA","12.605.262/0001-69","Nao","Sim","Nao",2024-01-14,2023-07-14,2012,"Executivo",46,46
3866487,13836490000102,"FWL3555",5584264,2021-09-10 17:03:51,2021-09-10 21:05:40,1,-22.3338317871094,-44.5367202758789,0,"358953088469042","Nao",NA,"A. P. R. LOCADORA DE VEICULOS EIRELI","13.836.490/0001-02","Nao","Sim","Nao",2022-12-16,2023-07-30,2014,"Executivo",16,16
3866489,14509351000137,"KRM6955",5581727,2021-09-05 08:36:01,2021-09-06 03:58:25,1,-23.000123,-43.339912,0,"865083032541237","Nao",NA,"CDP TOUR TURISMO E FRETAMENTO LTDA","14.509.351/0001-37","Nao","Sim","Nao",2021-11-30,2023-12-17,2014,"Executivo",16,16
3866517,21608629000199,"BAJ3072",5584499,2021-09-10 23:33:25,2021-09-11 10:46:36,1,-24.77506054,-50.00659748,1.3,"2b973135bda781fe","Nao",NA,"LUCAS WYSTON DINIZ EIRELI","21.608.629/0001-99","Nao","Sim","Nao",2021-09-25,2023-09-15,2015,"Executivo",15,15
3866520,22243823000180,"LUI2C54",5585224,2021-09-10 14:47:18,2021-09-10 21:48:41,1,-22.853795,-43.247362,0,"865083032553844","Nao",NA,"NL FRETAMENTO TURISMO E LOCADORA LTDA-ME","22.243.823/0001-80","Nao","Sim","Nao",2021-09-28,2023-10-18,2019,"Executivo",16,16
3866522,23338155000138,"RMJ0D06",5582835,2021-09-07 13:45:53,2021-09-07 22:37:15,0,-15.805842,-47.960948,0,"351896095086019","Nao",NA,"EMPRESA SAO CRISTOVAO LTDA","23.338.155/0001-38","Sim","Sim","Nao",2021-12-29,2021-10-07,2020,"Executivo",49,49
3866523,23338155000138,"RMJ0D06",5582835,2021-09-06 21:22:44,2021-09-07 07:40:17,1,-18.57237,-46.52273,0,"351896095086019","Nao",NA,"EMPRESA SAO CRISTOVAO LTDA","23.338.155/0001-38","Sim","Sim","Nao",2021-12-29,2021-10-07,2020,"Executivo",49,49
3866535,27492479000187,"PPC2492",5584779,2021-09-10 01:30:38,2021-09-12 23:23:05,1,-19.5328102,-40.6273346,2.1,"358222058547710","Nao",NA,"VIACAO SAO GABRIEL LTDA","27.492.479/0001-87","Nao","Sim","Nao",2022-02-10,2023-12-08,2014,"Executivo",56,56
3866542,31126999000143,"QFV9100",5584325,2021-09-09 15:03:58,2021-09-13 10:41:45,1,-7.148998,-34.80888063,1.3,"96a1d61f1a6d9f07","Nao",NA,"EGYPTUS SERVICOS DE VIAGEM E TURISMO EIRELI","31.126.999/0001-43","Nao","Sim","Nao",2023-12-07,2024-01-02,2014,"Executivo",48,48
3866552,32575778000115,"KNZ5711",5585190,2021-09-11 03:17:37,2021-09-11 06:21:26,1,-21.868532,-43.316905,0,"4ece9a2e41a251b1","Nao",NA,"RAFAEL TURISMO EIRELI","32.575.778/0001-15","Nao","Sim","Nao",2023-07-29,2024-02-15,2010,"Executivo",16,16
3866561,33867184000140,"MEC4H57",5581817,2021-09-05 12:01:18,2021-09-07 00:00:10,1,-27.1967430114746,-49.6270484924316,0,"865485041151942","Nao",NA,"VALE EUROPEU TURISMO EIRELI","33.867.184/0001-40","Nao","Sim","Nao",2022-09-30,2023-09-19,2006,"Executivo",31,31
3866562,33867184000140,"MEC4H57",5583199,2021-09-07 02:04:17,2021-09-08 07:47:52,1,-26.0616111755371,-48.8599891662598,0,"865485041151942","Nao",NA,"VALE EUROPEU TURISMO EIRELI","33.867.184/0001-40","Nao","Sim","Nao",2022-09-30,2023-09-19,2006,"Executivo",31,31
3908302,1475971000150,"PYQ5278",5593108,2021-09-19 07:07:38,2021-09-20 10:06:50,1,-20.072546,-44.576416,1,"355371028522015","Nao",NA,"IMPULSO TURISMO & TRANSPORTES LTDA","01.475.971/0001-50","Nao","Sim","Nao",2023-12-06,2023-06-03,2016,"Executivo",59,59
3908303,2136283000129,"QTL7435",5595879,2021-09-22 08:47:09,2021-09-29 10:30:01,1,-26.912632,-49.0853271,4.35,"862631032092099","Nao",NA,"CANDY TUR FRETAMENTOS LTDA EPP","02.136.283/0001-29","Nao","Sim","Nao",2023-01-29,2023-06-19,2019,"Executivo",44,44
3908314,3637299000188,"RFT7J56",5598382,2021-09-25 05:20:58,2021-09-25 08:47:21,1,-22.0799903869629,-46.2417869567871,0,"352481783147396","Nao",NA,"RODRIGUES & BIAGIONI LTDA","03.637.299/0001-88","Nao","Sim","Nao",2021-10-08,2023-10-01,2020,"Executivo",19,19
3908334,5824788000174,"ITL4080",5597112,2021-09-25 11:40:29,2021-10-02 04:34:29,1,0,0,0,"358443079263315","Nao",NA,NA,NA,NA,NA,NA,NA,NA,NA,NA,NA,NA
3908335,5824788000174,"IVF4178",5595378,2021-09-21 02:45:38,2021-09-24 11:46:11,1,0,0,0,"354743082679066","Nao",NA,"EMPRESA DE TRANSPORTES KOPERECK LTDA","05.824.788/0001-74","Nao","Sim","Nao",2021-12-04,2023-08-27,2013,"Executivo",45,45
3908336,5824788000174,"IWW4288",5597387,2021-09-25 10:25:28,2021-10-01 23:05:40,1,-21.7083455,-45.2681189,3.9,"358318078243643","Nao",NA,"EMPRESA DE TRANSPORTES KOPERECK LTDA","05.824.788/0001-74","Nao","Sim","Nao",2021-09-16,2023-08-27,2015,"Executivo",56,56
3908337,5824788000174,"IYF1894",5591249,2021-09-20 14:18:31,2021-09-21 07:04:30,1,-25.4803917,-53.5911214,5.75,"358318078243536","Nao",NA,"EMPRESA DE TRANSPORTES KOPERECK LTDA","05.824.788/0001-74","Nao","Sim","Nao",2021-10-30,2023-08-27,2017,"Executivo",55,55
3908338,5843056000121,"ASZ5147",5600041,2021-09-25 13:40:18,2021-09-28 13:29:38,1,-16.832688,-42.0947347,4,"ef497df18bf62013","Nao",NA,"HUENDERSON ALIANDRO GUEDES LTDA","05.843.056/0001-21","Nao","Sim","Nao",2023-05-30,2023-08-31,2010,"Executivo",42,42
3908340,6044464000186,"IXA0611",5589387,2021-09-20 08:46:08,2021-09-20 18:50:38,0,-29.365767,-50.859458,0,"ebad3ddfde5d4ee5","Nao",NA,"CRISTIANO MINGOTI LTDA","06.044.464/0001-86","Nao","Sim","Nao",2023-01-04,2023-01-22,2014,"Executivo",44,44
2697062,82424789000172,"AWT0995",5032141,2021-09-13 18:27:10,2021-09-13 18:29:22,1,-24.2346556,-50.7487378,0,"355929100341594","Nao",NA,NA,NA,NA,NA,NA,NA,NA,NA,NA,NA,NA
3888229,5824788000174,"ITL4080",5589180,2021-09-15 09:09:51,2021-09-15 22:10:03,1,-21.7036167,-45.2555711,96.191,"358443079263315","Nao",NA,NA,NA,NA,NA,NA,NA,NA,NA,NA,NA,NA
3888230,5824788000174,"ITL4080",5591865,2021-09-17 15:30:12,2021-09-20 05:03:16,1,-21.7034353,-45.2553898,64.128,"358443079263315","Nao",NA,NA,NA,NA,NA,NA,NA,NA,NA,NA,NA,NA
3888231,5824788000174,"IVF4178",5588620,2021-09-14 03:08:15,2021-09-17 15:52:24,1,-31.7033735,-52.3638438,10.129,"354743082585248","Nao",NA,"EMPRESA DE TRANSPORTES KOPERECK LTDA","05.824.788/0001-74","Nao","Sim","Nao",2021-12-04,2023-08-27,2013,"Executivo",45,45
3888232,5824788000174,"IVG9454",5590860,2021-09-17 19:35:16,2021-09-21 06:49:22,1,0,0,0,"358318078243643","Nao",NA,"EMPRESA DE TRANSPORTES KOPERECK LTDA","05.824.788/0001-74","Nao","Sim","Nao",2021-10-26,2023-08-27,2013,"Executivo",36,36
3888233,5824788000174,"IWV2197",5590588,2021-09-17 03:01:00,2021-09-21 15:44:24,1,-32.0348443,-52.285779,3.9,"356626074792195","Nao",NA,"EMPRESA DE TRANSPORTES KOPERECK LTDA","05.824.788/0001-74","Nao","Sim","Nao",2021-09-14,2023-08-27,2015,"Executivo",48,48
3888234,5824788000174,"IWW4288",5585462,2021-09-11 06:28:39,2021-09-17 09:59:26,1,0,0,0,"354743082679066","Nao",NA,"EMPRESA DE TRANSPORTES KOPERECK LTDA","05.824.788/0001-74","Nao","Sim","Nao",2021-09-16,2023-08-27,2015,"Executivo",56,56
3888237,6044464000186,"IWL4944",5589253,2021-09-14 19:08:47,2021-09-14 21:13:37,0,-27.131887,-52.660121,0,"966680ae5280d9ae","Nao",NA,"CRISTIANO MINGOTI LTDA","06.044.464/0001-86","Nao","Sim","Nao",2022-01-20,2024-03-22,2014,"Executivo",16,16
3888238,6044464000186,"IWL4944",5589948,2021-09-15 14:23:48,2021-09-15 16:22:13,0,-27.131954,-52.660202,0,"966680ae5280d9ae","Nao",NA,"CRISTIANO MINGOTI LTDA","06.044.464/0001-86","Nao","Sim","Nao",2022-01-20,2024-03-22,2014,"Executivo",16,16
3888239,6044464000186,"IWL4944",5590371,2021-09-16 11:08:43,2021-09-16 12:38:46,0,-27.131971,-52.660219,0,"966680ae5280d9ae","Nao",NA,"CRISTIANO MINGOTI LTDA","06.044.464/0001-86","Nao","Sim","Nao",2022-01-20,2024-03-22,2014,"Executivo",16,16
3888240,6044464000186,"IWL4944",5592078,2021-09-17 14:28:09,2021-09-17 16:18:53,0,-27.131972,-52.660187,0,"966680ae5280d9ae","Nao",NA,"CRISTIANO MINGOTI LTDA","06.044.464/0001-86","Nao","Sim","Nao",2022-01-20,2024-03-22,2014,"Executivo",16,16
3888241,6044464000186,"IWL4944",5589249,2021-09-14 13:00:06,2021-09-14 14:32:11,1,-27.640466,-52.299922,0,"966680ae5280d9ae","Nao",NA,"CRISTIANO MINGOTI LTDA","06.044.464/0001-86","Nao","Sim","Nao",2022-01-20,2024-03-22,2014,"Executivo",16,16
3888242,6044464000186,"IWL4944",5589253,2021-09-14 16:28:10,2021-09-14 18:18:11,1,-27.647648,-52.266266,0,"966680ae5280d9ae","Nao",NA,"CRISTIANO MINGOTI LTDA","06.044.464/0001-86","Nao","Sim","Nao",2022-01-20,2024-03-22,2014,"Executivo",16,16
3888243,6044464000186,"IWL4944",5589948,2021-09-15 12:20:52,2021-09-15 14:02:06,1,-27.633321,-52.255445,0,"966680ae5280d9ae","Nao",NA,"CRISTIANO MINGOTI LTDA","06.044.464/0001-86","Nao","Sim","Nao",2022-01-20,2024-03-22,2014,"Executivo",16,16
3888244,6044464000186,"IWL4944",5590371,2021-09-16 06:08:28,2021-09-16 08:10:59,1,-27.658132,-52.264572,0,"966680ae5280d9ae","Nao",NA,"CRISTIANO MINGOTI LTDA","06.044.464/0001-86","Nao","Sim","Nao",2022-01-20,2024-03-22,2014,"Executivo",16,16
3888245,6044464000186,"IWL4944",5592078,2021-09-17 12:36:02,2021-09-17 14:05:17,1,-27.640569,-52.299955,0,"966680ae5280d9ae","Nao",NA,"CRISTIANO MINGOTI LTDA","06.044.464/0001-86","Nao","Sim","Nao",2022-01-20,2024-03-22,2014,"Executivo",16,16
3888246,6044464000186,"IXA0611",5589387,2021-09-17 03:51:06,2021-09-17 14:53:23,1,-27.631697,-52.280565,0,"ebad3ddfde5d4ee5","Nao",NA,"CRISTIANO MINGOTI LTDA","06.044.464/0001-86","Nao","Sim","Nao",2023-01-04,2023-01-22,2014,"Executivo",44,44
3888263,10214806000136,"AVD2980",5586837,2021-09-12 18:03:06,2021-09-13 00:49:06,0,-22.89575,-43.219133,0,"356361083457123","Nao",NA,"JHONATHAN ALVES DA SILVA LTDA","10.214.806/0001-36","Nao","Sim","Nao",2023-01-19,2023-07-27,2011,"Executivo",16,16
3888264,10214806000136,"AVD2980",5593489,2021-09-17 22:44:53,2021-09-18 09:17:46,1,-21.262504,-44.988304,0,"356361083457123","Nao",NA,"JHONATHAN ALVES DA SILVA LTDA","10.214.806/0001-36","Nao","Sim","Nao",2023-01-19,2023-07-27,2011,"Executivo",16,16
3888265,10390962000158,"DBB1969",5589766,2021-09-15 14:25:27,2021-09-19 11:08:24,1,-17.3435007361695,-44.9189599044621,1.3,"49c50ad408db4857","Nao",NA,"BRAGA TURISMO E TRANSPORTE LTDA","10.390.962/0001-58","Nao","Sim","Nao",2022-06-07,2024-05-04,2009,"Executivo",50,50
3888273,11386081000126,"IME8491",5590557,2021-09-17 13:48:52,2021-09-17 13:49:55,1,-20.4661056,-45.4519117,1.3,"387fd46d6986530c","Nao",NA,"A M TURISMO FORMIGA EIRELI - EPP","11.386.081/0001-26","Nao","Sim","Nao",2021-12-01,2023-06-01,2004,"Executivo",50,50
3888280,12605262000169,"OPG6A48",5592204,2021-09-17 20:08:31,2021-09-18 05:55:12,1,-23.9992198944092,-46.4145965576172,0,"351971082807030","Nao",NA,"RR FALCAO TRANSP E LOCACAO LIMITADA","12.605.262/0001-69","Nao","Sim","Nao",2024-01-14,2023-07-14,2012,"Executivo",46,46
3888286,13836490000102,"FWL3555",5588388,2021-09-13 06:13:46,2021-09-13 10:47:02,1,-23.4583225250244,-46.476448059082,0,"358953088469042","Nao",NA,"A. P. R. LOCADORA DE VEICULOS EIRELI","13.836.490/0001-02","Nao","Sim","Nao",2022-12-16,2023-07-30,2014,"Executivo",16,16
3888287,14509351000137,"KRI6723",5591221,2021-09-18 03:20:34,2021-09-18 11:19:51,1,-22.866197,-43.373403,0,"865083032404840","Nao",NA,"CDP TOUR TURISMO E FRETAMENTO LTDA","14.509.351/0001-37","Nao","Sim","Nao",2021-11-03,2023-12-17,2015,"Executivo",28,28
3888288,14509351000137,"KRM6955",5592298,2021-09-18 02:56:43,2021-09-18 06:55:26,0,-22.660045,-45.005662,0,"865083032541237","Nao",NA,"CDP TOUR TURISMO E FRETAMENTO LTDA","14.509.351/0001-37","Nao","Sim","Nao",2021-11-30,2023-12-17,2014,"Executivo",16,16
3888289,14509351000137,"KRM6955",5592720,2021-09-18 18:40:06,2021-09-19 20:44:53,0,-22.833423,-45.217112,0,"865083032541237","Nao",NA,"CDP TOUR TURISMO E FRETAMENTO LTDA","14.509.351/0001-37","Nao","Sim","Nao",2021-11-30,2023-12-17,2014,"Executivo",16,16
3888290,14509351000137,"KRM6955",5592298,2021-09-18 02:56:09,2021-09-18 02:56:16,1,-22.660045,-45.005662,0,"865083032541237","Nao",NA,"CDP TOUR TURISMO E FRETAMENTO LTDA","14.509.351/0001-37","Nao","Sim","Nao",2021-11-30,2023-12-17,2014,"Executivo",16,16
3888291,14509351000137,"KRM6955",5592720,2021-09-18 07:11:14,2021-09-18 18:39:00,1,-22.880765,-43.414925,0,"865083032541237","Nao",NA,"CDP TOUR TURISMO E FRETAMENTO LTDA","14.509.351/0001-37","Nao","Sim","Nao",2021-11-30,2023-12-17,2014,"Executivo",16,16
3888336,23153256000134,"OUT2541",5588527,2021-09-13 16:17:34,2021-09-13 20:36:15,1,-6.74124526977539,-37.5687065124512,0,"359232095007759","Nao",NA,"JEAN HENRIQUE FERREIRA MONTEIRO EIRELI","23.153.256/0001-34","Nao","Sim","Nao",2021-10-23,2021-10-17,2013,"Executivo",16,16
3888337,23153256000134,"OUT2541",5590281,2021-09-16 16:17:13,2021-09-16 20:47:26,1,-6.73923397064209,-37.5674171447754,0,"359232095007759","Nao",NA,"JEAN HENRIQUE FERREIRA MONTEIRO EIRELI","23.153.256/0001-34","Nao","Sim","Nao",2021-10-23,2021-10-17,2013,"Executivo",16,16
3888338,23338155000138,"HIA7324",5591113,2021-09-17 03:26:16,2021-09-19 12:02:02,1,-18.575097,-46.492261,0,"354125073897479","Nao",NA,NA,NA,NA,NA,NA,NA,NA,NA,NA,NA,NA
3888352,27317492000108,"IMP1I93",5591633,2021-09-17 21:14:45,2021-09-18 11:25:44,1,-31.3517417907715,-51.986988067627,0,"355908108021671","Nao",NA,"FERNANDA BUCHWEITZ SIEFERT ZIELKE EIRELI","27.317.492/0001-08","Nao","Sim","Nao",2021-12-09,2024-01-17,2005,"Executivo",42,42
3888356,27492479000187,"PPC2492",5590960,2021-09-17 14:52:08,2021-09-19 02:55:03,1,-20.5499935,-40.4811935,2.1,"358222058547710","Nao",NA,"VIACAO SAO GABRIEL LTDA","27.492.479/0001-87","Nao","Sim","Nao",2022-02-10,2023-12-08,2014,"Executivo",56,56
3888372,32575778000115,"KNZ5711",5585190,2021-09-16 14:23:49,2021-09-17 05:19:21,0,-22.913538,-43.168207,0,"4ece9a2e41a251b1","Nao",NA,"RAFAEL TURISMO EIRELI","32.575.778/0001-15","Nao","Sim","Nao",2023-07-29,2024-02-15,2010,"Executivo",16,16
3888377,33867184000140,"MEC4H57",5587955,2021-09-12 14:35:03,2021-09-14 11:43:45,1,-26.9146041870117,-48.9759140014648,0,"865485041151942","Nao",NA,"VALE EUROPEU TURISMO EIRELI","33.867.184/0001-40","Nao","Sim","Nao",2022-09-30,2023-09-19,2006,"Executivo",31,31
3888378,33867184000140,"MEC4H57",5589299,2021-09-14 13:36:29,2021-09-19 13:54:02,1,-26.8845634460449,-49.2463455200195,0,"865485041151942","Nao",NA,"VALE EUROPEU TURISMO EIRELI","33.867.184/0001-40","Nao","Sim","Nao",2022-09-30,2023-09-19,2006,"Executivo",31,31
3888415,47759204000174,"OKG3885",5592961,2021-09-18 12:06:31,2021-09-20 03:51:28,1,-20.61854,-51.09527,1.3,"8fec97fa539f60bf","Nao",NA,NA,NA,NA,NA,NA,NA,NA,NA,NA,NA,NA
3888416,55334262000184,"EWU6A32",5590798,2021-09-16 12:05:00,2021-09-18 13:15:02,1,-23.5145320892334,-46.6504173278809,0,"353327104858261","Nao",NA,"EMPRESA DE TRANSPORTES ANDORINHA SA","55.334.262/0001-84","Sim","Sim","Nao",2022-09-09,2021-11-05,2012,"Executivo",42,42
3888417,55334262000184,"FQU8261",5584395,2021-09-09 10:58:07,2021-09-19 10:44:21,1,-23.5145740509033,-46.6503562927246,0,"354604080547962","Nao",NA,"EMPRESA DE TRANSPORTES ANDORINHA SA","55.334.262/0001-84","Sim","Sim","Nao",2022-08-17,2021-10-05,2015,"Executivo",42,42
3888418,55334262000184,"FWZ2291",5589845,2021-09-15 11:27:24,2021-09-16 08:27:18,1,-23.5150508880615,-46.6508255004883,0,"354604080545685","Nao",NA,"EMPRESA DE TRANSPORTES ANDORINHA SA","55.334.262/0001-84","Sim","Sim","Nao",2022-08-12,2021-10-05,2017,"Executivo",43,43
3888419,55334262000184,"FXM1622",5590627,2021-09-16 08:25:31,2021-09-18 13:48:36,1,-19.0087127685547,-57.6443252563477,0,"353327104831888","Nao",NA,"EMPRESA DE TRANSPORTES ANDORINHA SA","55.334.262/0001-84","Sim","Sim","Nao",2022-08-06,2021-10-05,2014,"Executivo",44,44
3888420,55334262000184,"GBI6305",5590664,2021-09-16 10:14:22,2021-09-17 09:58:49,1,-19.0099277496338,-57.6452827453613,0,"353327104848379","Nao",NA,"EMPRESA DE TRANSPORTES ANDORINHA SA","55.334.262/0001-84","Sim","Sim","Nao",2021-10-01,2021-10-05,2015,"Executivo",42,42
3888421,55334262000184,"GCO2518",5591920,2021-09-17 11:58:11,2021-09-18 09:10:25,1,-23.5145874023438,-46.6504211425781,0,"353327104858295","Nao",NA,"EMPRESA DE TRANSPORTES ANDORINHA SA","55.334.262/0001-84","Sim","Sim","Nao",2022-08-17,2021-10-05,2015,"Executivo",42,42
3888422,55334262000184,"GGE4568",5589894,2021-09-15 11:16:53,2021-09-16 09:30:37,1,-19.0099105834961,-57.6451950073242,0,"353327104856133","Nao",NA,"EMPRESA DE TRANSPORTES ANDORINHA SA","55.334.262/0001-84","Sim","Sim","Nao",2021-12-11,2021-10-05,2015,"Executivo",42,42
3888423,55334262000184,"GHD8842",5588475,2021-09-13 11:55:53,2021-09-14 10:24:16,1,-23.5145435333252,-46.6503791809082,0,"357110079924540","Nao",NA,"EMPRESA DE TRANSPORTES ANDORINHA SA","55.334.262/0001-84","Sim","Sim","Nao",2021-12-10,2021-10-05,2015,"Executivo",42,42
3888424,55334262000184,"GID6681",5589221,2021-09-14 12:08:39,2021-09-16 08:24:06,1,-23.5144710540771,-46.6504859924316,0,"353327104831888","Nao",NA,"EMPRESA DE TRANSPORTES ANDORINHA SA","55.334.262/0001-84","Sim","Sim","Nao",2022-09-09,2021-10-05,2015,"Executivo",42,42
3888425,55334262000184,"GID6681",5593747,2021-09-18 11:28:54,2021-09-20 08:10:07,1,-23.5150756835938,-46.6507682800293,0,"354604080547368","Nao",NA,"EMPRESA DE TRANSPORTES ANDORINHA SA","55.334.262/0001-84","Sim","Sim","Nao",2022-09-09,2021-10-05,2015,"Executivo",42,42
3888432,65827131000192,"EUZ2710",5591841,2021-09-17 22:35:37,2021-09-18 07:26:23,1,-23.5189590454102,-46.6671829223633,0,"354119079828174","Nao",NA,"TRANSGUERRA TRANSPORTADORA TURISTICA LTDA","65.827.131/0001-92","Nao","Sim","Nao",2022-05-06,2023-06-20,2019,"Executivo",47,47
3888456,82563891000159,"QIK8284",5590475,2021-09-16 21:11:53,2021-09-23 12:37:54,1,-28.9838542938232,-49.414379119873,0,"351328853350437","Nao",NA,"EMPRESA UNIAO DE TRANSPORTE LTDA","82.563.891/0001-59","Nao","Sim","Nao",2021-10-14,2023-10-05,2016,"Executivo",55,55
3888457,83647479000180,"MKS8375",5589932,2021-09-16 23:03:00,2021-09-17 20:43:19,1,-28.7132066,-49.30863712,99.99,"354142075629081","Nao",NA,"AUTO VIACAO CRITUR LTDA","83.647.479/0001-80","Nao","Sim","Nao",2022-02-03,2023-06-18,2013,"Executivo",50,50
3908341,6044464000186,"IZF7J94",5595202,2021-09-21 10:33:47,2021-09-21 12:33:06,0,-27.129759,-52.639009,0,"966680ae5280d9ae","Nao",NA,"CRISTIANO MINGOTI LTDA","06.044.464/0001-86","Sim","Nao","Nao",2022-04-19,2021-10-30,2018,"Executivo",46,46
3908342,6044464000186,"IZF7J94",5593720,2021-09-19 04:14:04,2021-09-19 07:45:51,1,-27.632997,-52.255731,0,"966680ae5280d9ae","Nao",NA,"CRISTIANO MINGOTI LTDA","06.044.464/0001-86","Sim","Nao","Nao",2022-04-19,2021-10-30,2018,"Executivo",46,46
3908350,10214806000136,"AVD2980",5593489,2021-09-18 17:22:31,2021-10-02 21:24:21,0,-22.96706,-43.177878,0,"356361083457123","Nao",NA,"JHONATHAN ALVES DA SILVA LTDA","10.214.806/0001-36","Nao","Sim","Nao",2023-01-19,2023-07-27,2011,"Executivo",16,16
3908364,13026678000195,"FAB2434",5597944,2021-09-25 06:09:52,2021-09-25 10:42:02,1,-21.1333103179932,-47.9916000366211,0,"352354071036797","Nao",NA,"ULTRAVAN LOCADORA DE VEICULOS LTDA-ME","13.026.678/0001-95","Nao","Sim","Nao",2024-04-19,2023-07-28,2018,"Executivo",16,16
3908367,14509351000137,"KRI6723",5591221,2021-09-19 02:12:48,2021-09-21 16:20:53,0,-22.961257,-46.530462,0,"865083032404840","Nao",NA,"CDP TOUR TURISMO E FRETAMENTO LTDA","14.509.351/0001-37","Nao","Sim","Nao",2021-11-03,2023-12-17,2015,"Executivo",28,28
3908368,14509351000137,"KRI6723",5595340,2021-09-21 09:14:08,2021-09-22 14:36:53,1,-22.543597,-44.181132,0,"865083032404840","Nao",NA,"CDP TOUR TURISMO E FRETAMENTO LTDA","14.509.351/0001-37","Nao","Sim","Nao",2021-11-03,2023-12-17,2015,"Executivo",28,28
3908369,14509351000137,"KRM6955",5594117,2021-09-19 00:57:37,2021-09-20 02:32:14,1,-22.729985,-43.609673,0,"865083032541237","Nao",NA,"CDP TOUR TURISMO E FRETAMENTO LTDA","14.509.351/0001-37","Nao","Sim","Nao",2021-11-30,2023-12-17,2014,"Executivo",16,16
3908386,19339415000112,"GZV5988",5593035,2021-09-25 06:58:56,2021-09-26 05:25:41,0,0,0,0,"e977fcf94f0880d4","Nao",NA,"AUTO VIACAO CAMBUI LTDA.","19.339.415/0001-12","Nao","Sim","Nao",2022-03-28,2023-06-03,2005,"Executivo",23,23
3908387,19339415000112,"GZV5988",5593035,2021-09-19 10:12:21,2021-09-20 10:07:45,1,-22.619572,-46.071532,0,"e977fcf94f0880d4","Nao",NA,"AUTO VIACAO CAMBUI LTDA.","19.339.415/0001-12","Nao","Sim","Nao",2022-03-28,2023-06-03,2005,"Executivo",23,23
3908412,22243823000180,"LUS3F61",5590848,2021-09-17 23:28:12,2021-09-28 09:15:21,1,-22.747233,-43.39184,0,"865083032548497","Nao",NA,"NL FRETAMENTO TURISMO E LOCADORA LTDA-ME","22.243.823/0001-80","Nao","Sim","Nao",2021-11-23,2023-11-29,2019,"Executivo",21,21
3908413,23153256000134,"OUT2541",5595359,2021-09-23 02:56:25,2021-09-23 07:39:41,1,-7.21459579467773,-39.2725715637207,0,"359232095007759","Nao",NA,"JEAN HENRIQUE FERREIRA MONTEIRO EIRELI","23.153.256/0001-34","Nao","Sim","Nao",2021-10-23,2021-10-17,2013,"Executivo",16,16
3908414,23338155000138,"HIA7324",5591113,2021-09-19 12:15:59,2021-09-19 18:45:53,0,-17.725584,-48.631748,0,"354125073897479","Nao",NA,NA,NA,NA,NA,NA,NA,NA,NA,NA,NA,NA
3908415,23338155000138,"QWS3341",5595891,2021-09-23 02:44:51,2021-09-23 09:08:24,1,-18.630945,-46.49727,0,"359573085976432","Nao",NA,"EMPRESA SAO CRISTOVAO LTDA","23.338.155/0001-38","Sim","Sim","Nao",2022-08-27,2021-10-07,2019,"Executivo",47,47
3908428,27492479000187,"PPC2492",5597673,2021-09-25 04:58:04,2021-09-26 23:04:19,1,-20.9290791,-41.079361,2.1,"358222058547710","Nao",NA,"VIACAO SAO GABRIEL LTDA","27.492.479/0001-87","Nao","Sim","Nao",2022-02-10,2023-12-08,2014,"Executivo",56,56
3908441,31126999000143,"BCQ6922",5596983,2021-09-23 06:37:50,2021-09-23 22:14:29,1,-6.98906025,-35.07086816,1.3,"70cc030c33dcf434","Nao",NA,"EGYPTUS SERVICOS DE VIAGEM E TURISMO EIRELI","31.126.999/0001-43","Nao","Sim","Nao",2023-12-07,2024-04-30,2016,"Executivo",16,16
3908449,32575778000115,"KNZ5711",5594401,2021-09-19 19:16:54,2021-09-26 04:18:33,0,-22.465803,-42.997858,0,"4ece9a2e41a251b1","Nao",NA,"RAFAEL TURISMO EIRELI","32.575.778/0001-15","Nao","Sim","Nao",2023-07-29,2024-02-15,2010,"Executivo",16,16
3908450,32575778000115,"KNZ5711",5594401,2021-09-19 05:19:51,2021-09-19 17:23:16,1,-21.871803,-43.319489,0,"4ece9a2e41a251b1","Nao",NA,"RAFAEL TURISMO EIRELI","32.575.778/0001-15","Nao","Sim","Nao",2023-07-29,2024-02-15,2010,"Executivo",16,16
3908451,32575778000115,"LLD6793",5594395,2021-09-19 17:34:47,2021-09-19 21:06:46,0,-23.013017,-43.318535,0,"356361084586946","Nao",NA,"RAFAEL TURISMO EIRELI","32.575.778/0001-15","Nao","Sim","Nao",2021-09-03,2023-09-14,2010,"Executivo",16,16
3908452,32575778000115,"LLD6793",5594395,2021-09-19 04:11:40,2021-09-19 07:35:29,1,-21.878503,-43.311049,0,"356361084586946","Nao",NA,"RAFAEL TURISMO EIRELI","32.575.778/0001-15","Nao","Sim","Nao",2021-09-03,2023-09-14,2010,"Executivo",16,16
3908467,33867184000140,"MEC4H57",5594483,2021-09-19 13:55:01,2021-09-24 08:29:49,1,-26.8845996856689,-49.246337890625,0,"865485041151942","Nao",NA,"VALE EUROPEU TURISMO EIRELI","33.867.184/0001-40","Nao","Sim","Nao",2022-09-30,2023-09-19,2006,"Executivo",31,31
3908468,33867184000140,"MEC4H57",5597915,2021-09-24 08:32:29,2021-10-02 20:13:39,1,-27.0986022949219,-49.4589157104492,0,"865485041151942","Nao",NA,"VALE EUROPEU TURISMO EIRELI","33.867.184/0001-40","Nao","Sim","Nao",2022-09-30,2023-09-19,2006,"Executivo",31,31
3908472,34905906000177,"CYR0C51",5594148,2021-09-19 21:31:19,2021-09-20 02:20:45,0,-26.8050489,-48.6441022,0,"355929100486001","Nao",NA,"CESAR PEREIRA TRANSPORTE E TURISMO LTDA","34.905.906/0001-77","Nao","Sim","Nao",2022-01-08,2023-06-16,2001,"Executivo",47,47
3908473,34905906000177,"CYR0C51",5594148,2021-09-19 07:14:21,2021-09-19 13:06:26,1,-25.5536578,-48.5553556,0,"355929100486001","Nao",NA,"CESAR PEREIRA TRANSPORTE E TURISMO LTDA","34.905.906/0001-77","Nao","Sim","Nao",2022-01-08,2023-06-16,2001,"Executivo",47,47
3908513,50958412000107,"CTX5C81",5597793,2021-09-25 18:33:22,2021-09-26 12:19:49,0,-16.703051,-49.232972,0,"94e0da190f04de72","Nao",NA,"JUNDIA TRANSPORTADORA TURISTICA LTDA","50.958.412/0001-07","Sim","Sim","Nao",2022-01-15,2021-10-03,2019,"Executivo",45,45
3908514,50958412000107,"CTX5C81",5597793,2021-09-24 13:48:03,2021-09-25 07:55:30,1,-23.20334,-45.91014,0,"94e0da190f04de72","Nao",NA,"JUNDIA TRANSPORTADORA TURISTICA LTDA","50.958.412/0001-07","Sim","Sim","Nao",2022-01-15,2021-10-03,2019,"Executivo",45,45
3908515,50958412000107,"GEM8E03",5599136,2021-09-25 17:14:42,2021-09-26 07:32:03,1,-23.551418,-47.208078,0,"534a9c91fc1b90f3","Nao",NA,"JUNDIA TRANSPORTADORA TURISTICA LTDA","50.958.412/0001-07","Sim","Sim","Nao",2022-01-15,2021-10-03,2019,"Executivo",45,45
3908517,54360623000102,"EXJ6088",5599036,2021-09-24 16:48:12,2021-09-27 01:59:59,1,-22.7599411010742,-47.6441459655762,0,"355514118352716","Nao",NA,"VIACAO PIRACICABANA LTDA","54.360.623/0001-02","Nao","Sim","Nao",2021-09-03,2023-06-30,2019,"Executivo",47,47
3908518,54360623000102,"GAN7B54",5596392,2021-09-22 21:22:57,2021-09-23 07:31:58,1,-22.7216739654541,-47.6074523925781,0,"355514118323527","Nao",NA,"VIACAO PIRACICABANA LTDA","54.360.623/0001-02","Sim","Sim","Nao",2022-02-12,2021-10-30,2020,"Executivo",61,61
3908519,55334262000184,"EWU6A33",5594468,2021-09-19 09:59:54,2021-09-20 08:38:27,1,-19.0099830627441,-57.6454277038574,0,"353327104858295","Nao",NA,"EMPRESA DE TRANSPORTES ANDORINHA SA","55.334.262/0001-84","Sim","Sim","Nao",2022-09-10,2021-11-05,2012,"Executivo",42,42
3908520,55334262000184,"FSJ6283",5600202,2021-09-25 12:34:01,2021-10-03 06:08:21,1,-23.5145301818848,-46.6504669189453,0,"353327104826805","Nao",NA,"EMPRESA DE TRANSPORTES ANDORINHA SA","55.334.262/0001-84","Sim","Sim","Nao",2022-02-15,2021-10-05,2015,"Executivo",42,42
3908521,55334262000184,"FVY5401",5597172,2021-09-23 11:14:18,2021-09-24 10:13:23,1,-19.0097999572754,-57.6454467773438,0,"353327104852298","Nao",NA,"EMPRESA DE TRANSPORTES ANDORINHA SA","55.334.262/0001-84","Sim","Sim","Nao",2022-08-12,2021-10-05,2017,"Executivo",45,45
3908522,55334262000184,"GBY5874",5597205,2021-09-23 12:16:31,2021-09-24 09:26:32,1,-23.514518737793,-46.650463104248,0,"357110079924540","Nao",NA,"EMPRESA DE TRANSPORTES ANDORINHA SA","55.334.262/0001-84","Sim","Sim","Nao",2022-09-01,2021-10-05,2015,"Executivo",42,42
3908523,55334262000184,"GCR9698",5598352,2021-09-24 11:23:53,2021-09-25 10:10:04,1,-19.0099067687988,-57.6452903747559,0,"353327104858261","Nao",NA,"EMPRESA DE TRANSPORTES ANDORINHA SA","55.334.262/0001-84","Sim","Sim","Nao",2021-11-24,2021-10-05,2015,"Executivo",42,42
3908524,55334262000184,"GDQ7860",5594978,2021-09-20 11:38:14,2021-09-21 09:06:20,1,-23.5145263671875,-46.650390625,0,"353327104670666","Nao",NA,"EMPRESA DE TRANSPORTES ANDORINHA SA","55.334.262/0001-84","Sim","Sim","Nao",2022-09-16,2021-10-05,2015,"Executivo",42,42
3908525,55334262000184,"GDQ7860",5596295,2021-09-22 16:51:41,2021-09-23 08:53:24,1,-20.49436378479,-54.6124038696289,0,"353327104670666","Nao",NA,"EMPRESA DE TRANSPORTES ANDORINHA SA","55.334.262/0001-84","Sim","Sim","Nao",2022-09-16,2021-10-05,2015,"Executivo",42,42
3908570,83647479000180,"MKS8375",5589932,2021-09-25 19:57:47,2021-09-27 00:05:43,0,-17.3251067,-48.4239427,99.99,"354142075629081","Nao",NA,"AUTO VIACAO CRITUR LTDA","83.647.479/0001-80","Nao","Sim","Nao",2022-02-03,2023-06-18,2013,"Executivo",50,50
3929013,2615012000156,"OYH8781",5578891,2021-09-05 22:29:36,2021-09-06 07:10:50,0,-22.924789,-43.249602,0,"356361080752286","Nao",NA,NA,NA,NA,NA,NA,NA,NA,NA,NA,NA,NA
3929015,2615012000156,"OYH8781",5578891,2021-09-03 23:49:44,2021-09-04 08:19:00,1,-20.316836,-40.352356,0,"356361080752286","Nao",NA,NA,NA,NA,NA,NA,NA,NA,NA,NA,NA,NA
3929023,3637299000188,"RFT7J56",5602957,2021-09-30 03:11:13,2021-09-30 07:14:24,1,-22.0986595153809,-46.1899719238281,0,"352481783147396","Nao",NA,"RODRIGUES & BIAGIONI LTDA","03.637.299/0001-88","Nao","Sim","Nao",2021-10-08,2023-10-01,2020,"Executivo",19,19
3929053,5824788000174,"IVF4178",5601852,2021-09-28 02:55:42,2021-10-01 12:09:15,1,-31.7254511,-52.3428062,3.9,"354743082679694","Nao",NA,"EMPRESA DE TRANSPORTES KOPERECK LTDA","05.824.788/0001-74","Nao","Sim","Nao",2021-12-04,2023-08-27,2013,"Executivo",45,45
3929054,5824788000174,"IVG9454",5601726,2021-09-28 02:53:59,2021-09-30 18:08:50,1,-31.3384802,-54.1070584,3.9,"354743082585248","Nao",NA,"EMPRESA DE TRANSPORTES KOPERECK LTDA","05.824.788/0001-74","Nao","Sim","Nao",2021-10-26,2023-08-27,2013,"Executivo",36,36
3929055,5824788000174,"IWW4288",5590746,2021-09-18 16:52:31,2021-09-21 05:29:47,1,-25.4089679,-49.248669,3,"358318078243544","Nao",NA,"EMPRESA DE TRANSPORTES KOPERECK LTDA","05.824.788/0001-74","Nao","Sim","Nao",2021-09-16,2023-08-27,2015,"Executivo",56,56
3929057,6044464000186,"IWL4944",5601820,2021-09-28 10:41:54,2021-09-28 12:39:18,0,-27.129973,-52.658385,0,"966680ae5280d9ae","Nao",NA,"CRISTIANO MINGOTI LTDA","06.044.464/0001-86","Nao","Sim","Nao",2022-01-20,2024-03-22,2014,"Executivo",16,16
3929058,6044464000186,"IWL4944",5602455,2021-09-28 23:36:25,2021-09-29 01:30:45,0,-27.132096,-52.660262,0,"966680ae5280d9ae","Nao",NA,"CRISTIANO MINGOTI LTDA","06.044.464/0001-86","Nao","Sim","Nao",2022-01-20,2024-03-22,2014,"Executivo",16,16
3929059,6044464000186,"IWL4944",5603327,2021-09-30 10:39:54,2021-09-30 12:32:33,0,-27.132074,-52.660306,0,"966680ae5280d9ae","Nao",NA,"CRISTIANO MINGOTI LTDA","06.044.464/0001-86","Nao","Sim","Nao",2022-01-20,2024-03-22,2014,"Executivo",16,16
3866264,36786601000119,"CPI7G62",5583636,2021-09-08 01:38:47,2021-09-08 14:30:06,1,-22.8203201293945,-46.2993011474609,0,"355715110293242","Nao",NA,"TRISTAO & SILVA TURISMO LTDA","36.786.601/0001-19","Nao","Sim","Nao",2021-10-29,2023-10-26,2001,"Executivo",46,46
3866269,39778085000179,"AVR1A83",5581428,2021-09-05 08:58:33,2021-09-05 13:19:47,1,-25.4825809,-49.3293383,0,"166408451647490087","Nao",NA,"RLS VIAGENS E TURISMO - EIRELI","39.778.085/0001-79","Nao","Sim","Nao",2022-01-25,2024-01-26,2011,"Executivo",16,16
3866294,1272874000160,"FLF2060",5586028,2021-09-11 00:36:17,2021-09-13 04:02:52,1,-23.5396099,-46.7725525,2.1,"358229070649093","Nao",NA,"LEFATUR VIAGENS E TURISMO LTDA - ME","01.272.874/0001-60","Nao","Sim","Nao",2021-09-01,2023-06-02,2011,"Executivo",46,46
3866344,3678251000118,"AUA5888",5584014,2021-09-08 22:18:31,2021-09-10 13:04:20,1,-23.5309423,-51.4524298,4.296,"77a2174a5f7eb39d","Nao",NA,"MARCO ANTONIO JANUARIO & CIA LTDA - ME","03.678.251/0001-18","Nao","Sim","Nao",2021-09-17,2024-03-13,2010,"Executivo",28,28
3866345,3678251000118,"AXJ8573",5582549,2021-09-07 00:51:03,2021-09-08 07:09:46,1,-23.4013058,-51.4269085,4.222,"c507647a4b7a4fb5","Nao",NA,"MARCO ANTONIO JANUARIO & CIA LTDA - ME","03.678.251/0001-18","Nao","Sim","Nao",2022-02-03,2023-07-24,2013,"Executivo",44,44
3866346,3678251000118,"AXJ8573",5585987,2021-09-10 23:58:12,2021-09-13 08:38:34,1,-23.3114709,-51.1496534,2,"416ad037f5966589","Nao",NA,"MARCO ANTONIO JANUARIO & CIA LTDA - ME","03.678.251/0001-18","Nao","Sim","Nao",2022-02-03,2023-07-24,2013,"Executivo",44,44
3866347,3678251000118,"AZQ3916",5587212,2021-09-11 22:09:12,2021-09-17 08:36:45,1,-23.5446055,-51.4537444,14.378,"77a2174a5f7eb39d","Nao",NA,"MARCO ANTONIO JANUARIO & CIA LTDA - ME","03.678.251/0001-18","Nao","Sim","Nao",2024-03-28,2023-07-24,2015,"Executivo",44,44
3866348,3678251000118,"BAN2845",5579179,2021-09-05 23:13:07,2021-09-07 11:39:19,1,-23.5605387,-51.4919877,8.2,"358310092919779","Nao",NA,"MARCO ANTONIO JANUARIO & CIA LTDA - ME","03.678.251/0001-18","Nao","Sim","Nao",2023-08-25,2023-07-24,2015,"Executivo",31,31
3866349,3678251000118,"BCI4301",5584898,2021-09-10 22:18:11,2021-09-12 09:07:18,1,-23.3287935,-51.5352345,9.648,"514fb3c33a5f3c5e","Nao",NA,"MARCO ANTONIO JANUARIO & CIA LTDA - ME","03.678.251/0001-18","Nao","Sim","Nao",2021-10-28,2023-07-24,2018,"Executivo",63,63
3866350,3678251000118,"BCQ9380",5585920,2021-09-10 21:48:25,2021-09-13 09:12:55,1,-23.4128109,-51.9311938,4.366,"351266054937570","Nao",NA,"MARCO ANTONIO JANUARIO & CIA LTDA - ME","03.678.251/0001-18","Nao","Sim","Nao",2021-11-26,2023-07-24,2018,"Executivo",63,63
3866351,3678251000118,"CUE2G77",5582492,2021-09-07 00:55:55,2021-09-08 06:07:12,1,-23.4019858,-51.4268021,156.867,"00e7574bf03da273","Nao",NA,"MARCO ANTONIO JANUARIO & CIA LTDA - ME","03.678.251/0001-18","Nao","Sim","Nao",2021-10-28,2023-07-24,2011,"Executivo",43,43
3866352,3678251000118,"CUE2G77",5583896,2021-09-08 19:20:50,2021-09-10 03:01:42,1,-23.4281603,-51.8937473,15.478,"707903e33f297b9e","Nao",NA,"MARCO ANTONIO JANUARIO & CIA LTDA - ME","03.678.251/0001-18","Nao","Sim","Nao",2021-10-28,2023-07-24,2011,"Executivo",43,43
3866353,3678251000118,"OLP4I55",5583960,2021-09-08 22:53:35,2021-09-10 03:25:04,1,-23.2740135,-50.8249961,3.9,"84197b12ba653d1e","Nao",NA,"MARCO ANTONIO JANUARIO & CIA LTDA - ME","03.678.251/0001-18","Nao","Sim","Nao",2023-08-08,2023-07-24,2011,"Executivo",27,27
3866356,4361392000175,"FXQ2089",5577775,2021-09-07 17:17:19,2021-09-07 18:52:17,0,-27.282648,-48.631076,0,"351965111541487","Nao",NA,"TRANS NETTI-TRANSPORTE E LOCACAO LTDA","04.361.392/0001-75","Nao","Sim","Nao",2023-12-05,2023-06-28,2017,"Executivo",67,67
3866357,4361392000175,"GEE5110",5577686,2021-09-05 22:00:26,2021-09-06 04:16:36,0,-18.900776,-48.25952,0,"351965111542501","Nao",NA,"TRANS NETTI-TRANSPORTE E LOCACAO LTDA","04.361.392/0001-75","Nao","Sim","Nao",2023-06-02,2023-06-28,2016,"Executivo",56,56
3866436,81682296000170,"AUN9538",5580066,2021-09-06 14:55:14,2021-09-08 16:42:42,1,-24.78722,-50.0169733,0,"355929100541078","Nao",NA,"G P K OPERADORA E TURISMO EIRELI","81.682.296/0001-70","Nao","Sim","Nao",2021-09-30,2024-04-15,2011,"Executivo",34,34
3866438,84438209000121,"MHC2111",5578719,2021-09-05 23:01:51,2021-09-06 08:56:19,1,-26.4699897766113,-49.0921058654785,0,"359410826553768","Nao",NA,"VIACAO CANARINHO LTDA","84.438.209/0001-21","Nao","Sim","Nao",2023-02-24,2024-03-26,2008,"Executivo",44,44
3866470,11112921000162,"PUH4D13",5562207,2021-09-09 18:22:47,2021-09-09 18:22:58,1,-22.7585862,-43.4783494,1,"12d2431e4bffa4a4","Nao",NA,"COOPERATIVA NACIONAL DOS TRABALHADORES EM TRANSPORTE COLETIVO DE PASSAGEIROS, FRETAMENTO,TURISMO E ESCOLAR DO  ESTADO DO RIO DE JANEIRO E DE TOD","03.420.799/0001-63","Nao","Sim","Nao",2022-07-09,2024-01-20,2013,"Executivo",16,16
3866475,11469508000150,"BBF9G26",5563907,2021-09-05 03:24:32,2021-09-15 04:29:33,1,-24.5572071075439,-52.9918785095215,0,"351759115137537","Nao",NA,"L C MENDES GONCALVES & RODRIGUES LTDA","11.469.508/0001-50","Nao","Sim","Nao",2022-06-21,2023-06-16,2016,"Executivo",20,20
3866488,14492342000180,"PLZ6E78",5582923,2021-09-08 07:14:16,2021-09-08 16:57:57,1,-8.88618183135986,-36.4536437988281,0,"358866089381885","Nao",NA,"ROTA TRANSPORTES RODOVIARIOS LTDA.","14.492.342/0001-80","Sim","Nao","Nao",2022-01-15,2022-07-16,2018,"Executivo",47,47
3866499,17273891000152,"OGD4A07",5581447,2021-09-05 06:14:16,2021-09-05 09:36:35,1,-7.21325349807739,-34.8395462036133,0,"863113048450313","Nao",NA,"LOKVANS TURISMO RECEPTIVO SERVICOS EIRELI","17.273.891/0001-52","Nao","Sim","Nao",2021-10-27,2023-10-21,2013,"Executivo",16,16
3866504,19256790000107,"AZJ4E31",5577265,2021-09-06 13:48:14,2021-09-06 23:30:16,0,-22.844452,-45.232937,0,"b64628f428f1992c","Nao",NA,"ALM TURISMO E AGROPECUARIA - EIRELI","19.256.790/0001-07","Nao","Sim","Nao",2021-11-26,2022-12-03,2014,"Executivo",16,16
3866505,19256790000107,"DBB2H34",5586725,2021-09-11 00:42:19,2021-09-11 05:11:41,1,-24.636304,-47.910199,0,"b64628f428f1992c","Nao",NA,"ALM TURISMO E AGROPECUARIA - EIRELI","19.256.790/0001-07","Nao","Sim","Nao",2022-01-07,2024-01-12,2003,"Executivo",46,46
3866506,19446855000179,"MQM2568",5582821,2021-09-06 16:21:31,2021-09-06 16:22:13,1,-22.8464216666667,-45.232245,1.3,"98056c8178a15bb4","Nao",NA,"EXPRESSO DE LUXO LTDA","19.446.855/0001-79","Nao","Sim","Nao",2021-11-20,2023-06-03,2005,"Executivo",46,46
3866507,19446855000179,"MQM2568",5582821,2021-09-06 18:19:17,2021-09-06 18:19:51,1,-22.84669,-45.2323183333333,1.3,"98056c8178a15bb4","Nao",NA,"EXPRESSO DE LUXO LTDA","19.446.855/0001-79","Nao","Sim","Nao",2021-11-20,2023-06-03,2005,"Executivo",46,46
3866508,19446855000179,"MQM2568",5584688,2021-09-10 07:12:49,2021-09-11 09:12:57,1,-18.5977417026238,-46.4889413936125,1.3,"b10c0e218d76f892","Nao",NA,"EXPRESSO DE LUXO LTDA","19.446.855/0001-79","Nao","Sim","Nao",2021-11-20,2023-06-03,2005,"Executivo",46,46
3866530,27486182000109,"QRC1H15",5584603,2021-09-10 04:40:34,2021-09-10 16:42:03,1,-22.8705291748047,-43.2495994567871,0,"352997102167682","Nao",NA,"VIACAO AGUIA BRANCA S A","27.486.182/0001-09","Sim","Sim","Nao",2022-06-29,2022-08-07,2018,"Executivo",47,47
3866531,27486182000109,"QRJ9H11",5586319,2021-09-11 09:13:28,2021-09-11 16:36:15,1,-18.7208709716797,-39.8670463562012,0,"352997101981059","Nao",NA,"VIACAO AGUIA BRANCA S A","27.486.182/0001-09","Sim","Sim","Nao",2021-11-19,2022-08-07,2019,"Executivo",47,47
3866537,29928822000119,"AWV9035",5586669,2021-09-10 17:59:23,2021-09-11 14:54:52,1,-25.3662624359131,-49.0941505432129,0,"356250101931112","Nao",NA,"RSA TRANSPORTES E TURISMO LTDA","29.928.822/0001-19","Nao","Sim","Nao",2023-07-04,2024-03-27,2013,"Executivo",44,44
3866541,30419024000140,"AZO2279",5586972,2021-09-11 06:22:15,2021-09-11 07:58:11,1,-22.113495,-43.2104666666667,1.3,"f3a6eff0e894391c","Nao",NA,"F C DA MOTTA TRANSPORTES EIRELI","30.419.024/0001-40","Nao","Sim","Nao",2023-12-01,2023-09-09,2015,"Executivo",16,16
3866551,32415897000100,"QMI0118",5585199,2021-09-11 17:28:36,2021-09-13 08:23:49,1,-10.9873657226563,-37.0723686218262,0,"354154101051693","Nao",NA,"RENT VAN ROTEIROS TURISTICOS E TRANSPORTE EIRELI","32.415.897/0001-00","Nao","Sim","Nao",2021-10-19,2023-09-19,2019,"Executivo",19,19
3908301,1272874000160,"DEU4080",5599502,2021-09-25 01:05:12,2021-09-27 06:55:08,1,-23.4684505,-46.5094109,2.1,"358222057501486","Nao",NA,"LEFATUR VIAGENS E TURISMO LTDA - ME","01.272.874/0001-60","Nao","Sim","Nao",2023-05-31,2023-06-02,2017,"Executivo",64,64
3908304,2250723000174,"BDU7F76",5597208,2021-09-24 06:36:24,2021-09-24 16:03:19,1,-25.4662866666667,-49.206095,1.3,"ada63a8a3a992dad","Nao",NA,"ZENTUR FRETAMENTO E LOCACAO DE VEICULOS LTDA","02.250.723/0001-74","Nao","Sim","Nao",2023-01-06,2024-01-25,2019,"Executivo",19,19
3908315,3678251000118,"AUA5888",5594627,2021-09-19 18:37:42,2021-09-21 02:00:44,1,-23.4401633,-51.87379,3.878,"fbba82a4eec4515a","Nao",NA,"MARCO ANTONIO JANUARIO & CIA LTDA - ME","03.678.251/0001-18","Nao","Sim","Nao",2021-09-17,2024-03-13,2010,"Executivo",28,28
3908316,3678251000118,"AXJ8573",5595079,2021-09-20 19:42:58,2021-09-22 05:52:10,1,-23.4211871,-51.4989928,3.9,"351266054937570","Nao",NA,"MARCO ANTONIO JANUARIO & CIA LTDA - ME","03.678.251/0001-18","Nao","Sim","Nao",2022-02-03,2023-07-24,2013,"Executivo",44,44
3908317,3678251000118,"AYP8455",5595240,2021-09-20 20:50:10,2021-09-22 04:19:53,1,-23.2372725,-51.6610096,7.5,"416ad037f5966589","Nao",NA,"MARCO ANTONIO JANUARIO & CIA LTDA - ME","03.678.251/0001-18","Nao","Sim","Nao",2024-03-28,2023-07-24,2014,"Executivo",44,44
3908318,3678251000118,"AZQ3916",5592660,2021-09-19 22:05:26,2021-09-25 04:35:21,1,-23.5485823,-51.4487694,5.855,"77a2174a5f7eb39d","Nao",NA,"MARCO ANTONIO JANUARIO & CIA LTDA - ME","03.678.251/0001-18","Nao","Sim","Nao",2024-03-28,2023-07-24,2015,"Executivo",44,44
3908319,3678251000118,"CUE2G77",5594636,2021-09-19 18:25:13,2021-09-21 01:22:34,1,-23.4272886,-51.89588,10.385,"707903e33f297b9e","Nao",NA,"MARCO ANTONIO JANUARIO & CIA LTDA - ME","03.678.251/0001-18","Nao","Sim","Nao",2021-10-28,2023-07-24,2011,"Executivo",43,43
3908320,3678251000118,"CUE2G77",5596414,2021-09-22 18:40:07,2021-09-24 03:28:08,1,-23.4530393,-51.8512538,5.21,"fbba82a4eec4515a","Nao",NA,"MARCO ANTONIO JANUARIO & CIA LTDA - ME","03.678.251/0001-18","Nao","Sim","Nao",2021-10-28,2023-07-24,2011,"Executivo",43,43
3908321,3678251000118,"OLP4I55",5595215,2021-09-20 22:39:17,2021-09-22 03:25:45,1,-23.2601495,-51.0045761,3.9,"84197b12ba653d1e","Nao",NA,"MARCO ANTONIO JANUARIO & CIA LTDA - ME","03.678.251/0001-18","Nao","Sim","Nao",2023-08-08,2023-07-24,2011,"Executivo",27,27
3908322,3678251000118,"OLP4I55",5596526,2021-09-22 22:02:02,2021-09-24 02:45:47,1,-23.4019236,-51.4269274,4.474,"707903e33f297b9e","Nao",NA,"MARCO ANTONIO JANUARIO & CIA LTDA - ME","03.678.251/0001-18","Nao","Sim","Nao",2023-08-08,2023-07-24,2011,"Executivo",27,27
3908324,4361392000175,"GEE5110",5590681,2021-09-20 00:15:33,2021-09-20 13:26:43,0,-22.529467,-44.750566,0,"351965111542501","Nao",NA,"TRANS NETTI-TRANSPORTE E LOCACAO LTDA","04.361.392/0001-75","Nao","Sim","Nao",2023-06-02,2023-06-28,2016,"Executivo",56,56
3908325,4361392000175,"GIK4579",5589430,2021-09-19 16:24:54,2021-09-20 00:15:21,0,-19.645923,-46.949203,0,"351965111542485","Nao",NA,"TRANS NETTI-TRANSPORTE E LOCACAO LTDA","04.361.392/0001-75","Nao","Sim","Nao",2022-07-26,2023-01-28,2016,"Executivo",46,46
3908326,4574615000182,"EKU6333",5596882,2021-09-25 00:33:55,2021-09-27 10:43:19,1,-22.8966961,-48.4454651,2.1,"358222057382978","Nao",NA,"EMPRESA SAO MANUEL VIAGENS E TURISMO LTDA","04.574.615/0001-82","Nao","Sim","Nao",2022-04-27,2023-03-02,2018,"Executivo",46,46
3908353,10833258000122,"QNT5645",5598408,2021-09-24 18:51:06,2021-09-25 05:21:30,1,-20.665060043335,-43.7995262145996,0,"354622112034726","Nao",NA,"PONTAL LOCADORA DE VEICULOS E TRANSPORTADORA TURISTICA LTDA","10.833.258/0001-22","Nao","Sim","Nao",2022-02-17,2022-09-01,2017,"Executivo",20,20
3908378,17273891000152,"QSL2F88",5596037,2021-09-21 22:29:42,2021-09-23 09:26:37,1,-7.11954927444458,-34.8425712585449,0,"863113048450313","Nao",NA,"LOKVANS TURISMO RECEPTIVO SERVICOS EIRELI","17.273.891/0001-52","Nao","Sim","Nao",2021-10-27,2023-09-14,2019,"Executivo",21,21
3908379,17377408000180,"LNH8C11",5598097,2021-09-24 16:45:07,2021-09-24 22:22:04,1,-22.956593,-43.40318,0,"865083032552689","Nao",NA,"RIO DE LUXE SHUTTLE TRANSPORTE LTDA","17.377.408/0001-80","Nao","Sim","Nao",2022-08-10,2023-10-14,2019,"Executivo",20,20
3908388,19514791000104,"GCO0C21",5597652,2021-09-25 16:54:14,2021-09-26 00:40:08,0,-22.853423,-45.23474,0,"895505323100194439","Nao",NA,"RT TURISMO, TRANSPORTE E EVENTOS LTDA.","19.514.791/0001-04","Nao","Sim","Nao",2023-07-04,2023-08-02,2010,"Executivo",46,46
3908389,19514791000104,"GCO0C21",5597652,2021-09-25 00:30:37,2021-09-25 06:20:49,1,-22.819327,-43.301943,0,"895505323100194439","Nao",NA,"RT TURISMO, TRANSPORTE E EVENTOS LTDA.","19.514.791/0001-04","Nao","Sim","Nao",2023-07-04,2023-08-02,2010,"Executivo",46,46
3908430,28567404000180,"CUD9D21",5596200,2021-09-22 09:08:27,2021-09-24 13:00:00,1,-9.81112670898438,-36.6166572570801,0,"351345016765756","Nao",NA,"SANTOS E SILVA TRANSPORTES LTDA","28.567.404/0001-80","Sim","Nao","Nao",2022-05-11,2022-05-31,2010,"Executivo",43,43
3908431,28567404000180,"CUD9D22",5596200,2021-09-22 09:30:40,2021-09-24 04:33:52,1,-9.94256687164307,-36.543098449707,0,"351345016981122","Nao",NA,"SANTOS E SILVA TRANSPORTES LTDA","28.567.404/0001-80","Sim","Nao","Nao",2022-02-02,2022-05-31,2010,"Executivo",43,43
3908434,29928822000119,"AWV9035",5595409,2021-09-20 17:50:39,2021-09-21 16:27:49,1,-25.3651733398438,-49.0898284912109,0,"356250101931112","Nao",NA,"RSA TRANSPORTES E TURISMO LTDA","29.928.822/0001-19","Nao","Sim","Nao",2023-07-04,2024-03-27,2013,"Executivo",44,44
3888189,664681000192,"IYA3874",5590372,2021-09-16 03:06:42,2021-09-17 09:07:44,1,-29.6829700469971,-51.0506286621094,0,"357091090051176","Nao",NA,"HOFFTUR TRANSPORTES E TURISMO LTDA","00.664.681/0001-92","Nao","Sim","Nao",2023-05-24,2023-08-21,2017,"Executivo",43,43
3888206,3678251000118,"AUA5888",5588010,2021-09-12 19:16:26,2021-09-14 02:15:04,1,-23.427233,-51.8957087,3.9,"fbba82a4eec4515a","Nao",NA,"MARCO ANTONIO JANUARIO & CIA LTDA - ME","03.678.251/0001-18","Nao","Sim","Nao",2021-09-17,2024-03-13,2010,"Executivo",28,28
3888207,3678251000118,"AYP8455",5588721,2021-09-13 20:45:59,2021-09-15 04:37:08,1,-23.2372302,-51.661241,35.318,"416ad037f5966589","Nao",NA,"MARCO ANTONIO JANUARIO & CIA LTDA - ME","03.678.251/0001-18","Nao","Sim","Nao",2024-03-28,2023-07-24,2014,"Executivo",44,44
3888208,3678251000118,"BCD5518",5586005,2021-09-12 05:53:04,2021-09-13 05:44:09,1,-22.2309039,-49.9678519,11.855,"84197b12ba653d1e","Nao",NA,"MARCO ANTONIO JANUARIO & CIA LTDA - ME","03.678.251/0001-18","Nao","Sim","Nao",2023-11-09,2023-07-24,2018,"Executivo",63,63
3888209,3678251000118,"BCI4301",5592571,2021-09-17 23:11:02,2021-09-20 06:30:31,1,-23.3225401,-51.1987826,3.964,"514fb3c33a5f3c5e","Nao",NA,"MARCO ANTONIO JANUARIO & CIA LTDA - ME","03.678.251/0001-18","Nao","Sim","Nao",2021-10-28,2023-07-24,2018,"Executivo",63,63
3888210,3678251000118,"CUE2G77",5588022,2021-09-12 19:21:58,2021-09-14 02:01:18,1,-23.4366837,-51.8793676,3.907,"707903e33f297b9e","Nao",NA,"MARCO ANTONIO JANUARIO & CIA LTDA - ME","03.678.251/0001-18","Nao","Sim","Nao",2021-10-28,2023-07-24,2011,"Executivo",43,43
3888211,3678251000118,"CUE2G77",5590028,2021-09-15 18:25:01,2021-09-17 02:14:59,1,-23.42989,-51.8909196,4.185,"707903e33f297b9e","Nao",NA,"MARCO ANTONIO JANUARIO & CIA LTDA - ME","03.678.251/0001-18","Nao","Sim","Nao",2021-10-28,2023-07-24,2011,"Executivo",43,43
3888212,3678251000118,"OLP4I55",5588685,2021-09-13 23:25:20,2021-09-15 04:23:54,1,-23.1545122,-50.5170978,4.366,"84197b12ba653d1e","Nao",NA,"MARCO ANTONIO JANUARIO & CIA LTDA - ME","03.678.251/0001-18","Nao","Sim","Nao",2023-08-08,2023-07-24,2011,"Executivo",27,27
3888213,3678251000118,"OLP4I55",5590202,2021-09-15 23:21:50,2021-09-17 03:03:54,1,-23.2399183,-51.2516133,3.859,"656a6d658098f811","Nao",NA,"MARCO ANTONIO JANUARIO & CIA LTDA - ME","03.678.251/0001-18","Nao","Sim","Nao",2023-08-08,2023-07-24,2011,"Executivo",27,27
3888215,4361392000175,"GEE5110",5590681,2021-09-18 00:58:54,2021-09-19 07:37:47,1,-22.909852,-46.97055,0,"351965111542501","Nao",NA,"TRANS NETTI-TRANSPORTE E LOCACAO LTDA","04.361.392/0001-75","Nao","Sim","Nao",2023-06-02,2023-06-28,2016,"Executivo",56,56
3888216,4361392000175,"GIK4579",5589430,2021-09-16 10:31:28,2021-09-18 01:11:23,1,-22.922054,-47.059395,0,"351965111542485","Nao",NA,"TRANS NETTI-TRANSPORTE E LOCACAO LTDA","04.361.392/0001-75","Nao","Sim","Nao",2022-07-26,2023-01-28,2016,"Executivo",46,46
3888218,4645191000108,"PGN8005",5589505,2021-09-14 05:48:55,2021-09-15 03:27:50,1,-5.82571172714233,-35.2100563049316,0,"356361087970451","Nao",NA,"IRMAOS BRITO LTDA","04.645.191/0001-08","Nao","Sim","Nao",2021-09-22,2023-10-14,2013,"Executivo",48,48
3888253,8170092000160,"LMT7H19",5591509,2021-09-17 07:38:41,2021-09-17 13:25:00,1,-22.115818,-41.702984,1,"355371029378094","Nao",NA,"MOURA & ROSARIO SERVICOS DE TRANSPORTES LTDA","08.170.092/0001-60","Nao","Sim","Nao",2022-03-22,2024-03-30,2019,"Executivo",16,16
3888254,8638522000125,"PZD9595",5590151,2021-09-17 19:00:39,2021-09-19 12:14:37,1,-20.0338668823242,-44.2235984802246,0,"356909116868557","Nao",NA,"OURO VIP TURISMO LTDA","08.638.522/0001-25","Nao","Sim","Nao",2021-09-29,2023-11-09,2016,"Executivo",21,21
3888267,10833258000122,"QNT5645",5588628,2021-09-14 03:02:42,2021-09-14 08:19:28,1,-21.2186508178711,-43.7450103759766,0,"354622112034726","Nao",NA,"PONTAL LOCADORA DE VEICULOS E TRANSPORTADORA TURISTICA LTDA","10.833.258/0001-22","Nao","Sim","Nao",2022-02-17,2022-09-01,2017,"Executivo",20,20
3888303,18759027000128,"GZV7750",5593709,2021-09-18 10:14:43,2021-09-19 03:50:11,1,-21.727784,-43.075468,0,"356361086230568","Nao",NA,"VIACAO SANTOS LTDA","18.759.027/0001-28","Nao","Sim","Nao",2022-08-23,2023-07-03,2009,"Executivo",53,53
3888304,18854432000125,"KXO7622",5587428,2021-09-12 01:54:01,2021-09-13 06:18:10,1,-23.6923828,-46.5853233,2.1,"358229071119880","Nao",NA,"VITAN TRANSPORTES E LOCADORA DE VEICULOS LTDA","18.854.432/0001-25","Nao","Sim","Nao",2022-02-03,2023-06-13,2011,"Executivo",50,50
3888305,19099487000130,"APH9078",5591382,2021-09-17 07:23:37,2021-09-19 11:53:10,1,-15.926765,-44.009209,1,"354868061399327","Nao",NA,"J T TRANSPORTE E TURISMO LTDA","19.099.487/0001-30","Nao","Sim","Nao",2021-11-09,2022-10-10,2007,"Executivo",42,42
3888314,19256790000107,"DBB2H34",5586725,2021-09-12 12:13:09,2021-09-12 20:37:57,0,-23.550478,-46.620192,0,"b64628f428f1992c","Nao",NA,"ALM TURISMO E AGROPECUARIA - EIRELI","19.256.790/0001-07","Nao","Sim","Nao",2022-01-07,2024-01-12,2003,"Executivo",46,46
3888341,23567376000188,"GJK9798",5590468,2021-09-18 23:31:05,2021-09-19 04:19:24,1,-22.4194683333333,-46.5579433333333,1.3,"845816ae88672cc9","Nao",NA,"SANDRO ALEXANDRE KELLER EIRELI","23.567.376/0001-88","Nao","Sim","Nao",2022-12-07,2024-03-27,2017,"Executivo",16,16
3888348,26718108000108,"BCE3688",5587734,2021-09-12 20:15:01,2021-09-13 01:05:18,0,-27.061537,-49.530938,0,"864180035185573","Nao",NA,"TEREZIO TRANSPORTES E LOCACAO LTDA","26.718.108/0001-08","Nao","Sim","Nao",2022-08-11,2023-01-28,2017,"Executivo",16,16
3888349,26718108000108,"BCE3688",5587734,2021-09-12 06:02:32,2021-09-12 11:10:42,1,-25.408585,-49.21245,0,"864180035185573","Nao",NA,"TEREZIO TRANSPORTES E LOCACAO LTDA","26.718.108/0001-08","Nao","Sim","Nao",2022-08-11,2023-01-28,2017,"Executivo",16,16
3888353,27486182000109,"OCZ8002",5593392,2021-09-18 05:32:45,2021-09-19 21:31:23,1,-12.9237623214722,-38.465633392334,0,"357070098445978","Nao",NA,NA,NA,NA,NA,NA,NA,NA,NA,NA,NA,NA
3888361,29928822000119,"AWV9035",5588917,2021-09-13 17:42:17,2021-09-14 16:36:42,1,-23.5184726715088,-46.6250801086426,0,"356250101931112","Nao",NA,"RSA TRANSPORTES E TURISMO LTDA","29.928.822/0001-19","Nao","Sim","Nao",2023-07-04,2024-03-27,2013,"Executivo",44,44
3888362,29928822000119,"AWV9035",5590380,2021-09-15 17:50:07,2021-09-16 16:41:35,1,-25.3662719726563,-49.0943565368652,0,"356250101931112","Nao",NA,"RSA TRANSPORTES E TURISMO LTDA","29.928.822/0001-19","Nao","Sim","Nao",2023-07-04,2024-03-27,2013,"Executivo",44,44
3888363,29928822000119,"AWV9035",5593011,2021-09-17 18:02:03,2021-09-18 15:22:43,1,-25.356388092041,-49.0679779052734,0,"356250101931112","Nao",NA,"RSA TRANSPORTES E TURISMO LTDA","29.928.822/0001-19","Nao","Sim","Nao",2023-07-04,2024-03-27,2013,"Executivo",44,44
3888387,36786601000119,"CPI7G62",5588880,2021-09-14 01:14:20,2021-09-14 03:31:23,1,-22.7689037322998,-46.230354309082,0,"355715110293242","Nao",NA,"TRISTAO & SILVA TURISMO LTDA","36.786.601/0001-19","Nao","Sim","Nao",2021-10-29,2023-10-26,2001,"Executivo",46,46
3888388,36786601000119,"CPI7G62",5592966,2021-09-18 02:01:23,2021-09-18 12:53:35,1,-21.4325294494629,-45.9392929077148,0,"355715110293242","Nao",NA,"TRISTAO & SILVA TURISMO LTDA","36.786.601/0001-19","Nao","Sim","Nao",2021-10-29,2023-10-26,2001,"Executivo",46,46
3888458,84438209000121,"MLR7174",5590687,2021-09-18 05:35:58,2021-09-18 09:40:23,1,-26.5135440826416,-49.126407623291,0,"359410826553768","Nao",NA,"VIACAO CANARINHO LTDA","84.438.209/0001-21","Nao","Sim","Nao",2023-02-24,2024-03-26,2012,"Executivo",27,27
3908435,29928822000119,"AWV9035",5596692,2021-09-22 17:43:50,2021-09-23 16:01:24,1,-25.3657321929932,-49.0926284790039,0,"356250101931112","Nao",NA,"RSA TRANSPORTES E TURISMO LTDA","29.928.822/0001-19","Nao","Sim","Nao",2023-07-04,2024-03-27,2013,"Executivo",44,44
3908436,29928822000119,"AWV9035",5599501,2021-09-24 17:52:34,2021-09-25 14:16:44,1,-25.3544673919678,-49.0647811889648,0,"356250101931112","Nao",NA,"RSA TRANSPORTES E TURISMO LTDA","29.928.822/0001-19","Nao","Sim","Nao",2023-07-04,2024-03-27,2013,"Executivo",44,44
3908439,30419024000140,"AZO2279",5599571,2021-09-25 06:30:22,2021-09-25 08:15:42,1,-22.1134866666667,-43.21053,1.3,"f3a6eff0e894391c","Nao",NA,"F C DA MOTTA TRANSPORTES EIRELI","30.419.024/0001-40","Nao","Sim","Nao",2023-12-01,2023-09-09,2015,"Executivo",16,16
3908440,30720587000174,"ASV6E62",5598680,2021-09-24 18:48:36,2021-09-25 06:43:33,1,-25.6765174865723,-48.4643516540527,0,"357570081267297","Nao",NA,"S. PEREIRA DO VALE TRANSPORTES EIRELI","30.720.587/0001-74","Nao","Sim","Nao",2021-12-14,2023-09-05,2010,"Executivo",16,16
3908465,33498551000186,"RJV1J65",5597178,2021-09-25 23:32:06,2021-09-26 21:18:04,0,-21.7850453774534,-46.5722172515407,4,"357114079092084","Nao",NA,"TURISMO TRES AMIGOS LTDA","33.498.551/0001-86","Nao","Sim","Nao",2022-01-12,2023-10-11,2019,"Executivo",47,47
3908466,33498551000186,"RJV1J65",5597178,2021-09-24 23:57:44,2021-09-25 06:01:26,1,-22.6475154140302,-43.2950384793093,3,"357114079092084","Nao",NA,"TURISMO TRES AMIGOS LTDA","33.498.551/0001-86","Nao","Sim","Nao",2022-01-12,2023-10-11,2019,"Executivo",47,47
3908480,36786601000119,"CPI7G62",5595455,2021-09-20 19:47:37,2021-09-21 02:11:51,1,-21.2425479888916,-45.7633514404297,0,"355715110293242","Nao",NA,"TRISTAO & SILVA TURISMO LTDA","36.786.601/0001-19","Nao","Sim","Nao",2021-10-29,2023-10-26,2001,"Executivo",46,46
3908481,36786601000119,"CPI7G62",5600345,2021-09-25 21:25:11,2021-09-26 04:39:31,1,-21.2429885864258,-45.7632751464844,0,"355715110293242","Nao",NA,"TRISTAO & SILVA TURISMO LTDA","36.786.601/0001-19","Nao","Sim","Nao",2021-10-29,2023-10-26,2001,"Executivo",46,46
3908488,39778085000179,"AVR1A83",5593374,2021-09-19 08:22:04,2021-09-19 08:22:04,0,-26.3574834,-48.8591987,1.4,"166408451647490087","Nao",NA,"RLS VIAGENS E TURISMO - EIRELI","39.778.085/0001-79","Nao","Sim","Nao",2022-01-25,2024-01-26,2011,"Executivo",16,16
3908489,39778085000179,"AVR1A83",5593374,2021-09-19 08:21:04,2021-09-19 08:22:04,1,-26.3575334,-48.8589878,0,"166408451647490087","Nao",NA,"RLS VIAGENS E TURISMO - EIRELI","39.778.085/0001-79","Nao","Sim","Nao",2022-01-25,2024-01-26,2011,"Executivo",16,16
3908568,81682296000170,"AUN9538",5592578,2021-09-19 02:46:10,2021-09-20 03:45:55,1,-24.7870267,-50.0170533,0,"355929100541078","Nao",NA,"G P K OPERADORA E TURISMO EIRELI","81.682.296/0001-70","Nao","Sim","Nao",2021-09-30,2024-04-15,2011,"Executivo",34,34
3908569,81682296000170,"BAU0741",5592690,2021-09-19 02:52:47,2021-09-20 01:26:48,1,-24.7868867,-50.0170756,0,"355929100544627","Nao",NA,"G P K OPERADORA E TURISMO EIRELI","81.682.296/0001-70","Nao","Sim","Nao",2021-10-19,2023-10-20,2016,"Executivo",47,47
3908571,84438209000121,"MLR7174",5598183,2021-09-24 18:57:13,2021-09-25 06:26:30,1,-26.4446125030518,-49.0067863464355,0,"359410826553768","Nao",NA,"VIACAO CANARINHO LTDA","84.438.209/0001-21","Nao","Sim","Nao",2023-02-24,2024-03-26,2012,"Executivo",27,27
3929004,664681000192,"IYA3874",5599847,2021-09-26 04:54:43,2021-09-26 23:42:43,1,-29.6464958190918,-50.8008842468262,0,"357091090051176","Nao",NA,"HOFFTUR TRANSPORTES E TURISMO LTDA","00.664.681/0001-92","Nao","Sim","Nao",2023-05-24,2023-08-21,2017,"Executivo",43,43
3929011,2250723000174,"AZQ2G30",5588450,2021-09-15 18:30:19,2021-10-09 19:06:49,1,-26.9354155333713,-49.0674662869424,1.3,"5e9eb3cb3d0b738a","Nao",NA,"ZENTUR FRETAMENTO E LOCACAO DE VEICULOS LTDA","02.250.723/0001-74","Nao","Sim","Nao",2023-02-09,2023-09-04,2014,"Executivo",19,19
3908478,36445041000139,"BBF1C84",5595418,2021-09-20 20:50:49,2021-09-21 19:02:44,1,-25.3649101257324,-49.0883140563965,0,"357870091020094","Nao",NA,"MAXTUR TRANSPORTES LTDA","36.445.041/0001-39","Nao","Sim","Nao",2023-05-13,2023-05-05,2015,"Executivo",63,63
3908479,36445041000139,"BBF1C84",5596849,2021-09-22 20:47:32,2021-09-23 20:33:01,1,-25.3488960266113,-49.0525856018066,0,"357870091020094","Nao",NA,"MAXTUR TRANSPORTES LTDA","36.445.041/0001-39","Nao","Sim","Nao",2023-05-13,2023-05-05,2015,"Executivo",63,63
3908510,48194609000175,"BYP9735",5599266,2021-09-25 00:48:44,2021-09-27 04:52:26,1,-22.724369,-47.6332397,2.1,"866039043600247","Nao",NA,"AGENCIA DE TURISMO MONTE ALEGRE LTDA","48.194.609/0001-75","Nao","Sim","Nao",2023-05-24,2023-09-04,2019,"Executivo",48,48
3908511,48194609000175,"FRO1672",5592560,2021-09-19 09:44:15,2021-09-20 00:22:01,1,-22.7152233,-47.6326675,2.1,"866039043600114","Nao",NA,"AGENCIA DE TURISMO MONTE ALEGRE LTDA","48.194.609/0001-75","Nao","Sim","Nao",2021-10-08,2022-02-05,2014,"Executivo",44,44
3908512,48194609000175,"FRO1672",5597072,2021-09-24 04:20:52,2021-09-26 21:17:26,1,-22.0025082,-47.4449806,2.1,"866039043600114","Nao",NA,"AGENCIA DE TURISMO MONTE ALEGRE LTDA","48.194.609/0001-75","Nao","Sim","Nao",2021-10-08,2022-02-05,2014,"Executivo",44,44
3908534,65827701000144,"DKY3A63",5599660,2021-09-25 00:12:29,2021-09-25 09:54:06,1,-23.205937,-46.837707,0,"351965110857025","Nao",NA,"FAMA TRANSPORTE E TURISMO LTDA - EPP","65.827.701/0001-44","Nao","Sim","Nao",2023-02-21,2023-06-16,2019,"Executivo",32,32
3908535,65827701000144,"GEV7A89",5593269,2021-09-19 18:37:15,2021-09-20 04:15:33,0,-24.928956,-50.136177,0,"351965111541230","Nao",NA,"FAMA TRANSPORTE E TURISMO LTDA - EPP","65.827.701/0001-44","Nao","Sim","Nao",2022-01-22,2023-06-16,2018,"Executivo",48,48
3908536,73477424000115,"QJM2227",5595030,2021-09-20 19:31:05,2021-09-20 19:31:13,1,-26.1833401,-48.9092827,4.35,"868926038737810","Nao",NA,"LDO TRANSPORTE E TURISMO LTDA","73.477.424/0001-15","Nao","Sim","Nao",2023-05-20,2023-06-28,2016,"Executivo",40,40
3908539,76664986000166,"BEZ1J15",5592031,2021-09-19 14:05:51,2021-09-20 02:09:00,0,0,0,0,"354529090836784","Nao",NA,"TRANS ISAAK TURISMO LTDA","76.664.986/0001-66","Sim","Sim","Nao",2022-02-12,2021-10-16,2017,"Executivo",59,59
3908540,76664986000166,"BEZ2C65",5592483,2021-09-19 18:11:04,2021-09-19 22:02:00,0,-26.798502,-48.622588,0,"354330087273499","Nao",NA,"TRANS ISAAK TURISMO LTDA","76.664.986/0001-66","Nao","Sim","Nao",2021-10-02,2023-06-25,2019,"Executivo",19,19
3908541,76664986000166,"BEZ2C65",5592483,2021-09-19 04:59:28,2021-09-19 09:23:28,1,-25.501322,-49.267708,0,"354330087273499","Nao",NA,"TRANS ISAAK TURISMO LTDA","76.664.986/0001-66","Nao","Sim","Nao",2021-10-02,2023-06-25,2019,"Executivo",19,19
3888472,92221589000176,"IUQ6890",5589129,2021-09-15 09:04:32,2021-09-15 21:46:20,1,-21.7034408,-45.2553809,4.58,"356626074792112","Nao",NA,NA,NA,NA,NA,NA,NA,NA,NA,NA,NA,NA
3888473,92221589000176,"IYA0188",5590883,2021-09-17 20:06:05,2021-09-21 06:48:46,1,-31.7624552,-52.3606303,82.5,"354743082679025","Nao",NA,"IRMAOS KOPERECK LTDA","92.221.589/0001-76","Nao","Sim","Nao",2022-06-02,2023-08-27,2017,"Executivo",59,59
3908542,76664986000166,"BEZ4804",5592534,2021-09-19 13:48:23,2021-09-19 20:12:57,0,-27.253797,-48.946778,0,"354330085439746","Nao",NA,"TRANS ISAAK TURISMO LTDA","76.664.986/0001-66","Sim","Sim","Nao",2021-12-11,2021-10-25,2017,"Executivo",28,28
3908543,76664986000166,"BEZ4804",5592534,2021-09-19 02:46:30,2021-09-19 08:45:41,1,0,0,0,"354330085439746","Nao",NA,"TRANS ISAAK TURISMO LTDA","76.664.986/0001-66","Sim","Sim","Nao",2021-12-11,2021-10-25,2017,"Executivo",28,28
3908544,76664986000166,"BEZ4810",5599563,2021-09-25 16:32:57,2021-09-25 20:35:36,0,-26.75219,-48.677388,0,"354330087273499","Nao",NA,"TRANS ISAAK TURISMO LTDA","76.664.986/0001-66","Nao","Sim","Nao",2022-02-15,2023-06-25,2017,"Executivo",28,28
3908545,76664986000166,"BEZ4810",5599563,2021-09-25 06:57:49,2021-09-25 11:03:07,1,-25.501251,-49.266895,0,"354330087273499","Nao",NA,"TRANS ISAAK TURISMO LTDA","76.664.986/0001-66","Nao","Sim","Nao",2022-02-15,2023-06-25,2017,"Executivo",28,28
3908550,78172756000105,"MIF4020",5599541,2021-09-25 19:43:28,2021-09-25 23:07:45,0,-26.7975647,-48.6229877,0.9,"428502503458369319","Nao",NA,"MONTANA TURISMO LTDA","78.172.756/0001-05","Nao","Sim","Nao",2023-10-10,2023-06-30,2007,"Executivo",45,45
3908559,80227796000159,"ASR8431",5591936,2021-09-19 16:56:45,2021-09-20 16:06:18,0,-22.84010436,-45.22579954,99.99,"355673087613852","Nao",NA,"EXPRESSO PRINCESA DOS CAMPOS SA","80.227.796/0001-59","Sim","Sim","Nao",2021-12-09,2022-09-07,2010,"Executivo",42,42
3908560,80227796000159,"ASR8431",5598417,2021-09-24 14:17:29,2021-09-25 13:00:47,1,-25.4387761066243,-49.2431051814582,99.99,"355673087613852","Nao",NA,"EXPRESSO PRINCESA DOS CAMPOS SA","80.227.796/0001-59","Sim","Sim","Nao",2021-12-09,2022-09-07,2010,"Executivo",42,42
3908561,80227796000159,"AUR7137",5597110,2021-09-23 23:12:37,2021-09-24 09:39:28,1,-24.5326933333333,-47.8577,99.99,"354953082492325","Nao",NA,"EXPRESSO PRINCESA DOS CAMPOS SA","80.227.796/0001-59","Sim","Sim","Nao",2021-11-12,2022-09-07,2011,"Executivo",42,42
3908562,80227796000159,"AYB7699",5593124,2021-09-19 15:34:33,2021-09-20 02:50:45,0,-22.8471995,-45.23137846,99.99,"355673087995614","Nao",NA,"EXPRESSO PRINCESA DOS CAMPOS SA","80.227.796/0001-59","Sim","Sim","Nao",2021-10-27,2022-09-07,2014,"Executivo",42,42
3908563,80227796000159,"AYB9155",5593300,2021-09-20 05:20:22,2021-09-20 10:15:29,0,-27.00299164,-51.55661899,99.99,"355673087613571","Nao",NA,"EXPRESSO PRINCESA DOS CAMPOS SA","80.227.796/0001-59","Sim","Sim","Nao",2022-03-02,2022-09-07,2014,"Executivo",44,44
3908564,80227796000159,"AYB9155",5593300,2021-09-19 17:44:47,2021-09-20 05:19:11,1,-24.9519237,-53.4457953,99.99,"355673087613571","Nao",NA,"EXPRESSO PRINCESA DOS CAMPOS SA","80.227.796/0001-59","Sim","Sim","Nao",2022-03-02,2022-09-07,2014,"Executivo",44,44
3908565,80227796000159,"AYC1697",5591923,2021-09-19 15:57:40,2021-09-20 16:07:46,0,-22.88392,-45.2825033,99.99,"357870095922410","Nao",NA,"EXPRESSO PRINCESA DOS CAMPOS SA","80.227.796/0001-59","Sim","Sim","Nao",2021-12-11,2022-09-07,2014,"Executivo",44,44
3908566,80227796000159,"AYC1697",5596787,2021-09-23 19:42:06,2021-09-24 09:12:06,1,-24.47760022,-47.82794386,99.99,"355673087995614","Nao",NA,"EXPRESSO PRINCESA DOS CAMPOS SA","80.227.796/0001-59","Sim","Sim","Nao",2021-12-11,2022-09-07,2014,"Executivo",44,44
3908567,80227796000159,"AYC1703",5596508,2021-09-23 20:04:09,2021-09-24 18:48:31,1,-24.953719,-53.44326085,99.99,"355673087620311","Nao",NA,"EXPRESSO PRINCESA DOS CAMPOS SA","80.227.796/0001-59","Sim","Sim","Nao",2022-03-17,2022-09-07,2014,"Executivo",44,44
3908572,85167393000185,"MFN4393",5597372,2021-09-23 13:57:40,2021-09-24 18:21:13,1,-26.2832508,-48.8353691,4.35,"865473038940105","Nao",NA,"TRANSALLES TRANSPORTADORA TURISTICA LTDA","85.167.393/0001-85","Nao","Sim","Nao",2023-04-22,2023-05-04,2010,"Executivo",28,28
3908573,85172070000180,"QJF7899",5595883,2021-09-21 17:42:25,2021-09-22 17:22:09,1,-26.890926361084,-53.1730155944824,0,"353881079220014","Nao",NA,"REISEBUS AUF TURISMO LTDA - ME","85.172.070/0001-80","Nao","Sim","Nao",2022-02-19,2023-05-13,2018,"Executivo",19,19
3908574,85172070000180,"QJF7899",5596507,2021-09-22 17:55:09,2021-09-22 22:50:34,1,-26.9838542938232,-53.2225189208984,0,"353881079220014","Nao",NA,"REISEBUS AUF TURISMO LTDA - ME","85.172.070/0001-80","Nao","Sim","Nao",2022-02-19,2023-05-13,2018,"Executivo",19,19
3908575,85172070000180,"QJF7899",5597413,2021-09-23 17:42:06,2021-09-23 19:54:39,1,-26.8908863067627,-53.1728286743164,0,"353881079220014","Nao",NA,"REISEBUS AUF TURISMO LTDA - ME","85.172.070/0001-80","Nao","Sim","Nao",2022-02-19,2023-05-13,2018,"Executivo",19,19
3908579,91731299000100,"IVX7666",5581089,2021-09-05 13:23:38,2021-09-08 11:49:27,1,-27.3034133911133,-50.2227058410645,0,"359459072770212","Nao",NA,"STARSUL VIAGENS E TURISMO LTDA","91.731.299/0001-00","Nao","Sim","Nao",2021-09-03,2023-08-23,2014,"Executivo",43,43
3909139,80227796000159,"AUR6388",5590903,2021-09-19 18:24:53,2021-09-19 23:38:03,0,-25.4389807,-49.2433844,99.99,"354137072077052","SIM",3909140,"EXPRESSO PRINCESA DOS CAMPOS SA","80.227.796/0001-59","Sim","Sim","Nao",2022-01-13,2022-09-07,2011,"Executivo",42,42
3909140,80227796000159,"AUR7137",5590903,2021-09-19 23:38:03,2021-09-20 05:38:43,0,-24.4776682,-47.8272786,99.99,"354137072077052","Nao",NA,"EXPRESSO PRINCESA DOS CAMPOS SA","80.227.796/0001-59","Sim","Sim","Nao",2021-11-12,2022-09-07,2011,"Executivo",42,42
3929001,33613000125,"OVT0611",5598932,2021-09-27 13:33:02,2021-09-28 07:22:08,0,-20.376319,-43.417526,0,"f6e08159a63a7db4","Nao",NA,"SANTA IZABEL TRANSPORTES E TURISMO LTDA","00.033.613/0001-25","Sim","Sim","Nao",2022-06-21,2021-10-03,2014,"Executivo",48,48
3929006,1078365000100,"QJW0464",5601049,2021-09-26 17:22:58,2021-09-28 01:49:38,1,-26.9871253967285,-53.5415306091309,0,"354169082193058","Nao",NA,"ITAPORA TRANSPORTES COLETIVOS LTDA EPP","01.078.365/0001-00","Nao","Sim","Nao",2021-09-04,2023-08-31,2019,"Executivo",16,16
3929072,9026330000120,"MQS2694",5600722,2021-09-26 13:19:24,2021-09-27 02:46:58,1,-20.8427543640137,-41.1305694580078,0,"356524082640011","Nao",NA,"VIACAO SANTA CLARA TRANSPORTE E TURISMO LTDA - ME","09.026.330/0001-20","Nao","Sim","Nao",2022-01-07,2023-06-30,2007,"Executivo",41,41
3929141,23343494000102,"NAN1355",5599073,2021-09-27 15:43:49,2021-09-28 04:26:56,1,-23.3141555786133,-46.5821914672852,0,"358186072483220","Nao",NA,"EXPRESSO SAO GERALDO LTDA","23.343.494/0001-02","Nao","Sim","Nao",2022-06-08,2023-11-02,2010,"Executivo",44,44
3929148,26664087000195,"MGX8H02",5601218,2021-09-26 15:50:40,2021-09-28 08:55:54,1,-19.8706188201904,-44.9787902832031,0,"865909045798655","Nao",NA,"COOPERSERRANA - COOPERATIVA DE TRANSPORTADORES ESCOLARES E ALTERNATIVOS DE NOVA SERRANA MG","26.664.087/0001-95","Nao","Sim","Nao",2023-08-09,2023-06-21,2004,"Executivo",50,50
3929149,27276545000181,"PZY6636",5602270,2021-09-28 14:12:13,2021-09-29 23:55:58,1,-19.506733,-42.571087,1,"355371029169857","Nao",NA,"P. R. L. ALVES -TRANSPORTES EIRELI - ME","27.276.545/0001-81","Nao","Sim","Nao",2021-10-01,2023-08-20,2017,"Executivo",20,20
3929168,32403537000199,"KWZ6991",5602184,2021-09-30 10:03:57,2021-10-04 02:45:56,1,-22.6037354,-43.7078842,16.604,"355583090385697","Nao",NA,"EMPRESA DE ONIBUS E TURISMO PEDRO ANTONIO LTDA","32.403.537/0001-99","Nao","Sim","Nao",2021-11-25,2022-06-30,2015,"Executivo",44,44
3929169,32403537000199,"KZL7297",5602449,2021-09-28 23:14:29,2021-09-29 23:41:13,1,-22.4664324,-43.8269407,4.727,"355583090385697","Nao",NA,"EMPRESA DE ONIBUS E TURISMO PEDRO ANTONIO LTDA","32.403.537/0001-99","Nao","Sim","Nao",2022-07-23,2022-06-30,2014,"Executivo",44,44
3929173,33087859000139,"LMY2E08",5599154,2021-09-26 01:24:17,2021-09-26 23:49:07,1,-22.951026,-43.3913711,4,"355474061697825","Nao",NA,"BEL TOUR TURISMO E TRANSPORTES LTDA","33.087.859/0001-39","Nao","Sim","Nao",2021-12-14,2023-07-05,2019,"Executivo",47,47
3929175,33087859000139,"LMY2E51",5599196,2021-09-26 00:01:06,2021-09-27 00:16:34,1,-22.89667,-43.35154,8.4,"355474061692602","Nao",NA,"BEL TOUR TURISMO E TRANSPORTES LTDA","33.087.859/0001-39","Nao","Sim","Nao",2023-11-30,2023-07-05,2019,"Executivo",47,47
3929177,35842536000139,"MML6926",5600769,2021-09-26 09:00:24,2021-09-28 06:07:36,1,-20.319555,-40.350758,1,"354868062187424","Nao",NA,"LIGSMAR ANTONIO ARRIGONI LTDA","35.842.536/0001-39","Nao","Sim","Nao",2024-01-13,2024-02-19,2014,"Executivo",45,45
3929178,35842536000139,"MSL7099",5600784,2021-09-26 09:09:24,2021-09-28 07:14:08,1,-20.31962,-40.351116,1,"354868060315753","Nao",NA,"LIGSMAR ANTONIO ARRIGONI LTDA","35.842.536/0001-39","Nao","Sim","Nao",2024-04-13,2024-02-19,2008,"Executivo",44,44
3929179,35842536000139,"QKG1E32",5600779,2021-09-26 08:46:25,2021-09-28 05:08:42,1,-20.319645,-40.351189,1,"354868062265584","Nao",NA,"LIGSMAR ANTONIO ARRIGONI LTDA","35.842.536/0001-39","Nao","Sim","Nao",2021-09-30,2024-02-19,2015,"Executivo",48,48
3929180,36445041000139,"BBF1C84",5601937,2021-09-27 20:47:35,2021-09-28 19:22:08,1,-25.3610649108887,-49.0781478881836,0,"357870091020094","Nao",NA,"MAXTUR TRANSPORTES LTDA","36.445.041/0001-39","Nao","Sim","Nao",2023-05-13,2023-05-05,2015,"Executivo",63,63
3929181,36445041000139,"BBF1C84",5603353,2021-09-29 20:42:51,2021-09-30 19:22:32,1,-25.366340637207,-49.0946617126465,0,"357870091020094","Nao",NA,"MAXTUR TRANSPORTES LTDA","36.445.041/0001-39","Nao","Sim","Nao",2023-05-13,2023-05-05,2015,"Executivo",63,63
3929187,37856900000145,"BCQ4D69",5600114,2021-09-26 04:35:08,2021-09-27 09:24:22,1,-25.37940636,-49.15942942,1.3,"13ae380180d4d3c2","Nao",NA,"ALBANO TOUR TRANSPORTE EIRELI","37.856.900/0001-45","Nao","Sim","Nao",2021-10-13,2023-10-26,2018,"Convencional",20,20
3929235,65827701000144,"DKY3A63",5599660,2021-09-26 17:44:28,2021-09-27 04:23:45,0,-25.438199,-49.264711,0,"351965110857025","Nao",NA,"FAMA TRANSPORTE E TURISMO LTDA - EPP","65.827.701/0001-44","Nao","Sim","Nao",2023-02-21,2023-06-16,2019,"Executivo",32,32
3929237,73477424000115,"MLD2225",5600367,2021-09-26 16:38:47,2021-09-27 03:42:19,1,-26.7397022,-49.0693588,4.35,"862631032088204","Nao",NA,"LDO TRANSPORTE E TURISMO LTDA","73.477.424/0001-15","Nao","Sim","Nao",2023-05-18,2023-06-28,2012,"Executivo",28,28
3929238,73477424000115,"MLD2225",5602315,2021-09-28 15:31:45,2021-09-29 02:32:51,1,-26.8818245,-49.2445488,4.35,"862631032088204","Nao",NA,"LDO TRANSPORTE E TURISMO LTDA","73.477.424/0001-15","Nao","Sim","Nao",2023-05-18,2023-06-28,2012,"Executivo",28,28
3929239,73477424000115,"QJM2227",5600364,2021-09-26 14:55:04,2021-09-26 19:26:33,1,-27.0328159,-49.3857803,4.35,"868926038737810","Nao",NA,"LDO TRANSPORTE E TURISMO LTDA","73.477.424/0001-15","Nao","Sim","Nao",2023-05-20,2023-06-28,2016,"Executivo",40,40
3929242,76664986000166,"BEZ1272",5599598,2021-09-26 17:42:06,2021-09-26 22:35:11,0,-24.635777,-48.404532,0,"354330086628412","Nao",NA,"TRANS ISAAK TURISMO LTDA","76.664.986/0001-66","Sim","Nao","Nao",2022-03-01,2021-10-25,2012,"Executivo",48,48
3929243,76664986000166,"BEZ1E25",5603109,2021-09-30 05:36:19,2021-10-01 10:35:02,1,0,0,0,"354529090836784","Nao",NA,"TRANS ISAAK TURISMO LTDA","76.664.986/0001-66","Nao","Sim","Nao",2022-04-23,2023-06-16,2019,"Executivo",48,48
3929244,76664986000166,"BEZ2B19",5603222,2021-09-30 18:04:32,2021-09-30 22:57:03,0,-26.798967,-48.62299,0,"354330086628412","Nao",NA,"TRANS ISAAK TURISMO LTDA","76.664.986/0001-66","Sim","Nao","Nao",2022-01-25,2021-10-25,2019,"Executivo",47,47
3929245,76664986000166,"BEZ2B19",5603222,2021-09-30 04:35:39,2021-09-30 09:09:16,1,-25.220593,-49.353354,0,"354330086628412","Nao",NA,"TRANS ISAAK TURISMO LTDA","76.664.986/0001-66","Sim","Nao","Nao",2022-01-25,2021-10-25,2019,"Executivo",47,47
3929246,76664986000166,"RHT2B30",5603094,2021-09-30 05:41:44,2021-10-01 13:45:25,1,-25.496373,-49.272602,0,"354330085439746","Nao",NA,NA,NA,NA,NA,NA,NA,NA,NA,NA,NA,NA
3929247,76664986000166,"RHT2B40",5603094,2021-09-30 05:59:57,2021-10-01 13:46:15,1,-25.501153,-49.267343,0,"354330087273499","Nao",NA,NA,NA,NA,NA,NA,NA,NA,NA,NA,NA,NA
3929249,78172756000105,"BEZ6E68",5612805,2021-09-27 16:28:09,2021-09-27 16:28:09,0,-27.6967719508115,-48.8260769646283,0.8,"428502503458369319","Nao",NA,"MONTANA TURISMO LTDA","78.172.756/0001-05","Nao","Sim","Nao",2021-10-21,2023-06-30,2020,"Executivo",33,33
3929255,80227796000159,"ASR8431",5598417,2021-09-26 00:00:17,2021-09-26 22:43:11,0,-23.09790717,-47.00509842,99.99,"355673087613852","Nao",NA,"EXPRESSO PRINCESA DOS CAMPOS SA","80.227.796/0001-59","Sim","Sim","Nao",2021-12-09,2022-09-07,2010,"Executivo",42,42
3929256,80227796000159,"AUR6388",5603235,2021-09-30 08:57:14,2021-09-30 22:50:49,1,-25.4388883,-49.2432017,99.99,"357870095919796","Nao",NA,"EXPRESSO PRINCESA DOS CAMPOS SA","80.227.796/0001-59","Sim","Sim","Nao",2022-01-13,2022-09-07,2011,"Executivo",42,42
3929258,80227796000159,"AUR7137",5597110,2021-09-26 18:56:48,2021-09-27 04:56:04,0,-27.0024,-48.633345,99.99,"354953082492325","Nao",NA,"EXPRESSO PRINCESA DOS CAMPOS SA","80.227.796/0001-59","Sim","Sim","Nao",2021-11-12,2022-09-07,2011,"Executivo",42,42
3929260,80227796000159,"AUU0545",5602511,2021-09-29 20:58:18,2021-09-30 15:31:17,1,-24.4777516666667,-47.82803,99.99,"357870095922410","Nao",NA,"EXPRESSO PRINCESA DOS CAMPOS SA","80.227.796/0001-59","Sim","Sim","Nao",2022-03-03,2022-09-07,2011,"Executivo",53,53
3929262,80227796000159,"AWV5C32",5603168,2021-09-30 08:51:49,2021-10-01 00:18:15,1,-25.4364508,-49.2435476,99.99,"354137072077052","Nao",NA,"EXPRESSO PRINCESA DOS CAMPOS SA","80.227.796/0001-59","Sim","Sim","Nao",2021-11-11,2022-09-07,2013,"Executivo",28,28
3929264,80227796000159,"AYC1697",5596787,2021-09-26 17:43:29,2021-09-27 05:17:48,0,-20.70254739,-46.36565858,99.99,"355673087995614","Nao",NA,"EXPRESSO PRINCESA DOS CAMPOS SA","80.227.796/0001-59","Sim","Sim","Nao",2021-12-11,2022-09-07,2014,"Executivo",44,44
3929265,80227796000159,"AYC1697",5603240,2021-09-30 08:50:55,2021-10-01 11:22:32,1,-25.43882136,-49.24357848,99.99,"355673087613852","Nao",NA,"EXPRESSO PRINCESA DOS CAMPOS SA","80.227.796/0001-59","Sim","Sim","Nao",2021-12-11,2022-09-07,2014,"Executivo",44,44
3929274,85167393000185,"FLZ8377",5600351,2021-09-26 06:58:14,2021-09-26 19:23:54,1,-26.1189461,-48.8803253,4.35,"868926031185348","Nao",NA,"TRANSALLES TRANSPORTADORA TURISTICA LTDA","85.167.393/0001-85","Nao","Sim","Nao",2021-09-10,2023-09-10,2013,"Executivo",50,50
3929276,85167393000185,"MFN4393",5600840,2021-09-26 02:24:13,2021-09-26 18:30:02,1,-26.3066483,-48.8546944,4.35,"865473038940105","Nao",NA,"TRANSALLES TRANSPORTADORA TURISTICA LTDA","85.167.393/0001-85","Nao","Sim","Nao",2023-04-22,2023-05-04,2010,"Executivo",28,28
3929277,85172070000180,"QJF7899",5603130,2021-09-29 17:43:53,2021-09-29 18:57:03,1,-26.8929481506348,-53.170597076416,0,"353881079220014","Nao",NA,"REISEBUS AUF TURISMO LTDA - ME","85.172.070/0001-80","Nao","Sim","Nao",2022-02-19,2023-05-13,2018,"Executivo",19,19
3929278,85172070000180,"QJF7899",5602451,2021-09-28 17:46:39,2021-09-28 21:56:02,1,-26.8907527923584,-53.1758346557617,0,"353881079220014","Nao",NA,"REISEBUS AUF TURISMO LTDA - ME","85.172.070/0001-80","Nao","Sim","Nao",2022-02-19,2023-05-13,2018,"Executivo",19,19
3929279,85172070000180,"QJF7899",5604017,2021-09-30 17:38:10,2021-09-30 18:53:49,1,-26.8907032012939,-53.1757316589355,0,"353881079220014","Nao",NA,"REISEBUS AUF TURISMO LTDA - ME","85.172.070/0001-80","Nao","Sim","Nao",2022-02-19,2023-05-13,2018,"Executivo",19,19
3929287,95424735000159,"ISM6798",5599941,2021-09-26 08:45:05,2021-09-30 21:22:10,1,-28.5574703216553,-52.5849456787109,0,"357459102734800","Nao",NA,"VIACAO UNIAO SANTA CRUZ LTDA","95.424.735/0001-59","Sim","Sim","Nao",2022-01-20,2021-10-28,2011,"Executivo",50,50
3929288,95424735000159,"IZI2I37",5601628,2021-09-29 00:15:42,2021-10-04 02:56:41,1,-30.0355205535889,-52.9098434448242,0,"357459102738579","Nao",NA,"VIACAO UNIAO SANTA CRUZ LTDA","95.424.735/0001-59","Sim","Sim","Nao",2022-06-29,2021-10-28,2019,"Executivo",50,50
3843784,33613000125,"JDP9300",5578046,2021-09-04 09:08:24,2021-09-04 20:27:03,1,-16.681731,-49.266521,0,"354140100866579","Nao",NA,"SANTA IZABEL TRANSPORTES E TURISMO LTDA","00.033.613/0001-25","Sim","Sim","Nao",2022-05-20,2021-10-03,2012,"Executivo",48,48
3843785,33613000125,"JJT6180",5579256,2021-09-03 13:44:27,2021-09-04 22:00:13,1,-16.367293,-46.898957,0,"354140100909957","Nao",NA,"SANTA IZABEL TRANSPORTES E TURISMO LTDA","00.033.613/0001-25","Sim","Sim","Nao",2022-07-06,2021-10-03,2012,"Executivo",46,46
3843799,1745523000120,"PLQ4F17",5580829,2021-09-03 21:46:23,2021-09-03 21:46:49,1,-11.6539383333333,-38.993935,1.3,"cfa991f6c540efe1","Nao",NA,"M C TRANSPORTES & TURISMO EIRELI","01.745.523/0001-20","Sim","Sim","Nao",2021-11-24,2021-11-16,2019,"Executivo",67,67
3843800,1745523000120,"PLS3B76",5580382,2021-09-03 17:20:19,2021-09-04 03:59:34,1,-12.1742939,-38.9659329,1.3,"76870f0282959711","Nao",NA,"M C TRANSPORTES & TURISMO EIRELI","01.745.523/0001-20","Sim","Sim","Nao",2021-11-25,2021-11-16,2019,"Executivo",48,48
3843848,6025632000196,"PTI4851",5577244,2021-09-03 12:20:44,2021-09-04 08:51:23,1,-7.53020143508911,-46.0368614196777,0,"358692101574541","Nao",NA,"MIRANDA NETO & CIA LTDA - EPP","06.025.632/0001-96","Sim","Sim","Nao",2021-11-24,2021-11-16,2018,"Executivo",63,63
3843870,10683880000100,"IWF5416",5576829,2021-09-02 22:13:37,2021-09-04 22:12:41,1,-29.1893119812012,-54.862003326416,0,"351865923642830","Nao",NA,"LEONARDO CRISTOFARI MANZONI E CIA LTDA","10.683.880/0001-00","Nao","Sim","Nao",2022-01-26,2023-10-28,2014,"Executivo",45,45
3843890,18363131000107,"DTD2A16",5577799,2021-09-04 08:30:11,2021-09-05 15:20:49,1,-25.5356534,-49.18240981,1.3,"410dac1ded4a0ca5","Nao",NA,"JK LOCADORA DE VEICULOS LTDA","18.363.131/0001-07","Nao","Sim","Nao",2023-02-24,2024-02-26,2008,"Executivo",25,25
3843916,21193084000105,"QCG2497",5580730,2021-09-03 14:26:03,2021-09-06 08:28:29,1,-15.612687,-56.006691,0,"48636b216ad72218","Nao",NA,"AM TRANSPORTES E TURISMO LTDA - ME","21.193.084/0001-05","Nao","Sim","Nao",2022-08-12,2023-10-06,2019,"Executivo",46,46
3843933,28739394000113,"KVN8066",5578207,2021-09-02 19:51:48,2021-09-03 12:14:52,1,-26.99690481,-48.65319243,1.3,"b001d9cce2bb755c","Nao",NA,"IVAN TRANSPORTE E TURISMO EIRELI - ME","28.739.394/0001-13","Nao","Sim","Nao",2022-08-13,2022-08-13,2011,"Executivo",46,46
3843960,35842536000139,"KRO3519",5576472,2021-09-01 06:37:30,2021-09-03 09:02:42,1,-19.533268,-40.628517,1,"355371029350259","Nao",NA,"LIGSMAR ANTONIO ARRIGONI LTDA","35.842.536/0001-39","Nao","Sim","Nao",2023-04-08,2024-02-19,2014,"Executivo",44,44
3843965,36445041000139,"BBF1C84",5580514,2021-09-03 20:52:58,2021-09-04 19:31:53,1,-25.3662872314453,-49.0942840576172,0,"357870091020094","Nao",NA,"MAXTUR TRANSPORTES LTDA","36.445.041/0001-39","Nao","Sim","Nao",2023-05-13,2023-05-05,2015,"Executivo",63,63
3843990,48194609000175,"EXE0894",5578754,2021-09-03 19:38:53,2021-09-03 19:39:24,1,-22.7948933,-47.6159668,2.1,"868183039709659","Nao",NA,"AGENCIA DE TURISMO MONTE ALEGRE LTDA","48.194.609/0001-75","Nao","Sim","Nao",2023-05-25,2023-09-04,2019,"Executivo",59,59
3843991,48194609000175,"FTB5201",5578647,2021-09-04 00:12:25,2021-09-08 04:46:50,1,-22.7011967,-47.6558838,2.1,"868183032207487","Nao",NA,"AGENCIA DE TURISMO MONTE ALEGRE LTDA","48.194.609/0001-75","Nao","Sim","Nao",2021-10-09,2023-09-04,2014,"Executivo",46,46
3843992,48194609000175,"GCI1835",5578686,2021-09-04 01:02:55,2021-09-04 01:03:25,1,-22.7302551,-47.638485,2.1,"868183039713669","Nao",NA,"AGENCIA DE TURISMO MONTE ALEGRE LTDA","48.194.609/0001-75","Nao","Sim","Nao",2022-04-22,2021-10-05,2018,"Executivo",59,59
3844024,65827701000144,"DVD1H39",5580681,2021-09-03 23:53:14,2021-09-04 11:07:36,1,-23.206487,-46.837722,0,"351965111542071","Nao",NA,"FAMA TRANSPORTE E TURISMO LTDA - EPP","65.827.701/0001-44","Nao","Sim","Nao",2021-12-18,2023-06-16,2020,"Executivo",47,47
3844025,65827701000144,"FXD0E73",5580540,2021-09-03 23:48:33,2021-09-04 10:58:30,1,-23.20643,-46.837565,0,"351965111542246","Nao",NA,"FAMA TRANSPORTE E TURISMO LTDA - EPP","65.827.701/0001-44","Nao","Sim","Nao",2022-01-26,2023-06-16,2020,"Executivo",47,47
3844026,65827701000144,"GEV7A89",5580317,2021-09-04 03:06:49,2021-09-04 11:09:22,1,-23.128158,-45.737819,0,"351965111541230","Nao",NA,"FAMA TRANSPORTE E TURISMO LTDA - EPP","65.827.701/0001-44","Nao","Sim","Nao",2022-01-22,2023-06-16,2018,"Executivo",48,48
3844027,72819089000123,"GAW4899",5578498,2021-09-03 09:41:42,2021-09-04 04:52:18,1,-23.01053,-47.142353,0,"356429071420328","Nao",NA,"S. SABAS LOCADORA DE VEICULOS EIRELI","72.819.089/0001-23","Nao","Sim","Nao",2022-08-12,2022-08-08,2018,"Executivo",19,19
3844029,73477424000115,"QJM2227",5576827,2021-09-01 18:56:17,2021-09-03 10:29:18,1,-25.9733353,-48.8903313,4.35,"868926038737810","Nao",NA,"LDO TRANSPORTE E TURISMO LTDA","73.477.424/0001-15","Nao","Sim","Nao",2023-05-20,2023-06-28,2016,"Executivo",40,40
3844040,76664986000166,"BEZ2B14",5579928,2021-09-04 20:39:47,2021-09-05 05:53:03,1,-25.362968,-49.185868,0,"354330087295930","Nao",NA,"TRANS ISAAK TURISMO LTDA","76.664.986/0001-66","Sim","Sim","Nao",2021-12-14,2021-10-25,2019,"Executivo",47,47
3844043,76664986000166,"BEZ2B15",5579978,2021-09-04 16:55:54,2021-09-05 06:20:42,1,0,0,0,"354529090836784","Nao",NA,"TRANS ISAAK TURISMO LTDA","76.664.986/0001-66","Sim","Sim","Nao",2022-02-26,2021-10-25,2019,"Executivo",47,47
3844044,76664986000166,"BEZ2B16",5580045,2021-09-04 16:10:24,2021-09-05 06:42:23,1,0,0,0,"354330087295898","Nao",NA,"TRANS ISAAK TURISMO LTDA","76.664.986/0001-66","Sim","Sim","Nao",2022-02-26,2021-10-25,2019,"Executivo",47,47
3888183,153472000184,"JAN5890",5585859,2021-09-13 08:13:59,2021-09-13 12:48:47,1,-29.7281513214111,-50.6205368041992,0,"355269105573259","Nao",NA,"GIAN CARLO TUR EXCURSOES E TURISMO LTDA","00.153.472/0001-84","Nao","Sim","Nao",2022-08-10,2021-10-03,2014,"Executivo",51,51
3888184,153472000184,"JAN5890",5585859,2021-09-16 13:09:13,2021-09-16 19:19:48,1,-28.3279113769531,-49.0658645629883,0,"355269105573259","Nao",NA,"GIAN CARLO TUR EXCURSOES E TURISMO LTDA","00.153.472/0001-84","Nao","Sim","Nao",2022-08-10,2021-10-03,2014,"Executivo",51,51
3888185,153472000184,"JAN5910",5585405,2021-09-12 06:40:49,2021-09-17 20:29:18,1,-30.0439357757568,-51.1429748535156,0,"355269105572996","Nao",NA,"GIAN CARLO TUR EXCURSOES E TURISMO LTDA","00.153.472/0001-84","Nao","Sim","Nao",2023-12-16,2023-07-03,2016,"Executivo",55,55
3888186,153472000184,"JAN5910",5592435,2021-09-18 07:10:57,2021-09-18 11:47:14,1,-30.02366065979,-51.2175483703613,0,"355269105572996","Nao",NA,"GIAN CARLO TUR EXCURSOES E TURISMO LTDA","00.153.472/0001-84","Nao","Sim","Nao",2023-12-16,2023-07-03,2016,"Executivo",55,55
3888187,153472000184,"JAN5930",5586493,2021-09-12 03:58:07,2021-09-12 22:44:35,1,-29.9091472625732,-51.0703811645508,0,"353456091831716","Nao",NA,"GIAN CARLO TUR EXCURSOES E TURISMO LTDA","00.153.472/0001-84","Nao","Sim","Nao",2023-07-07,2023-07-03,2018,"Executivo",55,55
3888188,153472000184,"JAN5930",5589489,2021-09-15 03:53:06,2021-09-15 21:46:13,1,-29.909200668335,-51.0703086853027,0,"353456091831716","Nao",NA,"GIAN CARLO TUR EXCURSOES E TURISMO LTDA","00.153.472/0001-84","Nao","Sim","Nao",2023-07-07,2023-07-03,2018,"Executivo",55,55
3888194,1211210000191,"LSI6545",5590718,2021-09-16 13:51:13,2021-09-16 20:39:24,1,-22.3872985839844,-41.7744750976563,0,"356361085465595","Nao",NA,NA,NA,NA,NA,NA,NA,NA,NA,NA,NA,NA
3888195,1211210000191,"LSI6545",5590718,2021-09-17 16:02:49,2021-09-17 22:30:26,1,-20.3150291442871,-40.2963333129883,0,"356361085465595","Nao",NA,NA,NA,NA,NA,NA,NA,NA,NA,NA,NA,NA
3888196,1211210000191,"RIU2B44",5588505,2021-09-13 13:16:57,2021-09-15 05:58:02,1,-21.6452007293701,-41.7473258972168,0,"354405109041676","Nao",NA,"ESX DE RIO DAS OSTRAS TRANSPORTE E TURISMO LTDA.","01.211.210/0001-91","Nao","Sim","Nao",2021-12-02,2023-12-03,2020,"Executivo",46,46
3888219,4791426000161,"KNX5778",5589413,2021-09-15 07:33:08,2021-09-23 13:54:13,1,-22.522879,-44.137347,0,"354604088445888","Nao",NA,"COOPTAE-COOPERATIVA DOS MOTORISTAS DE TRANSPORTE ALTERNATIVO E ESCOLAR DE MURIAE LTDA","04.791.426/0001-61","Nao","Sim","Nao",2022-05-05,2023-08-09,2010,"Executivo",16,16
3888220,4791426000161,"PYB4091",5589432,2021-09-18 13:43:44,2021-09-18 21:26:54,0,-22.88991,-43.309857,0,"919a4ad8ffcaef43","Nao",NA,"COOPTAE-COOPERATIVA DOS MOTORISTAS DE TRANSPORTE ALTERNATIVO E ESCOLAR DE MURIAE LTDA","04.791.426/0001-61","Nao","Sim","Nao",2021-09-10,2023-09-10,2016,"Executivo",16,16
3888221,4791426000161,"PYB4091",5589432,2021-09-16 07:27:11,2021-09-16 15:55:19,1,-21.018991,-42.110478,0,"919a4ad8ffcaef43","Nao",NA,"COOPTAE-COOPERATIVA DOS MOTORISTAS DE TRANSPORTE ALTERNATIVO E ESCOLAR DE MURIAE LTDA","04.791.426/0001-61","Nao","Sim","Nao",2021-09-10,2023-09-10,2016,"Executivo",16,16
3888223,5114222000159,"RGN8H75",5590437,2021-09-15 19:56:43,2021-09-16 19:14:30,1,-6.46091413497925,-37.1045989990234,0,"354659107595725","Nao",NA,"EUNICE TURISMO EIRELI","05.114.222/0001-59","Nao","Sim","Nao",2022-05-11,2023-08-17,2020,"Executivo",32,32
3888247,6290968000186,"GKF7094",5592746,2021-09-18 09:34:53,2021-09-19 01:22:05,1,-23.5689545,-46.6400719,2.1,"358222057117747","Nao",NA,"VANS MIL RENT A CAR LOCADORA LTDA - EPP","06.290.968/0001-86","Nao","Sim","Nao",2021-09-17,2023-06-20,2017,"Executivo",19,19
3888260,9439617000182,"IWH1420",5588867,2021-09-13 23:30:07,2021-09-18 23:29:27,1,-31.7234153747559,-52.3433532714844,0,"353312099910020","Nao",NA,"MHT TRANSPORTE E TURISMO LTDA - ME","09.439.617/0001-82","Nao","Sim","Nao",2021-10-13,2023-07-04,2013,"Executivo",36,36
3888261,9439617000182,"IZW1720",5588854,2021-09-13 23:46:08,2021-09-15 01:32:49,1,-31.1739139556885,-52.0272216796875,0,"353312099842686","Nao",NA,"MHT TRANSPORTE E TURISMO LTDA - ME","09.439.617/0001-82","Nao","Sim","Nao",2021-10-13,2023-07-04,2017,"Executivo",38,38
3888262,9439617000182,"IZW1720",5593887,2021-09-18 23:31:22,2021-09-20 05:50:48,1,-23.5352153778076,-46.621410369873,0,"353312099910020","Nao",NA,"MHT TRANSPORTE E TURISMO LTDA - ME","09.439.617/0001-82","Nao","Sim","Nao",2021-10-13,2023-07-04,2017,"Executivo",38,38
3888269,10991259000103,"IZE1C43",5591082,2021-09-17 17:08:27,2021-09-18 16:41:41,1,-30.0216541290283,-51.2180938720703,0,"359012075760662","Nao",NA,"ACORIP VIAGENS E TURISMO LTDA","10.991.259/0001-03","Nao","Sim","Nao",2023-07-07,2023-07-19,2018,"Executivo",46,46
3888274,11719181000127,"IYA3591",5589376,2021-09-15 04:16:33,2021-09-15 12:01:57,1,-29.68870696,-51.13439138,1.3,"f6816c53908dc72b","Nao",NA,"ZANITUR TRANSPORTE E TURISMO LTDA- ME","11.719.181/0001-27","Nao","Sim","Nao",2022-07-07,2023-05-30,2017,"Executivo",28,28
3888275,11719181000127,"IYA3591",5589809,2021-09-18 01:03:38,2021-09-18 07:51:30,1,-30.09014667,-51.33922902,1.3,"f6816c53908dc72b","Nao",NA,"ZANITUR TRANSPORTE E TURISMO LTDA- ME","11.719.181/0001-27","Nao","Sim","Nao",2022-07-07,2023-05-30,2017,"Executivo",28,28
3888306,19105037000293,"ASH2B38",5587872,2021-09-12 14:37:39,2021-09-13 00:48:58,1,-21.5485305786133,-42.1752586364746,0,"860625042797319","Nao",NA,"LOPES BELO TURISMO LTDA","19.105.037/0002-93","Nao","Sim","Nao",2021-09-23,2023-09-03,2009,"Executivo",44,44
3888327,21203715000111,"BUD6315",5588329,2021-09-13 10:57:00,2021-09-13 14:42:50,1,-25.8537769317627,-48.990161895752,0,"356506070925645","Nao",NA,"GUARANHA TURISMO LTDA","21.203.715/0001-11","Nao","Sim","Nao",2021-10-07,2023-10-05,1998,"Executivo",46,46
3888328,21919463000121,"FZN7872",5584364,2021-09-11 21:32:26,2021-09-12 12:17:22,0,0,0,0,"357653074757605","Nao",NA,"C.L.A TRANSPORTES DE PASSAGEIROS LTDA","21.919.463/0001-21","Nao","Sim","Nao",2023-02-11,2023-04-01,2015,"Executivo",46,46
3888329,21919463000121,"FZN7872",5584364,2021-09-09 22:47:17,2021-09-11 21:32:21,1,-23.3019,-46.023043,0,"357653074757605","Nao",NA,"C.L.A TRANSPORTES DE PASSAGEIROS LTDA","21.919.463/0001-21","Nao","Sim","Nao",2023-02-11,2023-04-01,2015,"Executivo",46,46
3888330,21992678000178,"KHM8716",5589136,2021-09-14 19:30:55,2021-09-14 23:33:09,0,-8.504322,-35.00499,0,"864893037342428","Nao",NA,"HUMBERTO DE ALCANTARA ARAUJO SOBRINHO EIRELI","21.992.678/0001-78","Nao","Sim","Nao",2022-11-10,2024-02-14,2008,"Executivo",16,16
3888331,21992678000178,"KHM8716",5590583,2021-09-16 19:21:09,2021-09-16 21:59:49,0,-6.234525,-35.052481,0,"864893037342428","Nao",NA,"HUMBERTO DE ALCANTARA ARAUJO SOBRINHO EIRELI","21.992.678/0001-78","Nao","Sim","Nao",2022-11-10,2024-02-14,2008,"Executivo",16,16
3888332,21992678000178,"KHM8716",5589136,2021-09-14 09:59:23,2021-09-14 13:39:35,1,-7.125098,-34.833066,0,"864893037342428","Nao",NA,"HUMBERTO DE ALCANTARA ARAUJO SOBRINHO EIRELI","21.992.678/0001-78","Nao","Sim","Nao",2022-11-10,2024-02-14,2008,"Executivo",16,16
3888333,21992678000178,"KHM8716",5590583,2021-09-16 10:08:55,2021-09-16 13:07:48,1,-7.140704,-34.818523,0,"864893037342428","Nao",NA,"HUMBERTO DE ALCANTARA ARAUJO SOBRINHO EIRELI","21.992.678/0001-78","Nao","Sim","Nao",2022-11-10,2024-02-14,2008,"Executivo",16,16
3888334,21992678000178,"KHM8716",5593957,2021-09-18 19:14:30,2021-09-18 21:01:08,1,-6.973188,-35.080281,0,"864893037342428","Nao",NA,"HUMBERTO DE ALCANTARA ARAUJO SOBRINHO EIRELI","21.992.678/0001-78","Nao","Sim","Nao",2022-11-10,2024-02-14,2008,"Executivo",16,16
3888379,34175274000133,"PIM4408",5591582,2021-09-18 07:13:56,2021-09-18 10:54:21,1,-3.86293506622314,-38.5911674499512,0,"359970088945036","Nao",NA,"VIA TRANSPORTES SERVICOS DE TRANSPORTES DE PASSAGEIROS EIRELI","34.175.274/0001-33","Nao","Sim","Nao",2023-08-01,2023-08-19,2015,"Executivo",16,16
3888390,37826744000170,"OOR1A86",5591690,2021-09-17 19:56:03,2021-09-18 06:13:20,1,-20.4170837402344,-54.6352729797363,0,"351519110228891","Nao",NA,"MINTAKA TRANSPORTES LTDA","37.826.744/0001-70","Nao","Sim","Nao",2021-10-05,2023-11-08,2014,"Executivo",16,16
3888426,59163162000193,"BTZ0670",5585478,2021-09-13 05:27:18,2021-09-13 11:21:44,1,-23.734142,-46.53594,0,"351836098136171","Nao",NA,"TRANSPORTES SANTA MARIA LTDA","59.163.162/0001-93","Sim","Sim","Nao",2022-03-15,2021-10-03,2017,"Executivo",48,48
3888427,59163162000193,"GDD0115",5592343,2021-09-17 17:41:42,2021-09-17 17:46:20,1,-23.733605,-46.536053,0,"351836098150875","Nao",NA,"TRANSPORTES SANTA MARIA LTDA","59.163.162/0001-93","Nao","Sim","Nao",2022-06-24,2022-10-03,2018,"Executivo",28,28
3888435,69067031000166,"OIL5107",5584680,2021-09-12 02:28:23,2021-09-13 00:42:27,1,-22.449936,-46.980295,0,"356429071554225","Nao",NA,NA,NA,NA,NA,NA,NA,NA,NA,NA,NA,NA
3888450,79111779000172,"BCI3052",5588507,2021-09-14 17:30:01,2021-09-15 05:34:44,0,-23.5264318,-46.6199794,1.2,"358795105046364","Nao",NA,"EXPRESSO MARINGA LTDA","79.111.779/0001-72","Sim","Sim","Nao",2022-09-01,2021-10-30,2018,"Executivo",46,46
3888451,79111779000172,"BCI3052",5588507,2021-09-13 18:05:43,2021-09-14 06:09:41,1,-23.0833861,-52.4629088,1.2,"358795105046364","Nao",NA,"EXPRESSO MARINGA LTDA","79.111.779/0001-72","Sim","Sim","Nao",2022-09-01,2021-10-30,2018,"Executivo",46,46
3888467,90997420000187,"NBT1899",5584064,2021-09-09 05:31:49,2021-09-12 20:14:39,1,-29.4498195648193,-51.9693756103516,0,"352217082293360","Nao",NA,"TRANSPORTES BARAO LTDA - ME","90.997.420/0001-87","Nao","Sim","Nao",2021-11-19,2023-09-01,2004,"Executivo",56,56
3888468,90997420000187,"NBT1899",5591045,2021-09-17 18:34:35,2021-09-20 10:25:36,1,-29.2460536956787,-51.5158576965332,0,"352217082292867","Nao",NA,"TRANSPORTES BARAO LTDA - ME","90.997.420/0001-87","Nao","Sim","Nao",2021-11-19,2023-09-01,2004,"Executivo",56,56
3866290,153472000184,"JAN5910",5579844,2021-09-07 08:38:58,2021-09-07 16:13:33,1,-29.1024703979492,-49.6368713378906,0,"355269105572996","Nao",NA,"GIAN CARLO TUR EXCURSOES E TURISMO LTDA","00.153.472/0001-84","Nao","Sim","Nao",2023-12-16,2023-07-03,2016,"Executivo",55,55
3866291,502652000124,"AXK2C73",5583937,2021-09-11 01:02:45,2021-09-11 07:04:46,1,-27.5834312438965,-48.6148872375488,0,"358778083051655","Nao",NA,"MAEDER AGENCIA DE VIAGENS E TURISMO LTDA - ME","00.502.652/0001-24","Nao","Sim","Nao",2022-06-02,2023-10-21,2013,"Executivo",26,26
3866293,1211210000191,"RIU2B44",5584461,2021-09-09 14:52:04,2021-09-13 06:57:55,1,-21.6456832885742,-41.7468414306641,0,"354405109041676","Nao",NA,"ESX DE RIO DAS OSTRAS TRANSPORTE E TURISMO LTDA.","01.211.210/0001-91","Nao","Sim","Nao",2021-12-02,2023-12-03,2020,"Executivo",46,46
3866378,4791426000161,"GYI3711",5580404,2021-09-07 18:06:56,2021-09-08 02:49:30,0,-22.971954,-42.028361,0,"a48415916187173d","Nao",NA,"COOPTAE-COOPERATIVA DOS MOTORISTAS DE TRANSPORTE ALTERNATIVO E ESCOLAR DE MURIAE LTDA","04.791.426/0001-61","Nao","Sim","Nao",2021-12-01,2023-08-27,2011,"Executivo",16,16
3866379,4791426000161,"KNX5778",5585524,2021-09-11 06:14:34,2021-09-11 12:26:16,1,-21.376984,-42.312915,0,"354604088445888","Nao",NA,"COOPTAE-COOPERATIVA DOS MOTORISTAS DE TRANSPORTE ALTERNATIVO E ESCOLAR DE MURIAE LTDA","04.791.426/0001-61","Nao","Sim","Nao",2022-05-05,2023-08-09,2010,"Executivo",16,16
3866380,4791426000161,"OVI4236",5580312,2021-09-07 08:25:39,2021-09-07 21:14:28,1,-21.660042,-41.311278,0,"2010d3034a0f229c","Nao",NA,"COOPTAE-COOPERATIVA DOS MOTORISTAS DE TRANSPORTE ALTERNATIVO E ESCOLAR DE MURIAE LTDA","04.791.426/0001-61","Nao","Sim","Nao",2022-12-21,2022-09-16,2013,"Executivo",16,16
3866381,5114222000159,"DTE0G29",5586191,2021-09-11 04:03:35,2021-09-12 19:30:56,1,-6.46027278900146,-37.0971145629883,0,"354659107595725","Nao",NA,NA,NA,NA,NA,NA,NA,NA,NA,NA,NA,NA
3866382,5114222000159,"QGW1D38",5577494,2021-09-07 09:59:37,2021-09-08 02:19:04,1,-2.90736603736877,-40.4420280456543,0,"354659107595725","Nao",NA,"EUNICE TURISMO EIRELI","05.114.222/0001-59","Nao","Sim","Nao",2021-11-04,2023-08-17,2019,"Executivo",32,32
3866418,79111779000172,"BCI3052",5580712,2021-09-06 17:30:23,2021-09-07 05:35:56,0,-23.531202,-46.6195156,1.8,"358795105046364","Nao",NA,"EXPRESSO MARINGA LTDA","79.111.779/0001-72","Sim","Sim","Nao",2022-09-01,2021-10-30,2018,"Executivo",46,46
3866419,79111779000172,"BCI3052",5583791,2021-09-09 17:06:51,2021-09-10 04:42:24,0,-23.5308406,-46.618392,1.2,"358795105046364","Nao",NA,"EXPRESSO MARINGA LTDA","79.111.779/0001-72","Sim","Sim","Nao",2022-09-01,2021-10-30,2018,"Executivo",46,46
3929061,6044464000186,"IWL4944",5601810,2021-09-27 16:34:11,2021-09-27 18:40:30,1,-27.633152,-52.255669,0,"966680ae5280d9ae","Nao",NA,"CRISTIANO MINGOTI LTDA","06.044.464/0001-86","Nao","Sim","Nao",2022-01-20,2024-03-22,2014,"Executivo",16,16
3929062,6044464000186,"IWL4944",5602455,2021-09-28 16:47:16,2021-09-28 18:28:51,1,-27.644873,-52.272135,0,"966680ae5280d9ae","Nao",NA,"CRISTIANO MINGOTI LTDA","06.044.464/0001-86","Nao","Sim","Nao",2022-01-20,2024-03-22,2014,"Executivo",16,16
3929063,6044464000186,"IWL4944",5603327,2021-09-30 06:41:55,2021-09-30 08:23:54,1,-27.636704,-52.28728,0,"966680ae5280d9ae","Nao",NA,"CRISTIANO MINGOTI LTDA","06.044.464/0001-86","Nao","Sim","Nao",2022-01-20,2024-03-22,2014,"Executivo",16,16
3929084,10390962000158,"DBB1969",5601014,2021-09-26 09:59:28,2021-09-27 08:33:39,1,-17.3435979243368,-44.9189140554518,1.3,"49c50ad408db4857","Nao",NA,"BRAGA TURISMO E TRANSPORTE LTDA","10.390.962/0001-58","Nao","Sim","Nao",2022-06-07,2024-05-04,2009,"Executivo",50,50
3929094,12605262000169,"ERR9892",5601004,2021-09-26 18:58:46,2021-09-27 21:54:51,1,-24.0387649536133,-46.5073280334473,0,"353109063288890","Nao",NA,"RR FALCAO TRANSP E LOCACAO LIMITADA","12.605.262/0001-69","Nao","Sim","Nao",2021-09-15,2023-07-14,2019,"Executivo",19,19
3929098,14602189000105,"PKS1591",5600470,2021-09-26 11:40:41,2021-09-26 21:46:25,1,-10.9333324432373,-37.0822410583496,0,"358866088886595","Nao",NA,"VIACAO JEQUIE CIDADE SOL LTDA.","14.602.189/0001-05","Sim","Sim","Nao",2021-11-10,2022-09-15,2017,"Executivo",43,43
3929101,15287178000132,"QJF4287",4733091,2021-09-03 15:21:30,2021-10-08 04:35:43,1,-27.4707474047318,-48.4134322497994,1.3,"140e1a7b6087056a","Nao",NA,"AV AGENCIA DE VIAGENS E TURISMO LTDA","15.287.178/0001-32","Nao","Sim","Nao",2021-09-16,2022-09-01,2018,"Executivo",21,21
3929133,22243823000180,"LUI2C54",5602111,2021-09-28 09:32:59,2021-09-29 23:32:28,1,-22.957712,-43.404553,0,"865083032553844","Nao",NA,"NL FRETAMENTO TURISMO E LOCADORA LTDA-ME","22.243.823/0001-80","Nao","Sim","Nao",2021-09-28,2023-10-18,2019,"Executivo",16,16
3929135,22243823000180,"LUS3F61",5602109,2021-09-30 11:10:50,2021-09-30 15:13:03,0,-22.471882,-44.520308,0,"865083032548497","Nao",NA,"NL FRETAMENTO TURISMO E LOCADORA LTDA-ME","22.243.823/0001-80","Nao","Sim","Nao",2021-11-23,2023-11-29,2019,"Executivo",21,21
3929136,22243823000180,"LUS3F61",5602109,2021-09-28 09:39:15,2021-09-30 11:09:20,1,-22.957793,-43.404663,0,"865083032548497","Nao",NA,"NL FRETAMENTO TURISMO E LOCADORA LTDA-ME","22.243.823/0001-80","Nao","Sim","Nao",2021-11-23,2023-11-29,2019,"Executivo",21,21
3929137,23153256000134,"OUT2541",5600234,2021-09-26 20:02:39,2021-09-27 08:45:05,1,-6.73508071899414,-37.5666923522949,0,"359232095007759","Nao",NA,"JEAN HENRIQUE FERREIRA MONTEIRO EIRELI","23.153.256/0001-34","Nao","Sim","Nao",2021-10-23,2021-10-17,2013,"Executivo",16,16
3929138,23153256000134,"OUT2541",5603759,2021-09-30 17:44:00,2021-09-30 21:57:57,1,-6.77537107467651,-37.5682411193848,0,"359232095007759","Nao",NA,"JEAN HENRIQUE FERREIRA MONTEIRO EIRELI","23.153.256/0001-34","Nao","Sim","Nao",2021-10-23,2021-10-17,2013,"Executivo",16,16
3929140,23338155000138,"QWS3341",5595891,2021-09-26 14:10:48,2021-09-26 20:24:49,0,-17.773647,-48.63067,0,"359573085976432","Nao",NA,"EMPRESA SAO CRISTOVAO LTDA","23.338.155/0001-38","Sim","Sim","Nao",2022-08-27,2021-10-07,2019,"Executivo",47,47
3929170,32575778000115,"KNZ5711",5600878,2021-09-26 16:53:35,2021-09-26 23:22:57,0,-22.96436,-43.177513,0,"4ece9a2e41a251b1","Nao",NA,"RAFAEL TURISMO EIRELI","32.575.778/0001-15","Nao","Sim","Nao",2023-07-29,2024-02-15,2010,"Executivo",16,16
3929171,32575778000115,"KNZ5711",5600878,2021-09-26 04:18:49,2021-09-26 08:38:30,1,-21.749285,-43.3398,0,"4ece9a2e41a251b1","Nao",NA,"RAFAEL TURISMO EIRELI","32.575.778/0001-15","Nao","Sim","Nao",2023-07-29,2024-02-15,2010,"Executivo",16,16
3929217,50958412000107,"FCN9C42",5602125,2021-09-29 19:37:15,2021-09-30 12:47:08,0,-20.318826,-40.287641,0,"bb62665344b08f59","Nao",NA,"JUNDIA TRANSPORTADORA TURISTICA LTDA","50.958.412/0001-07","Sim","Sim","Nao",2022-01-14,2021-10-03,2019,"Executivo",45,45
3929218,50958412000107,"FCN9C42",5598993,2021-09-26 14:58:45,2021-09-27 09:14:34,1,-23.51766,-46.627105,0,"bb62665344b08f59","Nao",NA,"JUNDIA TRANSPORTADORA TURISTICA LTDA","50.958.412/0001-07","Sim","Sim","Nao",2022-01-14,2021-10-03,2019,"Executivo",45,45
3929219,50958412000107,"FCN9C42",5602125,2021-09-28 15:20:34,2021-09-29 08:31:20,1,-23.517755,-46.626172,0,"bb62665344b08f59","Nao",NA,"JUNDIA TRANSPORTADORA TURISTICA LTDA","50.958.412/0001-07","Sim","Sim","Nao",2022-01-14,2021-10-03,2019,"Executivo",45,45
3929220,54360623000102,"ENU7986",5599023,2021-09-26 22:15:45,2021-10-03 21:29:47,1,-22.7562103271484,-47.6288871765137,0,"355514118323188","Nao",NA,"VIACAO PIRACICABANA LTDA","54.360.623/0001-02","Sim","Sim","Nao",2022-02-16,2021-10-30,2019,"Executivo",61,61
3929222,55334262000184,"EWU6A35",5602904,2021-09-29 12:56:31,2021-09-30 11:16:42,1,-23.5144481658936,-46.6503372192383,0,"353327104856539","Nao",NA,"EMPRESA DE TRANSPORTES ANDORINHA SA","55.334.262/0001-84","Sim","Sim","Nao",2021-10-05,2021-10-05,2012,"Executivo",42,42
3929223,55334262000184,"FIX4769",5603691,2021-09-30 11:46:44,2021-10-01 10:03:05,1,-23.5145511627197,-46.650463104248,0,"353327104670666","Nao",NA,"EMPRESA DE TRANSPORTES ANDORINHA SA","55.334.262/0001-84","Sim","Sim","Nao",2021-12-10,2021-10-05,2014,"Executivo",42,42
3929224,55334262000184,"FIX4769",5602187,2021-09-28 10:57:32,2021-09-29 09:43:04,1,-19.0085887908936,-57.6442565917969,0,"353327104858261","Nao",NA,"EMPRESA DE TRANSPORTES ANDORINHA SA","55.334.262/0001-84","Sim","Sim","Nao",2021-12-10,2021-10-05,2014,"Executivo",42,42
3929225,55334262000184,"GBY5874",5601551,2021-09-27 11:47:26,2021-09-28 08:35:42,1,-23.5145931243896,-46.6504402160645,0,"353327104827134","Nao",NA,"EMPRESA DE TRANSPORTES ANDORINHA SA","55.334.262/0001-84","Sim","Sim","Nao",2022-09-01,2021-10-05,2015,"Executivo",42,42
3929226,55334262000184,"GCR9698",5602210,2021-09-28 12:10:55,2021-09-29 08:36:26,1,-23.5145988464355,-46.6503639221191,0,"353327104848379","Nao",NA,"EMPRESA DE TRANSPORTES ANDORINHA SA","55.334.262/0001-84","Sim","Sim","Nao",2021-11-24,2021-10-05,2015,"Executivo",42,42
3929227,55334262000184,"GDQ7860",5601063,2021-09-26 10:03:24,2021-09-27 12:29:34,1,-19.0099506378174,-57.6452369689941,0,"354604080527915","Nao",NA,"EMPRESA DE TRANSPORTES ANDORINHA SA","55.334.262/0001-84","Sim","Sim","Nao",2022-09-16,2021-10-05,2015,"Executivo",42,42
3929228,55334262000184,"GIZ8236",5602743,2021-09-29 07:24:24,2021-09-29 18:27:30,1,-22.6454315185547,-50.4179344177246,0,"353327104827704","Nao",NA,"EMPRESA DE TRANSPORTES ANDORINHA SA","55.334.262/0001-84","Sim","Sim","Nao",2021-11-23,2021-10-05,2015,"Executivo",42,42
3929229,57705097000155,"EOO5119",5593353,2021-09-20 08:51:45,2021-10-08 01:39:57,1,-23.5133018,-46.6029968,2.1,"358222057503938","Nao",NA,"A.S. TRANSPORTES LTDA","57.705.097/0001-55","Nao","Sim","Nao",2021-11-26,2023-06-22,2019,"Executivo",26,26
3929271,82563891000159,"QIK8284",5597938,2021-09-24 06:42:35,2021-09-30 00:54:56,1,-27.4606437683105,-48.4499359130859,0,"351328853350437","Nao",NA,"EMPRESA UNIAO DE TRANSPORTE LTDA","82.563.891/0001-59","Nao","Sim","Nao",2021-10-14,2023-10-05,2016,"Executivo",55,55
3929273,83647479000180,"MKS8375",5602940,2021-09-30 11:45:17,2021-09-30 11:45:37,1,-28.68744937,-49.34290619,99.99,"354142075629081","Nao",NA,"AUTO VIACAO CRITUR LTDA","83.647.479/0001-80","Nao","Sim","Nao",2022-02-03,2023-06-18,2013,"Executivo",50,50
3843798,1475971000150,"PYQ5278",5580423,2021-09-03 20:04:50,2021-09-04 08:52:29,1,-19.863672,-44.601528,1,"355371028522015","Nao",NA,"IMPULSO TURISMO & TRANSPORTES LTDA","01.475.971/0001-50","Nao","Sim","Nao",2023-12-06,2023-06-03,2016,"Executivo",59,59
3843804,2509965000130,"AKV7547",5578446,2021-09-04 04:43:36,2021-09-09 00:41:08,1,-29.7365141753107,-52.4168219882995,1.3,"32ddd7fe397352b6","Nao",NA,"RAHMEIER - VIAGENS E TURISMO LTDA","02.509.965/0001-30","Nao","Sim","Nao",2021-10-19,2023-07-01,2003,"Executivo",36,36
3843845,5824788000174,"JAG2H24",5578649,2021-09-04 00:11:49,2021-09-08 06:03:54,1,-32.0326509,-52.0980777,3.9,"354743082679694","Nao",NA,"EMPRESA DE TRANSPORTES KOPERECK LTDA","05.824.788/0001-74","Nao","Sim","Nao",2021-09-23,2023-08-27,2020,"Executivo",46,46
3843849,6044464000186,"IWL4944",5578192,2021-09-03 02:59:39,2021-09-03 04:48:22,1,-27.65818,-52.264549,0,"966680ae5280d9ae","Nao",NA,"CRISTIANO MINGOTI LTDA","06.044.464/0001-86","Nao","Sim","Nao",2022-01-20,2024-03-22,2014,"Executivo",16,16
3843850,6044464000186,"IWL4944",5580485,2021-09-04 06:16:09,2021-09-04 08:28:03,1,-27.641279,-52.270212,0,"966680ae5280d9ae","Nao",NA,"CRISTIANO MINGOTI LTDA","06.044.464/0001-86","Nao","Sim","Nao",2022-01-20,2024-03-22,2014,"Executivo",16,16
3843851,6044464000186,"IXA0611",5562348,2021-09-01 07:17:25,2021-09-01 17:56:03,0,-27.597094,-48.520225,0,"ebad3ddfde5d4ee5","Nao",NA,"CRISTIANO MINGOTI LTDA","06.044.464/0001-86","Nao","Sim","Nao",2023-01-04,2023-01-22,2014,"Executivo",44,44
3843854,6044464000186,"IXA0611",5576480,2021-09-01 06:12:47,2021-09-01 08:25:28,1,-27.658124,-52.264514,0,"966680ae5280d9ae","Nao",NA,"CRISTIANO MINGOTI LTDA","06.044.464/0001-86","Nao","Sim","Nao",2023-01-04,2023-01-22,2014,"Executivo",44,44
3843855,6044464000186,"IXA0611",5577146,2021-09-01 18:35:36,2021-09-01 21:21:55,1,-27.362363,-52.593731,0,"966680ae5280d9ae","Nao",NA,"CRISTIANO MINGOTI LTDA","06.044.464/0001-86","Nao","Sim","Nao",2023-01-04,2023-01-22,2014,"Executivo",44,44
3843856,6044464000186,"IXA0611",5577152,2021-09-02 06:08:28,2021-09-02 08:19:38,1,-27.658076,-52.264512,0,"966680ae5280d9ae","Nao",NA,"CRISTIANO MINGOTI LTDA","06.044.464/0001-86","Nao","Sim","Nao",2023-01-04,2023-01-22,2014,"Executivo",44,44
3843868,10214806000136,"AVD2980",5580954,2021-09-04 04:08:34,2021-09-04 10:05:56,1,-20.946358,-44.92857,0,"356361083457123","Nao",NA,"JHONATHAN ALVES DA SILVA LTDA","10.214.806/0001-36","Nao","Sim","Nao",2023-01-19,2023-07-27,2011,"Executivo",16,16
3843873,12605262000169,"DMK6B19",5578214,2021-09-03 21:55:24,2021-09-04 06:35:35,1,-23.9465827941895,-46.3352012634277,0,"866294047098035","Nao",NA,"RR FALCAO TRANSP E LOCACAO LIMITADA","12.605.262/0001-69","Nao","Sim","Nao",2022-07-12,2023-07-14,2020,"Executivo",32,32
3843874,12605262000169,"OPG6A48",5579399,2021-09-03 23:04:42,2021-09-04 07:31:07,1,-23.9352607727051,-46.3318824768066,0,"353109063288890","Nao",NA,"RR FALCAO TRANSP E LOCACAO LIMITADA","12.605.262/0001-69","Nao","Sim","Nao",2024-01-14,2023-07-14,2012,"Executivo",46,46
3843876,13026678000195,"FAB2434",5580649,2021-09-03 21:57:53,2021-09-04 06:17:46,1,-21.1230907440186,-48.0171241760254,0,"352354071036797","Nao",NA,"ULTRAVAN LOCADORA DE VEICULOS LTDA-ME","13.026.678/0001-95","Nao","Sim","Nao",2024-04-19,2023-07-28,2018,"Executivo",16,16
3843879,13759031000172,"LMW9H91",5577642,2021-09-04 03:27:16,2021-09-04 10:23:51,1,-22.5253341,-43.1583635,0,"020920211023012","Nao",NA,"L.B.COSTA TURISMO EIRELI","13.759.031/0001-72","Nao","Sim","Nao",2021-10-29,2023-10-29,2018,"Executivo",16,16
3843883,14509351000137,"KRM6955",5578574,2021-09-04 11:19:33,2021-09-05 00:11:22,0,-22.85414,-45.234432,0,"865083032541237","Nao",NA,"CDP TOUR TURISMO E FRETAMENTO LTDA","14.509.351/0001-37","Nao","Sim","Nao",2021-11-30,2023-12-17,2014,"Executivo",16,16
3843884,14509351000137,"KRM6955",5578574,2021-09-03 20:29:06,2021-09-03 22:52:24,1,-22.454647,-44.388828,0,"865083032541237","Nao",NA,"CDP TOUR TURISMO E FRETAMENTO LTDA","14.509.351/0001-37","Nao","Sim","Nao",2021-11-30,2023-12-17,2014,"Executivo",16,16
3843924,23153256000134,"OUT2541",5577947,2021-09-02 18:57:54,2021-09-03 06:47:34,1,-6.73881530761719,-37.566722869873,0,"359232095007759","Nao",NA,"JEAN HENRIQUE FERREIRA MONTEIRO EIRELI","23.153.256/0001-34","Nao","Sim","Nao",2021-10-23,2021-10-17,2013,"Executivo",16,16
3843940,31126999000143,"BCQ6922",5580902,2021-09-04 05:21:08,2021-09-06 21:50:50,1,-7.17426074,-34.89871016,1.3,"70cc030c33dcf434","Nao",NA,"EGYPTUS SERVICOS DE VIAGEM E TURISMO EIRELI","31.126.999/0001-43","Nao","Sim","Nao",2023-12-07,2024-04-30,2016,"Executivo",16,16
3843950,32575778000115,"KNZ5711",5580964,2021-09-04 07:46:21,2021-09-09 17:28:45,1,-21.750176,-43.352849,0,"4ece9a2e41a251b1","Nao",NA,"RAFAEL TURISMO EIRELI","32.575.778/0001-15","Nao","Sim","Nao",2023-07-29,2024-02-15,2010,"Executivo",16,16
3843955,34596253000191,"AVJ7D73",5577672,2021-09-03 18:04:00,2021-09-04 04:25:56,1,-25.4943466186523,-54.5380821228027,0,"354128076280438","Nao",NA,"DISCOVERY VIAGENS TURISTICA EIRELI","34.596.253/0001-91","Nao","Sim","Nao",2023-05-16,2023-05-10,2012,"Executivo",19,19
3866420,79111779000172,"BCI3052",5580712,2021-09-05 19:36:04,2021-09-06 17:28:36,1,-23.015458,-52.1530076,1,"358795105046364","Nao",NA,"EXPRESSO MARINGA LTDA","79.111.779/0001-72","Sim","Sim","Nao",2022-09-01,2021-10-30,2018,"Executivo",46,46
3866421,79111779000172,"BCI3052",5583791,2021-09-08 18:07:15,2021-09-09 05:04:21,1,-23.0809751,-52.4559454,1,"358795105046364","Nao",NA,"EXPRESSO MARINGA LTDA","79.111.779/0001-72","Sim","Sim","Nao",2022-09-01,2021-10-30,2018,"Executivo",46,46
3866443,90997420000187,"OCE4B39",5580431,2021-09-05 01:03:40,2021-09-07 13:09:49,1,-29.2288017272949,-51.3318710327148,0,"352217082292867","Nao",NA,"TRANSPORTES BARAO LTDA - ME","90.997.420/0001-87","Nao","Sim","Nao",2021-10-22,2023-07-06,2011,"Executivo",46,46
3866449,9439617000182,"IWH1420",5583051,2021-09-07 07:35:47,2021-09-08 00:56:33,1,-29.1025238037109,-49.6369285583496,0,"353312099910020","Nao",NA,"MHT TRANSPORTE E TURISMO LTDA - ME","09.439.617/0001-82","Nao","Sim","Nao",2021-10-13,2023-07-04,2013,"Executivo",36,36
3866450,9439617000182,"IZW1720",5581238,2021-09-05 00:19:50,2021-09-06 14:04:53,1,-31.7249221801758,-52.3425407409668,0,"353312099842686","Nao",NA,"MHT TRANSPORTE E TURISMO LTDA - ME","09.439.617/0001-82","Nao","Sim","Nao",2021-10-13,2023-07-04,2017,"Executivo",38,38
3866451,9439617000182,"IZW1720",5583141,2021-09-06 23:59:58,2021-09-13 23:22:52,1,-31.7235660552979,-52.343578338623,0,"353312099842686","Nao",NA,"MHT TRANSPORTE E TURISMO LTDA - ME","09.439.617/0001-82","Nao","Sim","Nao",2021-10-13,2023-07-04,2017,"Executivo",38,38
3866476,11719181000127,"IYA3591",5585706,2021-09-11 08:47:15,2021-09-12 12:32:18,1,-28.89010328,-52.41316367,1.3,"f6816c53908dc72b","Nao",NA,"ZANITUR TRANSPORTE E TURISMO LTDA- ME","11.719.181/0001-27","Nao","Sim","Nao",2022-07-07,2023-05-30,2017,"Executivo",28,28
3866501,19105037000293,"ASH2B38",5581739,2021-09-05 14:45:49,2021-09-06 01:18:53,1,-21.13645362854,-42.3867683410645,0,"860625042797319","Nao",NA,"LOPES BELO TURISMO LTDA","19.105.037/0002-93","Nao","Sim","Nao",2021-09-23,2023-09-03,2009,"Executivo",44,44
3866516,21203715000111,"BUD6315",5585086,2021-09-10 21:02:02,2021-09-11 05:15:58,1,-25.3801155090332,-49.1652641296387,0,"356506070925645","Nao",NA,"GUARANHA TURISMO LTDA","21.203.715/0001-11","Nao","Sim","Nao",2021-10-07,2023-10-05,1998,"Executivo",46,46
3866518,21992678000178,"KHM8716",5585231,2021-09-10 19:08:38,2021-09-10 22:34:42,0,-6.236513,-35.038303,0,"864893037342428","Nao",NA,"HUMBERTO DE ALCANTARA ARAUJO SOBRINHO EIRELI","21.992.678/0001-78","Nao","Sim","Nao",2022-11-10,2024-02-14,2008,"Executivo",16,16
3866519,21992678000178,"KHM8716",5585231,2021-09-10 10:14:17,2021-09-10 13:53:38,1,-7.134954,-34.820278,0,"864893037342428","Nao",NA,"HUMBERTO DE ALCANTARA ARAUJO SOBRINHO EIRELI","21.992.678/0001-78","Nao","Sim","Nao",2022-11-10,2024-02-14,2008,"Executivo",16,16
3908292,153472000184,"JAN5890",5592622,2021-09-20 15:55:58,2021-09-20 23:10:58,1,-27.1630268096924,-48.611759185791,0,"355269105573259","Nao",NA,"GIAN CARLO TUR EXCURSOES E TURISMO LTDA","00.153.472/0001-84","Nao","Sim","Nao",2022-08-10,2021-10-03,2014,"Executivo",51,51
3908293,153472000184,"JAN5890",5598273,2021-09-25 00:37:58,2021-09-26 14:44:37,1,-29.9716854095459,-51.1750869750977,0,"355269105573259","Nao",NA,"GIAN CARLO TUR EXCURSOES E TURISMO LTDA","00.153.472/0001-84","Nao","Sim","Nao",2022-08-10,2021-10-03,2014,"Executivo",51,51
3908294,153472000184,"JAN5930",5591199,2021-09-17 08:04:42,2021-09-27 00:43:34,1,-29.9440956115723,-51.1769599914551,0,"353456091831716","Nao",NA,"GIAN CARLO TUR EXCURSOES E TURISMO LTDA","00.153.472/0001-84","Nao","Sim","Nao",2023-07-07,2023-07-03,2018,"Executivo",55,55
3908299,1211210000191,"LSI6545",5597256,2021-09-23 12:55:13,2021-09-23 20:21:53,1,-22.3872852325439,-41.7744750976563,0,"356361085465595","Nao",NA,NA,NA,NA,NA,NA,NA,NA,NA,NA,NA,NA
3908300,1211210000191,"RIU2B44",5595042,2021-09-20 14:05:53,2021-09-22 04:21:02,1,-21.6453895568848,-41.7471771240234,0,"354405109041676","Nao",NA,"ESX DE RIO DAS OSTRAS TRANSPORTE E TURISMO LTDA.","01.211.210/0001-91","Nao","Sim","Nao",2021-12-02,2023-12-03,2020,"Executivo",46,46
3908305,2326285000180,"IXX8A04",5597124,2021-09-24 17:49:57,2021-09-25 14:51:12,1,-23.4498863220215,-52.0326995849609,0,"356003108023882","Nao",NA,"BRULAN TRANSPORTES E TURISMO LTDA","02.326.285/0001-80","Nao","Sim","Nao",2021-10-06,2023-08-12,2013,"Executivo",56,56
3908306,2955102000196,"QAN4521",5594389,2021-09-19 11:52:55,2021-09-21 00:38:09,1,-20.4646949768066,-54.6007766723633,0,"358185072937672","Nao",NA,"EDUARDO MARQUES LUCAS & CIA LTDA","02.955.102/0001-96","Nao","Sim","Nao",2022-12-30,2024-02-20,2018,"Executivo",14,14
3908327,4791426000161,"GXA0827",5591935,2021-09-19 01:44:23,2021-09-19 07:03:09,1,-21.126873,-42.383492,0,"358017070964129","Nao",NA,"COOPTAE-COOPERATIVA DOS MOTORISTAS DE TRANSPORTE ALTERNATIVO E ESCOLAR DE MURIAE LTDA","04.791.426/0001-61","Nao","Sim","Nao",2021-10-06,2024-04-01,2009,"Executivo",16,16
3908328,4791426000161,"GYI3711",5597521,2021-09-24 05:48:45,2021-09-24 15:32:18,1,-21.130056,-42.351038,0,"a48415916187173d","Nao",NA,"COOPTAE-COOPERATIVA DOS MOTORISTAS DE TRANSPORTE ALTERNATIVO E ESCOLAR DE MURIAE LTDA","04.791.426/0001-61","Nao","Sim","Nao",2021-12-01,2023-08-27,2011,"Executivo",16,16
3908329,5114222000159,"DTE0G29",5596720,2021-09-23 00:03:26,2021-09-24 07:30:09,1,0,0,0,"355644088041278","Nao",NA,NA,NA,NA,NA,NA,NA,NA,NA,NA,NA,NA
3908348,9439617000182,"IWH1420",5595376,2021-09-20 22:59:30,2021-09-21 23:16:18,1,-31.7236957550049,-52.3435096740723,0,"353312099842686","Nao",NA,"MHT TRANSPORTE E TURISMO LTDA - ME","09.439.617/0001-82","Nao","Sim","Nao",2021-10-13,2023-07-04,2013,"Executivo",36,36
3908349,9439617000182,"IZW1720",5595188,2021-09-20 23:04:55,2021-09-24 09:35:32,1,-31.7231292724609,-52.3431816101074,0,"353312099910020","Nao",NA,"MHT TRANSPORTE E TURISMO LTDA - ME","09.439.617/0001-82","Nao","Sim","Nao",2021-10-13,2023-07-04,2017,"Executivo",38,38
3908401,21203715000111,"BUD6315",5597957,2021-09-25 00:40:27,2021-09-25 05:45:55,1,-24.5571212768555,-47.8658828735352,0,"356506070925645","Nao",NA,"GUARANHA TURISMO LTDA","21.203.715/0001-11","Nao","Sim","Nao",2021-10-07,2023-10-05,1998,"Executivo",46,46
3908402,21919463000121,"FZN7872",5597296,2021-09-25 19:31:03,2021-09-26 09:20:09,0,-27.096913,-48.905833,0,"357653074757605","Nao",NA,"C.L.A TRANSPORTES DE PASSAGEIROS LTDA","21.919.463/0001-21","Nao","Sim","Nao",2023-02-11,2023-04-01,2015,"Executivo",46,46
3908403,21919463000121,"FZN7872",5597296,2021-09-23 22:09:37,2021-09-25 19:30:02,1,-23.161156,-45.909844,0,"357653074757605","Nao",NA,"C.L.A TRANSPORTES DE PASSAGEIROS LTDA","21.919.463/0001-21","Nao","Sim","Nao",2023-02-11,2023-04-01,2015,"Executivo",46,46
3908404,21919463000121,"IYZ9J59",5598792,2021-09-24 19:15:00,2021-09-25 07:55:48,1,-23.305873,-46.0105,0,"354564460891671","Nao",NA,"C.L.A TRANSPORTES DE PASSAGEIROS LTDA","21.919.463/0001-21","Nao","Sim","Nao",2023-05-19,2023-12-06,2016,"Executivo",55,55
3908405,21992678000178,"KHM8716",5593957,2021-09-19 07:25:02,2021-09-19 08:28:51,0,-6.486082,-35.112669,0,"864893037342428","Nao",NA,"HUMBERTO DE ALCANTARA ARAUJO SOBRINHO EIRELI","21.992.678/0001-78","Nao","Sim","Nao",2022-11-10,2024-02-14,2008,"Executivo",16,16
3908406,21992678000178,"KHM8716",5594377,2021-09-19 20:09:59,2021-09-20 00:31:30,0,-8.50975,-35.002142,0,"864893037342428","Nao",NA,"HUMBERTO DE ALCANTARA ARAUJO SOBRINHO EIRELI","21.992.678/0001-78","Nao","Sim","Nao",2022-11-10,2024-02-14,2008,"Executivo",16,16
3908407,21992678000178,"KHM8716",5594924,2021-09-20 18:59:32,2021-09-20 21:45:38,0,-6.236152,-35.038165,0,"864893037342428","Nao",NA,"HUMBERTO DE ALCANTARA ARAUJO SOBRINHO EIRELI","21.992.678/0001-78","Nao","Sim","Nao",2022-11-10,2024-02-14,2008,"Executivo",16,16
3908408,21992678000178,"KHM8716",5597040,2021-09-23 19:23:38,2021-09-23 22:49:53,0,-5.645127,-35.234659,0,"864893037342428","Nao",NA,"HUMBERTO DE ALCANTARA ARAUJO SOBRINHO EIRELI","21.992.678/0001-78","Nao","Sim","Nao",2022-11-10,2024-02-14,2008,"Executivo",16,16
3908409,21992678000178,"KHM8716",5594377,2021-09-19 10:28:40,2021-09-19 13:34:40,1,-7.116657,-34.825988,0,"864893037342428","Nao",NA,"HUMBERTO DE ALCANTARA ARAUJO SOBRINHO EIRELI","21.992.678/0001-78","Nao","Sim","Nao",2022-11-10,2024-02-14,2008,"Executivo",16,16
3908410,21992678000178,"KHM8716",5594924,2021-09-20 10:25:53,2021-09-20 13:08:14,1,-7.123377,-34.82725,0,"864893037342428","Nao",NA,"HUMBERTO DE ALCANTARA ARAUJO SOBRINHO EIRELI","21.992.678/0001-78","Nao","Sim","Nao",2022-11-10,2024-02-14,2008,"Executivo",16,16
3908411,21992678000178,"KHM8716",5597040,2021-09-23 10:28:26,2021-09-23 13:42:00,1,-7.110635,-34.884586,0,"864893037342428","Nao",NA,"HUMBERTO DE ALCANTARA ARAUJO SOBRINHO EIRELI","21.992.678/0001-78","Nao","Sim","Nao",2022-11-10,2024-02-14,2008,"Executivo",16,16
3908433,29520944000171,"OUK3G36",5596762,2021-09-23 22:42:40,2021-09-24 11:28:49,1,-8.01290512084961,-34.8723754882813,0,"351345016590402","Nao",NA,"GOLFINHO TRANSPORTES E TURISMO LTDA","29.520.944/0001-71","Nao","Sim","Nao",2022-08-04,2023-08-10,2013,"Executivo",32,32
3908455,32999865000108,"ORJ4463",5589723,2021-09-19 12:54:15,2021-09-24 04:16:37,1,-5.85506677627563,-35.1818771362305,0,"357229102525692","Nao",NA,"SALES AL TRANSPORTES E TURISMO LTDA","32.999.865/0001-08","Nao","Sim","Nao",2021-10-23,2023-08-17,2017,"Executivo",18,18
3908456,32999865000108,"ORJ4463",5597959,2021-09-24 04:18:36,2021-09-24 14:55:42,1,-9.65476512908936,-35.7137336730957,0,"357229102525692","Nao",NA,"SALES AL TRANSPORTES E TURISMO LTDA","32.999.865/0001-08","Nao","Sim","Nao",2021-10-23,2023-08-17,2017,"Executivo",18,18
3908526,59163162000193,"GDD0115",5592343,2021-09-22 08:59:38,2021-09-22 19:38:10,0,-20.644247,-46.076768,0,"351836098150875","Nao",NA,"TRANSPORTES SANTA MARIA LTDA","59.163.162/0001-93","Nao","Sim","Nao",2022-06-24,2022-10-03,2018,"Executivo",28,28
3908557,79111779000172,"BCI3052",5595027,2021-09-21 21:24:33,2021-09-22 04:54:29,0,-22.8055284,-49.5317162,1.2,"358795105046364","Nao",NA,"EXPRESSO MARINGA LTDA","79.111.779/0001-72","Sim","Sim","Nao",2022-09-01,2021-10-30,2018,"Executivo",46,46
3908558,79111779000172,"BCI3052",5595027,2021-09-20 18:21:38,2021-09-21 05:43:06,1,-23.0686833,-52.4273919,1,"358795105046364","Nao",NA,"EXPRESSO MARINGA LTDA","79.111.779/0001-72","Sim","Sim","Nao",2022-09-01,2021-10-30,2018,"Executivo",46,46
3929002,153472000184,"JAN5890",5602164,2021-09-30 11:55:41,2021-10-05 21:13:26,1,-28.797815322876,-52.515022277832,0,"355269105573259","Nao",NA,"GIAN CARLO TUR EXCURSOES E TURISMO LTDA","00.153.472/0001-84","Nao","Sim","Nao",2022-08-10,2021-10-03,2014,"Executivo",51,51
3929003,153472000184,"JAN5910",5602493,2021-09-29 04:38:48,2021-10-01 09:54:49,1,-29.9363231658936,-50.8845100402832,0,"355269105572996","Nao",NA,"GIAN CARLO TUR EXCURSOES E TURISMO LTDA","00.153.472/0001-84","Nao","Sim","Nao",2023-12-16,2023-07-03,2016,"Executivo",55,55
3929007,1211210000191,"RIU2B44",5601527,2021-09-27 14:02:42,2021-09-29 06:11:11,1,-21.6386241912842,-41.7654266357422,0,"354405109041676","Nao",NA,"ESX DE RIO DAS OSTRAS TRANSPORTE E TURISMO LTDA.","01.211.210/0001-91","Nao","Sim","Nao",2021-12-02,2023-12-03,2020,"Executivo",46,46
3929017,2955102000196,"QAN4521",5600596,2021-09-26 11:52:35,2021-09-28 03:14:17,1,-20.4644317626953,-54.6003227233887,0,"358185072937672","Nao",NA,"EDUARDO MARQUES LUCAS & CIA LTDA","02.955.102/0001-96","Nao","Sim","Nao",2022-12-30,2024-02-20,2018,"Executivo",14,14
3929036,3841149000191,"IVI3789",5602903,2021-09-29 23:39:10,2021-10-04 13:54:01,1,-30.0620193481445,-51.1620826721191,0,"352195106798251","Nao",NA,"MARCELO SILVA TRANSPORTES E TURISMO LTDA","03.841.149/0001-91","Nao","Sim","Nao",2021-09-11,2023-07-01,2012,"Executivo",24,24
3929043,4791426000161,"GXA0827",5600264,2021-09-26 18:01:59,2021-09-26 22:25:30,0,-22.465807,-42.997723,0,"358017070964129","Nao",NA,"COOPTAE-COOPERATIVA DOS MOTORISTAS DE TRANSPORTE ALTERNATIVO E ESCOLAR DE MURIAE LTDA","04.791.426/0001-61","Nao","Sim","Nao",2021-10-06,2024-04-01,2009,"Executivo",16,16
3929044,4791426000161,"GXA0827",5600264,2021-09-26 03:18:10,2021-09-26 07:30:00,1,-21.126898,-42.383471,0,"358017070964129","Nao",NA,"COOPTAE-COOPERATIVA DOS MOTORISTAS DE TRANSPORTE ALTERNATIVO E ESCOLAR DE MURIAE LTDA","04.791.426/0001-61","Nao","Sim","Nao",2021-10-06,2024-04-01,2009,"Executivo",16,16
3929045,4791426000161,"KNX5778",5603718,2021-09-30 14:20:52,2021-10-01 20:49:54,1,-21.376074,-42.325677,0,"354604088445888","Nao",NA,"COOPTAE-COOPERATIVA DOS MOTORISTAS DE TRANSPORTE ALTERNATIVO E ESCOLAR DE MURIAE LTDA","04.791.426/0001-61","Nao","Sim","Nao",2022-05-05,2023-08-09,2010,"Executivo",16,16
3929024,3678251000118,"AUA5888",5600365,2021-09-26 18:21:33,2021-09-28 03:17:52,1,-23.4272669,-51.895803,4.067,"fbba82a4eec4515a","Nao",NA,"MARCO ANTONIO JANUARIO & CIA LTDA - ME","03.678.251/0001-18","Nao","Sim","Nao",2021-09-17,2024-03-13,2010,"Executivo",28,28
3929025,3678251000118,"AUA5888",5603176,2021-09-29 22:52:39,2021-10-01 03:44:55,1,-23.2840928,-51.2445088,3.9,"c507647a4b7a4fb5","Nao",NA,"MARCO ANTONIO JANUARIO & CIA LTDA - ME","03.678.251/0001-18","Nao","Sim","Nao",2021-09-17,2024-03-13,2010,"Executivo",28,28
3929026,3678251000118,"AXJ8573",5601610,2021-09-27 18:12:47,2021-09-29 03:40:07,1,-23.4269327,-51.8961379,18.475,"707903e33f297b9e","Nao",NA,"MARCO ANTONIO JANUARIO & CIA LTDA - ME","03.678.251/0001-18","Nao","Sim","Nao",2022-02-03,2023-07-24,2013,"Executivo",44,44
3929028,3678251000118,"AZQ3916",5602199,2021-09-29 00:22:39,2021-10-03 19:06:25,1,-23.552066,-51.459732,3.9,"514fb3c33a5f3c5e","Nao",NA,"MARCO ANTONIO JANUARIO & CIA LTDA - ME","03.678.251/0001-18","Nao","Sim","Nao",2024-03-28,2023-07-24,2015,"Executivo",44,44
3929030,3678251000118,"BCI4301",5600242,2021-09-26 08:47:47,2021-09-26 21:57:42,1,-23.2929899,-51.2212485,3.9,"c507647a4b7a4fb5","Nao",NA,"MARCO ANTONIO JANUARIO & CIA LTDA - ME","03.678.251/0001-18","Nao","Sim","Nao",2021-10-28,2023-07-24,2018,"Executivo",63,63
3929032,3678251000118,"CUE2G77",5600439,2021-09-26 18:21:31,2021-09-28 03:14:54,1,-23.4271786,-51.89584,3.79,"618f1e31c7dc3fc7","Nao",NA,"MARCO ANTONIO JANUARIO & CIA LTDA - ME","03.678.251/0001-18","Nao","Sim","Nao",2021-10-28,2023-07-24,2011,"Executivo",43,43
3929033,3678251000118,"CUE2G77",5602981,2021-09-29 18:22:10,2021-10-01 01:41:15,1,-23.4312869,-51.8886819,5.925,"707903e33f297b9e","Nao",NA,"MARCO ANTONIO JANUARIO & CIA LTDA - ME","03.678.251/0001-18","Nao","Sim","Nao",2021-10-28,2023-07-24,2011,"Executivo",43,43
3929034,3678251000118,"OLP4I55",5601686,2021-09-27 20:15:51,2021-09-29 02:37:25,1,-23.5490056,-51.4589331,8.844,"656a6d658098f811","Nao",NA,"MARCO ANTONIO JANUARIO & CIA LTDA - ME","03.678.251/0001-18","Nao","Sim","Nao",2023-08-08,2023-07-24,2011,"Executivo",27,27
3929035,3678251000118,"OLP4I55",5602908,2021-09-29 16:45:12,2021-10-01 12:07:51,1,-23.4030905,-51.4286096,38.362,"00e7574bf03da273","Nao",NA,"MARCO ANTONIO JANUARIO & CIA LTDA - ME","03.678.251/0001-18","Nao","Sim","Nao",2023-08-08,2023-07-24,2011,"Executivo",27,27
3929038,4231372000180,"IMS7B64",5602894,2021-09-29 23:59:40,2021-09-30 14:26:20,1,-29.6166343688965,-51.7854957580566,0,"353441105968563","Nao",NA,"ADIKERN TRANSPORTES E TURISMO LTDA","04.231.372/0001-80","Nao","Sim","Nao",2021-12-22,2023-07-05,2004,"Executivo",43,43
3929039,4231372000180,"IXU9146",5602894,2021-09-29 22:17:00,2021-09-29 23:29:10,1,-30.0033740997314,-51.1904106140137,0,"353441105968563","Nao",NA,"ADIKERN TRANSPORTES E TURISMO LTDA","04.231.372/0001-80","Nao","Sim","Nao",2024-03-02,2023-07-05,2016,"Executivo",17,17
3929042,4645191000108,"PGN8005",5591150,2021-09-15 22:50:20,2021-09-19 19:47:02,1,-8.06365489959717,-39.1315231323242,0,"356361087970451","Nao",NA,"IRMAOS BRITO LTDA","04.645.191/0001-08","Nao","Sim","Nao",2021-09-22,2023-10-14,2013,"Executivo",48,48
3929100,15262903000118,"RKN0B27",5583531,2021-09-08 07:39:07,2021-09-08 14:52:17,1,-22.4076766967773,-41.8565063476563,0,"358922212467958","Nao",NA,"MAXIMA TRANSPORTE E LOCACAO DE VEICULOS EIRELI","15.262.903/0001-18","Nao","Sim","Nao",2022-01-26,2023-05-12,2019,"Executivo",21,21
3929150,27486182000109,"PJQ9083",5603450,2021-09-30 04:59:34,2021-09-30 21:41:50,1,-12.9242506027222,-38.4653472900391,0,"357070098470380","Nao",NA,"VIACAO AGUIA BRANCA S A","27.486.182/0001-09","Sim","Sim","Nao",2021-11-25,2022-08-07,2015,"Executivo",42,42
3929151,27486182000109,"QRC1H19",5603256,2021-09-30 14:54:30,2021-10-01 11:03:05,1,-22.8705902099609,-43.2497634887695,0,"352997102163889","Nao",NA,"VIACAO AGUIA BRANCA S A","27.486.182/0001-09","Sim","Sim","Nao",2022-06-23,2022-08-07,2018,"Executivo",47,47
3929155,29928822000119,"AWV9035",5601867,2021-09-27 17:47:27,2021-09-28 16:19:17,1,-25.3607273101807,-49.0775032043457,0,"356250101931112","Nao",NA,"RSA TRANSPORTES E TURISMO LTDA","29.928.822/0001-19","Nao","Sim","Nao",2023-07-04,2024-03-27,2013,"Executivo",44,44
3929157,30419024000140,"AZO2279",5600718,2021-09-26 04:11:38,2021-09-26 06:50:17,1,-22.1052983333333,-43.18524,1.3,"f3a6eff0e894391c","Nao",NA,"F C DA MOTTA TRANSPORTES EIRELI","30.419.024/0001-40","Nao","Sim","Nao",2023-12-01,2023-09-09,2015,"Executivo",16,16
3929183,36786601000119,"CPI7G62",5602020,2021-09-27 19:55:30,2021-09-28 00:52:27,1,-21.2411861419678,-45.7568016052246,0,"355715110293242","Nao",NA,"TRISTAO & SILVA TURISMO LTDA","36.786.601/0001-19","Nao","Sim","Nao",2021-10-29,2023-10-26,2001,"Executivo",46,46
3843802,2250723000174,"BDU7F76",5577742,2021-09-03 06:12:39,2021-09-03 09:07:49,1,-25.36616563797,-49.0425243414938,1.3,"5e9eb3cb3d0b738a","Nao",NA,"ZENTUR FRETAMENTO E LOCACAO DE VEICULOS LTDA","02.250.723/0001-74","Nao","Sim","Nao",2023-01-06,2024-01-25,2019,"Executivo",19,19
3843815,3678251000118,"AYP8455",5577030,2021-09-04 00:21:09,2021-09-08 06:47:18,1,-23.2552883,-51.2506262,4.016,"416ad037f5966589","Nao",NA,"MARCO ANTONIO JANUARIO & CIA LTDA - ME","03.678.251/0001-18","Nao","Sim","Nao",2024-03-28,2023-07-24,2014,"Executivo",44,44
3843816,3678251000118,"AYV5125",5578364,2021-09-03 22:07:30,2021-09-07 10:01:15,1,-24.9572857,-53.4604739,6.654,"fbba82a4eec4515a","Nao",NA,"MARCO ANTONIO JANUARIO & CIA LTDA - ME","03.678.251/0001-18","Nao","Sim","Nao",2021-09-09,2023-07-24,2014,"Executivo",44,44
3843818,3678251000118,"BCD5518",5577021,2021-09-03 23:37:10,2021-09-08 07:25:51,1,-23.3448648,-51.3761618,3.9,"84197b12ba653d1e","Nao",NA,"MARCO ANTONIO JANUARIO & CIA LTDA - ME","03.678.251/0001-18","Nao","Sim","Nao",2023-11-09,2023-07-24,2018,"Executivo",63,63
3843819,3678251000118,"BCQ9380",5577731,2021-09-04 01:43:03,2021-09-08 16:06:27,1,-23.4378822,-51.877047,3.9,"351266054937570","Nao",NA,"MARCO ANTONIO JANUARIO & CIA LTDA - ME","03.678.251/0001-18","Nao","Sim","Nao",2021-11-26,2023-07-24,2018,"Executivo",63,63
3843821,3678251000118,"CUE2G77",5576924,2021-09-01 19:25:29,2021-09-03 02:10:31,1,-23.4321913,-51.8876736,4.766,"707903e33f297b9e","Nao",NA,"MARCO ANTONIO JANUARIO & CIA LTDA - ME","03.678.251/0001-18","Nao","Sim","Nao",2021-10-28,2023-07-24,2011,"Executivo",43,43
3843823,3678251000118,"OLP4I55",5577100,2021-09-01 21:26:19,2021-09-03 04:14:52,1,-23.4019788,-51.427011,69.251,"c507647a4b7a4fb5","Nao",NA,"MARCO ANTONIO JANUARIO & CIA LTDA - ME","03.678.251/0001-18","Nao","Sim","Nao",2023-08-08,2023-07-24,2011,"Executivo",27,27
3843828,4361392000175,"FXQ2089",5577775,2021-09-04 01:29:27,2021-09-04 04:57:03,1,-23.190673,-46.898563,0,"351965111541487","Nao",NA,"TRANS NETTI-TRANSPORTE E LOCACAO LTDA","04.361.392/0001-75","Nao","Sim","Nao",2023-12-05,2023-06-28,2017,"Executivo",67,67
3843832,4645191000108,"AUL1838",5578225,2021-09-03 08:49:56,2021-09-11 09:06:46,1,-7.51120710372925,-38.9889373779297,0,"353312093949826","Nao",NA,"IRMAOS BRITO LTDA","04.645.191/0001-08","Nao","Sim","Nao",2021-10-05,2023-10-14,2011,"Executivo",50,50
3843833,4645191000108,"PCV2154",5579711,2021-09-03 18:38:15,2021-09-04 11:35:14,1,-8.06538200378418,-39.1307182312012,0,"353312094473982","Nao",NA,"IRMAOS BRITO LTDA","04.645.191/0001-08","Nao","Sim","Nao",2021-09-09,2023-10-14,2015,"Convencional",48,48
3843834,4645191000108,"PGN8005",5579607,2021-09-02 22:33:45,2021-09-08 19:53:54,1,-5.93038749694824,-38.6314277648926,0,"356361087970451","Nao",NA,"IRMAOS BRITO LTDA","04.645.191/0001-08","Nao","Sim","Nao",2021-09-22,2023-10-14,2013,"Executivo",48,48
3843880,14492342000180,"PLG4809",5577080,2021-09-03 21:15:15,2021-09-04 13:17:42,1,-9.40433883666992,-40.5041046142578,0,"353312092802158","Nao",NA,"ROTA TRANSPORTES RODOVIARIOS LTDA.","14.492.342/0001-80","Sim","Sim","Nao",2022-09-29,2022-07-16,2018,"Executivo",47,47
3843881,14492342000180,"PLH9093",5576892,2021-09-02 07:52:37,2021-09-03 10:09:26,1,-14.8892621994019,-40.8701515197754,0,"358866088886595","Nao",NA,"ROTA TRANSPORTES RODOVIARIOS LTDA.","14.492.342/0001-80","Sim","Sim","Nao",2021-12-01,2022-07-16,2018,"Executivo",47,47
3843889,17537764000113,"QBY4840",5576263,2021-09-01 22:14:11,2021-09-03 04:33:08,1,-15.6147031784058,-56.038501739502,0,"352276083081950","Nao",NA,NA,NA,NA,NA,NA,NA,NA,NA,NA,NA,NA
3843891,18854432000125,"GAY2000",5578644,2021-09-03 22:41:08,2021-09-07 14:48:35,1,-23.6105461,-46.5707245,2.1,"358222057116285","Nao",NA,"VITAN TRANSPORTES E LOCADORA DE VEICULOS LTDA","18.854.432/0001-25","Nao","Sim","Nao",2022-02-03,2023-03-14,2008,"Executivo",46,46
3843902,19256790000107,"AZJ4E31",5577265,2021-09-03 18:31:32,2021-09-04 07:19:23,1,-25.440921,-49.364533,0,"b64628f428f1992c","Nao",NA,"ALM TURISMO E AGROPECUARIA - EIRELI","19.256.790/0001-07","Nao","Sim","Nao",2021-11-26,2022-12-03,2014,"Executivo",16,16
3843936,29928822000119,"AWV9035",5577200,2021-09-01 18:04:57,2021-09-02 17:16:20,1,-25.3654975891113,-49.0914878845215,0,"356250101931112","Nao",NA,"RSA TRANSPORTES E TURISMO LTDA","29.928.822/0001-19","Nao","Sim","Nao",2023-07-04,2024-03-27,2013,"Executivo",44,44
3843937,29928822000119,"AWV9035",5580534,2021-09-03 18:05:32,2021-09-04 15:04:54,1,-25.3651580810547,-49.0893173217773,0,"356250101931112","Nao",NA,"RSA TRANSPORTES E TURISMO LTDA","29.928.822/0001-19","Nao","Sim","Nao",2023-07-04,2024-03-27,2013,"Executivo",44,44
3843957,35073958000197,"OUW9B07",5577753,2021-09-03 05:56:07,2021-09-03 19:58:48,1,-20.2764682769775,-40.2857933044434,0,"352195107143515","Nao",NA,"B A V J C TRANSPORTES LTDA","35.073.958/0001-97","Nao","Sim","Nao",2021-12-08,2023-12-19,2013,"Executivo",16,16
3843966,36786601000119,"CPI7G62",5581540,2021-09-04 20:48:00,2021-09-05 03:45:42,1,-21.2377414703369,-45.7611465454102,0,"355715110293242","Nao",NA,"TRISTAO & SILVA TURISMO LTDA","36.786.601/0001-19","Nao","Sim","Nao",2021-10-29,2023-10-26,2001,"Executivo",46,46
3844030,75164350000192,"BDZ8F16",5576949,2021-09-03 02:24:57,2021-09-04 04:29:10,1,-25.3930377,-51.4587061,15.252,"358866086542430","Nao",NA,"EXPRESSO GUARIOS E TURISMO LTDA EPP","75.164.350/0001-92","Nao","Sim","Nao",2021-09-11,2023-10-04,2020,"Executivo",32,32
3844031,75164350000192,"FUU2B18",5577337,2021-09-02 19:55:59,2021-09-09 05:19:24,1,-25.3672619,-51.476108,9.5,"1d87c60372495136","Nao",NA,"EXPRESSO GUARIOS E TURISMO LTDA EPP","75.164.350/0001-92","Nao","Sim","Nao",2022-08-27,2023-10-04,2014,"Executivo",57,57
3844032,75164350000192,"KVN5621",5579619,2021-09-04 02:19:01,2021-09-08 05:51:38,1,-25.3519756,-51.4581917,5.091,"84f28fe451946ce9","Nao",NA,"EXPRESSO GUARIOS E TURISMO LTDA EPP","75.164.350/0001-92","Nao","Sim","Nao",2023-08-15,2023-10-04,2011,"Executivo",46,46
3844033,75164350000192,"LPY9765",5577537,2021-09-04 04:21:11,2021-09-08 00:09:54,1,-25.3672946,-51.4761393,5.002,"783d770ad5f6b5dc","Nao",NA,"EXPRESSO GUARIOS E TURISMO LTDA EPP","75.164.350/0001-92","Nao","Sim","Nao",2021-12-02,2023-10-04,2011,"Executivo",46,46
3844063,81682296000170,"BAU0741",5578110,2021-09-03 09:10:42,2021-09-08 03:35:13,1,-24.7868911,-50.0171556,0,"355929100544627","Nao",NA,"G P K OPERADORA E TURISMO EIRELI","81.682.296/0001-70","Nao","Sim","Nao",2021-10-19,2023-10-20,2016,"Executivo",47,47
3844064,81682296000170,"BCH5046",5577869,2021-09-03 22:38:39,2021-09-08 19:25:24,1,-24.7949756,-50.0096089,0,"355929100572503","Nao",NA,"G P K OPERADORA E TURISMO EIRELI","81.682.296/0001-70","Nao","Sim","Nao",2021-10-21,2023-10-20,2018,"Executivo",19,19
3929046,4791426000161,"NYF4I55",5600239,2021-09-26 06:33:17,2021-09-26 21:43:44,1,-20.962674,-42.041886,0,"356957085425727","Nao",NA,NA,NA,NA,NA,NA,NA,NA,NA,NA,NA,NA
3929047,4791426000161,"PYB4091",5599371,2021-09-26 18:50:07,2021-09-26 22:02:32,0,-21.737541,-41.337827,0,"919a4ad8ffcaef43","Nao",NA,"COOPTAE-COOPERATIVA DOS MOTORISTAS DE TRANSPORTE ALTERNATIVO E ESCOLAR DE MURIAE LTDA","04.791.426/0001-61","Nao","Sim","Nao",2021-09-10,2023-09-10,2016,"Executivo",16,16
3929048,4791426000161,"PYB4091",5599371,2021-09-26 06:05:57,2021-09-26 10:53:10,1,-21.019036,-42.110441,0,"919a4ad8ffcaef43","Nao",NA,"COOPTAE-COOPERATIVA DOS MOTORISTAS DE TRANSPORTE ALTERNATIVO E ESCOLAR DE MURIAE LTDA","04.791.426/0001-61","Nao","Sim","Nao",2021-09-10,2023-09-10,2016,"Executivo",16,16
3929076,9439617000182,"IWH1420",5601863,2021-09-27 23:23:47,2021-09-29 00:30:39,1,-31.7235431671143,-52.3433609008789,0,"353312099910020","Nao",NA,"MHT TRANSPORTE E TURISMO LTDA - ME","09.439.617/0001-82","Nao","Sim","Nao",2021-10-13,2023-07-04,2013,"Executivo",36,36
3929077,9439617000182,"IZW1720",5600397,2021-09-26 00:05:23,2021-09-27 04:59:24,1,-31.7238082885742,-52.3424606323242,0,"353312099910020","Nao",NA,"MHT TRANSPORTE E TURISMO LTDA - ME","09.439.617/0001-82","Nao","Sim","Nao",2021-10-13,2023-07-04,2017,"Executivo",38,38
3929078,9439617000182,"IZW1720",5601895,2021-09-28 00:53:25,2021-10-01 16:19:17,1,-31.4153690338135,-52.1705780029297,0,"353312099842686","Nao",NA,"MHT TRANSPORTE E TURISMO LTDA - ME","09.439.617/0001-82","Nao","Sim","Nao",2021-10-13,2023-07-04,2017,"Executivo",38,38
3929085,10623190000157,"KYY5F45",5600144,2021-09-26 08:23:56,2021-09-26 18:37:03,1,-22.5276012420654,-44.1144981384277,1.32,"357719075260194","Nao",NA,"L & C RODRIGUES FRETAMENTO E TURISMO LTDA","10.623.190/0001-57","Nao","Sim","Nao",2023-11-25,2024-02-17,2017,"Executivo",21,21
3929102,15336818000157,"QJQ9024",5599661,2021-09-26 02:12:42,2021-09-26 12:30:33,1,-23.7837734,-46.9140282,4.35,"862057046300809","Nao",NA,"CANTUR TURISMO LTDA ME","15.336.818/0001-57","Nao","Sim","Nao",2023-08-03,2023-07-12,2018,"Executivo",55,55
3929107,19105037000293,"ASH2B38",5594397,2021-09-20 15:19:07,2021-10-08 18:05:34,1,-23.534273147583,-46.6233825683594,0,"357476087044633","Nao",NA,"LOPES BELO TURISMO LTDA","19.105.037/0002-93","Nao","Sim","Nao",2021-09-23,2023-09-03,2009,"Executivo",44,44
3929126,21919463000121,"FZN7872",5597487,2021-09-29 15:15:10,2021-09-30 12:16:29,0,-20.53334,-40.380457,0,"357653074757605","Nao",NA,"C.L.A TRANSPORTES DE PASSAGEIROS LTDA","21.919.463/0001-21","Nao","Sim","Nao",2023-02-11,2023-04-01,2015,"Executivo",46,46
3929127,21919463000121,"FZN7872",5597487,2021-09-26 23:08:53,2021-09-29 15:14:07,1,-23.250762,-45.93632,0,"357653074757605","Nao",NA,"C.L.A TRANSPORTES DE PASSAGEIROS LTDA","21.919.463/0001-21","Nao","Sim","Nao",2023-02-11,2023-04-01,2015,"Executivo",46,46
3929128,21992678000178,"KHM8716",5600542,2021-09-26 09:20:41,2021-09-26 10:57:38,0,-6.483386,-35.431961,0,"864893037342428","Nao",NA,"HUMBERTO DE ALCANTARA ARAUJO SOBRINHO EIRELI","21.992.678/0001-78","Nao","Sim","Nao",2022-11-10,2024-02-14,2008,"Executivo",16,16
3929129,21992678000178,"KHM8716",5601430,2021-09-27 22:13:11,2021-09-28 00:23:35,0,-8.033006,-34.872843,0,"864893037342428","Nao",NA,"HUMBERTO DE ALCANTARA ARAUJO SOBRINHO EIRELI","21.992.678/0001-78","Nao","Sim","Nao",2022-11-10,2024-02-14,2008,"Executivo",16,16
3929130,21992678000178,"KHM8716",5600542,2021-09-26 00:25:58,2021-09-26 01:16:31,1,-6.738926,-35.130597,0,"864893037342428","Nao",NA,"HUMBERTO DE ALCANTARA ARAUJO SOBRINHO EIRELI","21.992.678/0001-78","Nao","Sim","Nao",2022-11-10,2024-02-14,2008,"Executivo",16,16
3929131,21992678000178,"KHM8716",5601430,2021-09-27 13:47:42,2021-09-27 14:40:54,1,-7.732987,-34.94165,0,"864893037342428","Nao",NA,"HUMBERTO DE ALCANTARA ARAUJO SOBRINHO EIRELI","21.992.678/0001-78","Nao","Sim","Nao",2022-11-10,2024-02-14,2008,"Executivo",16,16
3929253,79111779000172,"BCI3052",5601548,2021-09-28 17:29:36,2021-09-29 05:36:30,0,-23.5310282,-46.6186399,1.4,"358795105046364","Nao",NA,"EXPRESSO MARINGA LTDA","79.111.779/0001-72","Sim","Sim","Nao",2022-09-01,2021-10-30,2018,"Executivo",46,46
3929254,79111779000172,"BCI3052",5601548,2021-09-27 17:58:33,2021-09-28 06:16:11,1,-23.0840705,-52.4624935,1.2,"358795105046364","Nao",NA,"EXPRESSO MARINGA LTDA","79.111.779/0001-72","Sim","Sim","Nao",2022-09-01,2021-10-30,2018,"Executivo",46,46
3929266,80414691000109,"MHM0320",5600390,2021-09-26 01:07:03,2021-09-26 13:23:08,1,-27.072566986084,-52.6326179504395,0,"358490100251801","Nao",NA,"TRANSPORTE TURISMO TIQUIN EIRELI","80.414.691/0001-09","Sim","Sim","Nao",2022-03-03,2021-10-06,2004,"Executivo",42,42
3929282,90997420000187,"OCE4B39",5591273,2021-09-20 04:16:19,2021-09-24 22:28:26,1,-29.7930450439453,-51.8671188354492,0,"352217082293360","Nao",NA,"TRANSPORTES BARAO LTDA - ME","90.997.420/0001-87","Nao","Sim","Nao",2021-10-22,2023-07-06,2011,"Executivo",46,46
3843788,153472000184,"JAN5890",5577073,2021-09-03 12:57:50,2021-09-04 12:18:40,1,-29.9533271789551,-51.0485954284668,0,"355269105573259","Nao",NA,"GIAN CARLO TUR EXCURSOES E TURISMO LTDA","00.153.472/0001-84","Nao","Sim","Nao",2022-08-10,2021-10-03,2014,"Executivo",51,51
3843789,153472000184,"JAN5930",5579559,2021-09-03 20:12:12,2021-09-04 12:31:21,1,-29.9195899963379,-51.0712928771973,0,"353456091831716","Nao",NA,"GIAN CARLO TUR EXCURSOES E TURISMO LTDA","00.153.472/0001-84","Nao","Sim","Nao",2023-07-07,2023-07-03,2018,"Executivo",55,55
3843794,1211210000191,"LUC2G06",5578983,2021-09-03 11:15:21,2021-09-04 03:04:17,1,-22.4221363067627,-41.8685607910156,0,"356361085465595","Nao",NA,"ESX DE RIO DAS OSTRAS TRANSPORTE E TURISMO LTDA.","01.211.210/0001-91","Nao","Sim","Nao",2021-12-04,2023-10-31,2018,"Executivo",47,47
3843803,2326285000180,"IXX8A04",5577477,2021-09-03 20:26:55,2021-09-04 21:39:58,1,-23.4498863220215,-52.0326995849609,0,"356003108023882","Nao",NA,"BRULAN TRANSPORTES E TURISMO LTDA","02.326.285/0001-80","Nao","Sim","Nao",2021-10-06,2023-08-12,2013,"Executivo",56,56
3843812,3630486000130,"PVT4164",5578218,2021-09-02 21:51:42,2021-09-03 06:01:50,1,-21.10921137,-44.17421211,1.3,"1cd315c874a1ee10","Nao",NA,"TRANSPORTE OLIVEIRA CARVALHO DEL REI LTDA","03.630.486/0001-30","Nao","Sim","Nao",2021-12-09,2021-10-28,2014,"Executivo",20,20
3843827,3841149000191,"IVI3789",5578101,2021-09-03 22:49:11,2021-09-08 10:55:41,1,-29.7988967895508,-51.8646469116211,0,"352195106798251","Nao",NA,"MARCELO SILVA TRANSPORTES E TURISMO LTDA","03.841.149/0001-91","Nao","Sim","Nao",2021-09-11,2023-07-01,2012,"Executivo",24,24
3843835,4791426000161,"GXA0827",5577623,2021-09-04 15:17:10,2021-09-04 20:30:57,0,-22.967304,-43.218066,0,"358017070964129","Nao",NA,"COOPTAE-COOPERATIVA DOS MOTORISTAS DE TRANSPORTE ALTERNATIVO E ESCOLAR DE MURIAE LTDA","04.791.426/0001-61","Nao","Sim","Nao",2021-10-06,2024-04-01,2009,"Executivo",16,16
3843836,4791426000161,"GXA0827",5577623,2021-09-03 13:22:58,2021-09-03 19:13:37,1,-21.130345,-42.365156,0,"358017070964129","Nao",NA,"COOPTAE-COOPERATIVA DOS MOTORISTAS DE TRANSPORTE ALTERNATIVO E ESCOLAR DE MURIAE LTDA","04.791.426/0001-61","Nao","Sim","Nao",2021-10-06,2024-04-01,2009,"Executivo",16,16
3843837,4791426000161,"GYI3711",5580404,2021-09-03 20:32:54,2021-09-04 03:29:27,1,-21.127802,-42.370841,0,"a48415916187173d","Nao",NA,"COOPTAE-COOPERATIVA DOS MOTORISTAS DE TRANSPORTE ALTERNATIVO E ESCOLAR DE MURIAE LTDA","04.791.426/0001-61","Nao","Sim","Nao",2021-12-01,2023-08-27,2011,"Executivo",16,16
3843839,5114222000159,"QGW1D38",5577494,2021-09-03 21:04:24,2021-09-07 09:45:14,1,-6.2298755645752,-36.0195503234863,0,"354659107595725","Nao",NA,"EUNICE TURISMO EIRELI","05.114.222/0001-59","Nao","Sim","Nao",2021-11-04,2023-08-17,2019,"Executivo",32,32
3843872,11719181000127,"IYA3591",5577824,2021-09-04 07:23:14,2021-09-04 15:37:00,1,-30.16319433,-51.15054082,1.3,"f6816c53908dc72b","Nao",NA,"ZANITUR TRANSPORTE E TURISMO LTDA- ME","11.719.181/0001-27","Nao","Sim","Nao",2022-07-07,2023-05-30,2017,"Executivo",28,28
3843918,21919463000121,"IYZ9959",5580479,2021-09-03 21:25:11,2021-09-07 23:14:41,1,-23.308929,-46.00384,0,"357653074757605","Nao",NA,NA,NA,NA,NA,NA,NA,NA,NA,NA,NA,NA
3843941,31379208000197,"AIE0E77",5577290,2021-09-01 23:35:34,2021-09-03 20:53:35,1,-24.9256763458252,-53.4538688659668,0,"359506099625439","Nao",NA,"LAGTUR LOCACAO DE VEICULOS E TURISMO - EIRELI","31.379.208/0001-97","Nao","Sim","Nao",2023-08-15,2023-11-19,2018,"Executivo",15,15
3843942,31379208000197,"AIE0E77",5579716,2021-09-03 20:55:03,2021-09-08 14:30:32,1,-24.9919815063477,-53.3144149780273,0,"359506099625439","Nao",NA,"LAGTUR LOCACAO DE VEICULOS E TURISMO - EIRELI","31.379.208/0001-97","Nao","Sim","Nao",2023-08-15,2023-11-19,2018,"Executivo",15,15
3843968,37560162000194,"ECT8H48",5580379,2021-09-04 00:22:21,2021-09-04 09:13:36,1,-25.4267463684082,-49.2598838806152,0,"357459103058894","Nao",NA,"TRILHA NA PEGADA ECOTURISMO VIAGENS E EVENTOS EIRELI","37.560.162/0001-94","Nao","Sim","Nao",2021-09-15,2023-07-30,2012,"Executivo",20,20
3843973,44590404000158,"GEX1959",5577158,2021-09-02 23:49:48,2021-09-03 11:57:03,1,-23.5780468,-48.0262794,2.1,"358222057429118","Nao",NA,"SUSSANTUR TRANSPORTE E TURISMO E FRETAMENTO LTDA","44.590.404/0001-58","Nao","Sim","Nao",2024-02-17,2023-05-10,2013,"Executivo",55,55
3844002,54049754000165,"EOF7836",5577846,2021-09-03 19:55:54,2021-09-04 08:31:18,1,-23.2798824310303,-47.2737197875977,0,"354604087394020","Nao",NA,"VIACAO VALE DO TIETE LTDA","54.049.754/0001-65","Nao","Sim","Nao",2023-06-02,2023-06-04,2013,"Executivo",50,50
3844072,90997420000187,"NBT1899",5579953,2021-09-04 03:36:32,2021-09-07 20:57:00,1,-29.3206443786621,-51.4985961914063,0,"352217082293360","Nao",NA,"TRANSPORTES BARAO LTDA - ME","90.997.420/0001-87","Nao","Sim","Nao",2021-11-19,2023-09-01,2004,"Executivo",56,56
3844045,76664986000166,"BEZ2C65",5579793,2021-09-04 06:07:41,2021-09-04 11:54:10,1,-25.435868,-49.26058,0,"354330087273499","Nao",NA,"TRANS ISAAK TURISMO LTDA","76.664.986/0001-66","Nao","Sim","Nao",2021-10-02,2023-06-25,2019,"Executivo",19,19
3844058,79659892000197,"MKS7734",5576539,2021-09-02 06:28:30,2021-09-03 12:23:29,1,-18.909798,-49.037988,4.35,"356435114462409","Nao",NA,"EXTREMOESTE AGENCIA DE VIAGENS E TURISMO LTDA","79.659.892/0001-97","Nao","Sim","Nao",2023-07-20,2023-08-09,2013,"Executivo",37,37
3844059,80227796000159,"AWV5198",5575770,2021-09-03 17:23:29,2021-09-04 09:40:32,0,-26.97139003,-48.91446199,99.99,"355673087613571","Nao",NA,"EXPRESSO PRINCESA DOS CAMPOS SA","80.227.796/0001-59","Sim","Sim","Nao",2021-11-11,2022-09-07,2013,"Executivo",28,28
3844062,80227796000159,"AYC1697",5577746,2021-09-03 22:22:57,2021-09-04 20:43:52,1,-25.48242595,-49.20221184,99.99,"354137072077052","Nao",NA,"EXPRESSO PRINCESA DOS CAMPOS SA","80.227.796/0001-59","Sim","Sim","Nao",2021-12-11,2022-09-07,2014,"Executivo",44,44
3844066,85172070000180,"QJF7899",5576401,2021-09-01 21:53:17,2021-09-01 23:06:22,1,-27.3594913482666,-53.4074554443359,0,"353881079220014","Nao",NA,"REISEBUS AUF TURISMO LTDA - ME","85.172.070/0001-80","Nao","Sim","Nao",2022-02-19,2023-05-13,2018,"Executivo",19,19
3844067,85172070000180,"QJF7899",5577046,2021-09-01 17:41:39,2021-09-01 18:56:43,1,-26.8930530548096,-53.1708335876465,0,"353881079220014","Nao",NA,"REISEBUS AUF TURISMO LTDA - ME","85.172.070/0001-80","Nao","Sim","Nao",2022-02-19,2023-05-13,2018,"Executivo",19,19
3844069,85172070000180,"QJF7899",5577923,2021-09-02 17:40:31,2021-09-02 18:47:02,1,-26.8903751373291,-53.176097869873,0,"353881079220014","Nao",NA,"REISEBUS AUF TURISMO LTDA - ME","85.172.070/0001-80","Nao","Sim","Nao",2022-02-19,2023-05-13,2018,"Executivo",19,19
3844070,85172070000180,"QJF7899",5579911,2021-09-03 17:42:22,2021-09-03 21:04:50,1,-26.8906097412109,-53.1757659912109,0,"353881079220014","Nao",NA,"REISEBUS AUF TURISMO LTDA - ME","85.172.070/0001-80","Nao","Sim","Nao",2022-02-19,2023-05-13,2018,"Executivo",19,19
3908506,47202007000150,"EKU3003",5597116,2021-09-23 18:11:39,2021-09-24 09:34:46,1,-23.5173359,-46.6277466,2.1,"358222057381152","Nao",NA,"TRANSPORTADORA TURISTICA NATAL LTDA","47.202.007/0001-50","Nao","Sim","Nao",2022-01-27,2023-06-08,2018,"Executivo",63,63
3908507,47202007000150,"EKU3003",5598345,2021-09-24 18:15:16,2021-09-25 09:33:57,1,-23.5173359,-46.6275673,2.1,"358222057381152","Nao",NA,"TRANSPORTADORA TURISTICA NATAL LTDA","47.202.007/0001-50","Nao","Sim","Nao",2022-01-27,2023-06-08,2018,"Executivo",63,63
3908508,47202007000150,"GGU9193",5593885,2021-09-20 00:41:26,2021-09-21 08:40:43,1,-23.5172615,-46.627636,2.1,"358222058549914","Nao",NA,"TRANSPORTADORA TURISTICA NATAL LTDA","47.202.007/0001-50","Nao","Sim","Nao",2021-10-20,2023-06-08,2019,"Executivo",47,47
3908509,47202007000150,"GGU9193",5597693,2021-09-24 00:33:30,2021-09-25 09:25:49,1,-23.5173035,-46.6261787,2.1,"358222058549914","Nao",NA,"TRANSPORTADORA TURISTICA NATAL LTDA","47.202.007/0001-50","Nao","Sim","Nao",2021-10-20,2023-06-08,2019,"Executivo",47,47
3908516,53579983000129,"FJX7418",5592040,2021-09-19 00:51:11,2021-09-19 05:35:06,1,-23.5119075775146,-47.4887771606445,0,"354405106189361","Nao",NA,"P.R.M.- TURISMO LTDA","53.579.983/0001-29","Nao","Sim","Nao",2022-07-06,2023-09-16,2013,"Executivo",46,46
3908527,64758998000170,"FCV8B47",5599178,2021-09-25 01:17:23,2021-09-27 07:28:12,1,-23.5223179,-46.6644592,2.1,"358222057362962","Nao",NA,"LOPES TRANSPORTADORA TURISTICA LTDA","64.758.998/0001-70","Nao","Sim","Nao",2024-02-23,2023-07-02,2019,"Executivo",71,71
3908528,64758998000170,"FDS7480",5590991,2021-09-19 01:53:48,2021-09-20 06:31:51,1,-23.413208,-46.3597641,2.1,"358222057182998","Nao",NA,"LOPES TRANSPORTADORA TURISTICA LTDA","64.758.998/0001-70","Nao","Sim","Nao",2022-08-24,2023-07-02,2015,"Executivo",50,50
3908529,64758998000170,"FSM1791",5598092,2021-09-24 21:12:07,2021-09-27 14:16:06,1,-23.506506,-46.8383446,2.1,"358222057426957","Nao",NA,"LOPES TRANSPORTADORA TURISTICA LTDA","64.758.998/0001-70","Nao","Sim","Nao",2021-11-06,2023-07-02,2014,"Executivo",50,50
3908530,64758998000170,"JHX0523",5600026,2021-09-25 03:38:48,2021-09-27 08:00:23,1,-23.5174942,-46.6263313,2.1,"358222057426783","Nao",NA,"LOPES TRANSPORTADORA TURISTICA LTDA","64.758.998/0001-70","Nao","Sim","Nao",2023-08-16,2023-07-02,2009,"Executivo",46,46
3908531,64758998000170,"JHX0683",5599902,2021-09-25 02:36:14,2021-09-27 07:28:16,1,-23.5174656,-46.6262589,2.1,"358222057116335","Nao",NA,"LOPES TRANSPORTADORA TURISTICA LTDA","64.758.998/0001-70","Nao","Sim","Nao",2022-08-24,2023-01-12,2009,"Executivo",42,42
3888446,78586674000107,"BAD8975",5591696,2021-09-17 20:14:50,2021-09-19 13:39:39,1,-23.523943,-46.678579,0,"353909111251232","Nao",NA,"VIACAO GARCIA LTDA","78.586.674/0001-07","Sim","Sim","Nao",2021-11-12,2022-02-27,2015,"Executivo",50,50
3888447,78586674000107,"BAY5242",5592713,2021-09-18 16:08:50,2021-09-19 13:13:42,1,-23.433503,-51.89191,0,"353909111251471","Nao",NA,"VIACAO GARCIA LTDA","78.586.674/0001-07","Sim","Sim","Nao",2021-11-03,2022-02-27,2015,"Executivo",52,52
3888448,78586674000107,"BBN6956",5592884,2021-09-18 20:38:33,2021-09-19 04:43:37,1,-22.888252,-47.142618,0,"356496088340096","Nao",NA,"VIACAO GARCIA LTDA","78.586.674/0001-07","Sim","Sim","Nao",2022-08-12,2022-02-27,2017,"Executivo",46,46
3888449,78586674000107,"BBR5654",5588810,2021-09-14 13:44:56,2021-09-19 14:48:02,1,-22.887922,-47.148549,0,"356496085525053","Nao",NA,"VIACAO GARCIA LTDA","78.586.674/0001-07","Sim","Sim","Nao",2022-09-23,2022-02-27,2017,"Executivo",56,56
3888469,91501866000131,"JBX4545",5592448,2021-09-17 20:34:38,2021-09-20 21:02:34,1,-29.6348934173584,-51.0105895996094,0,"351345012532721","Nao",NA,"AGENCIA DE VIAGENS E TURISMO KLEINTUR LTDA","91.501.866/0001-31","Nao","Sim","Nao",2022-07-26,2023-07-19,2016,"Executivo",53,53
3888470,91501866000131,"JBY4545",5591997,2021-09-17 17:47:26,2021-09-21 05:16:01,1,-29.6343021392822,-51.0105819702148,0,"351345015327772","Nao",NA,"AGENCIA DE VIAGENS E TURISMO KLEINTUR LTDA","91.501.866/0001-31","Nao","Sim","Nao",2022-03-01,2023-09-01,2017,"Executivo",51,51
3908532,64758998000170,"JHX0733",5599950,2021-09-25 02:52:49,2021-09-27 08:35:56,1,-23.5177708,-46.6264229,2.1,"358222057427245","Nao",NA,"LOPES TRANSPORTADORA TURISTICA LTDA","64.758.998/0001-70","Nao","Sim","Nao",2023-08-18,2023-07-02,2009,"Executivo",42,42
3908533,64758998000170,"LQA4844",5599980,2021-09-25 03:16:22,2021-09-27 10:28:06,1,-23.5178909,-46.6264725,2.1,"358229070654788","Nao",NA,"LOPES TRANSPORTADORA TURISTICA LTDA","64.758.998/0001-70","Nao","Sim","Nao",2022-08-19,2023-07-02,2011,"Executivo",46,46
3908551,78586674000107,"BAD8975",5591696,2021-09-19 15:09:52,2021-09-19 15:10:29,0,-22.964829,-42.034693,0,"353909111251232","Nao",NA,"VIACAO GARCIA LTDA","78.586.674/0001-07","Sim","Sim","Nao",2021-11-12,2022-02-27,2015,"Executivo",50,50
3908552,78586674000107,"BAD8975",5597698,2021-09-24 17:42:10,2021-09-27 05:32:44,1,-23.523956,-46.678536,0,"353909111255290","Nao",NA,"VIACAO GARCIA LTDA","78.586.674/0001-07","Sim","Sim","Nao",2021-11-12,2022-02-27,2015,"Executivo",50,50
3908553,78586674000107,"BBN4337",5597572,2021-09-24 13:27:19,2021-09-25 06:44:44,1,-23.51835,-46.649123,0,"353456097043795","Nao",NA,"VIACAO GARCIA LTDA","78.586.674/0001-07","Sim","Sim","Nao",2022-01-05,2022-02-27,2017,"Executivo",46,46
3908554,78586674000107,"BBN6959",5600674,2021-09-25 20:17:49,2021-09-28 08:31:48,1,-23.523882,-46.678452,0,"352550117996577","Nao",NA,"VIACAO GARCIA LTDA","78.586.674/0001-07","Sim","Sim","Nao",2021-11-18,2022-02-27,2017,"Executivo",46,46
3908555,78586674000107,"BCH1352",5595626,2021-09-21 16:48:26,2021-09-22 09:35:15,1,-22.979925,-49.902662,0,"356496088374152","Nao",NA,"VIACAO GARCIA LTDA","78.586.674/0001-07","Sim","Sim","Nao",2021-11-04,2022-02-27,2018,"Executivo",44,44
3908556,78586674000107,"BCR9E07",5599774,2021-09-24 20:05:42,2021-09-25 08:33:04,1,-23.523788,-46.679535,0,"353909111252818","Nao",NA,"VIACAO GARCIA LTDA","78.586.674/0001-07","Sim","Sim","Nao",2021-11-19,2022-02-27,2018,"Executivo",66,66
3908576,91501866000131,"JBX4545",5592616,2021-09-21 05:03:57,2021-09-24 23:00:17,1,-29.6343173980713,-51.0106811523438,0,"351345012532721","Nao",NA,"AGENCIA DE VIAGENS E TURISMO KLEINTUR LTDA","91.501.866/0001-31","Nao","Sim","Nao",2022-07-26,2023-07-19,2016,"Executivo",53,53
3908577,91501866000131,"JBY4545",5597418,2021-09-24 06:42:55,2021-09-26 23:54:02,1,-29.689884185791,-51.1428527832031,0,"351345015327772","Nao",NA,"AGENCIA DE VIAGENS E TURISMO KLEINTUR LTDA","91.501.866/0001-31","Nao","Sim","Nao",2022-03-01,2023-09-01,2017,"Executivo",51,51
3908578,91501866000131,"JBZ4F45",5586578,2021-09-13 14:19:03,2021-09-19 22:06:13,1,-29.6418266296387,-51.0181579589844,0,"351345015365194","Nao",NA,"AGENCIA DE VIAGENS E TURISMO KLEINTUR LTDA","91.501.866/0001-31","Nao","Sim","Nao",2021-10-15,2023-10-15,2019,"Executivo",51,51
3929010,2109322000107,"IXW1388",5601694,2021-09-28 02:42:55,2021-10-01 13:36:58,1,-31.3384517,-54.10688,3.9,"356626072456454","Nao",NA,"KOPERECK VIAGENS E TURISMO LTDA","02.109.322/0001-07","Nao","Sim","Nao",2024-01-04,2023-08-27,2016,"Executivo",39,39
3929018,3264460000115,"PRJ9002",5602129,2021-09-29 19:49:35,2021-10-01 08:07:35,1,0,0,6,"356160086131747","Nao",NA,"BRASIL TURISMO E FRETAMENTO LTDA","03.264.460/0001-15","Nao","Sim","Nao",2023-03-19,2024-01-23,2018,"Executivo",63,63
3929019,3264460000115,"PRT8962",5595917,2021-09-29 08:07:00,2021-09-30 02:29:17,0,0,0,6,"356160086498120","Nao",NA,"BRASIL TURISMO E FRETAMENTO LTDA","03.264.460/0001-15","Nao","Sim","Nao",2023-03-18,2024-01-23,2018,"Executivo",61,61
3929064,6215092000103,"PDC6242",5598934,2021-09-26 11:13:23,2021-09-26 20:19:08,1,-5.69375848770142,-35.2073173522949,0,"866044405582242","Nao",NA,"H L DOS SANTOS TRANSPORTES E LOCACOES-ME","06.215.092/0001-03","Nao","Sim","Nao",2022-02-04,2022-10-25,2012,"Executivo",50,50
3929068,7664886000117,"GSZ1990",5594956,2021-09-20 19:31:36,2021-09-21 14:40:36,1,-20.2849521636963,-45.5462226867676,0,"355751111318696","Nao",NA,"ALTAMIRO JOSE DA SILVA EIRELI","07.664.886/0001-17","Nao","Sim","Nao",2023-05-09,2023-11-24,2010,"Executivo",20,20
3929079,9597616000166,"EWU6353",5602586,2021-09-30 20:28:17,2021-10-01 08:22:06,0,-16.6617125,-49.2541793,1.8,"352869086731199","Nao",NA,"HENRIQUE & OLIVEIRA TRANSPORTE LTDA","09.597.616/0001-66","Nao","Sim","Nao",2021-11-23,2023-06-28,2013,"Executivo",44,44
3929080,9597616000166,"EWU6353",5602586,2021-09-29 11:58:20,2021-09-30 01:16:29,1,-22.1474731,-51.4498414,1,"352869086731199","Nao",NA,"HENRIQUE & OLIVEIRA TRANSPORTE LTDA","09.597.616/0001-66","Nao","Sim","Nao",2021-11-23,2023-06-28,2013,"Executivo",44,44
3929146,26496748000110,"LUD9G21",5601358,2021-09-27 07:34:40,2021-09-28 16:51:05,1,-22.9581775665283,-43.4047660827637,0,"354167107995333","Nao",NA,"MC RIO TRANSPORTES LTDA","26.496.748/0001-10","Nao","Sim","Nao",2023-05-09,2023-07-07,2019,"Executivo",16,16
3929147,26496748000110,"LUD9G21",5602553,2021-09-29 09:19:48,2021-10-01 05:11:33,1,-22.9575099945068,-43.4044342041016,0,"354167107995333","Nao",NA,"MC RIO TRANSPORTES LTDA","26.496.748/0001-10","Nao","Sim","Nao",2023-05-09,2023-07-07,2019,"Executivo",16,16
3929153,27488725000127,"OYE8083",5598745,2021-09-26 14:52:20,2021-09-26 23:18:51,0,0,0,0,"352525086207255","Nao",NA,"VIACAO PRETTI LTDA","27.488.725/0001-27","Sim","Sim","Nao",2022-08-23,2021-10-04,2014,"Executivo",44,44
3929154,29513254000195,"IOM9A93",5601093,2021-09-26 20:43:46,2021-09-26 20:43:53,1,-24.6232109,-49.9657784,4.35,"865473038946755","Nao",NA,"M & F TRANSPORTES E EXCURSOES EIRELI","29.513.254/0001-95","Nao","Sim","Nao",2022-03-19,2022-03-14,2007,"Executivo",28,28
3929159,31133181000158,"RKL1A06",5601359,2021-09-27 14:36:39,2021-09-28 03:54:22,1,-21.767544,-41.349079,1,"354868061535573","Nao",NA,"LENE TUR TRANSPORTE E TURISMO EIRELI","31.133.181/0001-58","Nao","Sim","Nao",2023-04-11,2023-06-25,2020,"Executivo",32,32
3929162,32285454000142,"FXL9258",5600713,2021-09-26 16:02:48,2021-09-27 20:41:09,1,-22.5078010559082,-43.1765251159668,0,"352997102167773","Nao",NA,"VIACAO SALUTARIS E TURISMO SA","32.285.454/0001-42","Sim","Sim","Nao",2022-05-17,2022-08-07,2018,"Executivo",43,43
3929163,32285454000142,"FXL9258",5602378,2021-09-28 18:40:31,2021-09-29 23:27:56,1,-22.1338729858398,-43.247917175293,0,"352997103483542","Nao",NA,"VIACAO SALUTARIS E TURISMO SA","32.285.454/0001-42","Sim","Sim","Nao",2022-05-17,2022-08-07,2018,"Executivo",43,43
3929166,32285454000142,"PLZ8A83",5600157,2021-09-26 02:45:56,2021-09-26 21:38:43,1,-20.4255180358887,-42.8949165344238,0,"352997102045870","Nao",NA,"VIACAO SALUTARIS E TURISMO SA","32.285.454/0001-42","Sim","Sim","Nao",2021-10-26,2022-08-07,2019,"Executivo",47,47
3929167,32285454000142,"PLZ9B35",5602505,2021-09-29 10:09:19,2021-09-29 18:25:27,1,-23.5114688873291,-46.6019744873047,0,"352997102333615","Nao",NA,"VIACAO SALUTARIS E TURISMO SA","32.285.454/0001-42","Sim","Sim","Nao",2021-11-18,2022-08-07,2019,"Executivo",47,47
3929188,39642566000152,"JQZ1C12",5600269,2021-09-28 16:08:25,2021-09-29 06:29:28,1,-23.5356540679932,-46.6228713989258,0,"356361080763630","Nao",NA,"AGENCIA DE VIAGENS REALTUR LTDA.","39.642.566/0001-52","Nao","Sim","Nao",2022-01-08,2023-10-13,2004,"Executivo",27,27
3929189,39642566000152,"JQZ1C12",5603024,2021-09-29 13:58:39,2021-09-30 02:58:19,1,-20.84375,-41.1266975402832,0,"356361080763630","Nao",NA,"AGENCIA DE VIAGENS REALTUR LTDA.","39.642.566/0001-52","Nao","Sim","Nao",2022-01-08,2023-10-13,2004,"Executivo",27,27
3929190,39642566000152,"PPD8842",5596215,2021-09-26 19:33:04,2021-09-27 13:48:09,1,-16.6618995666504,-49.4854316711426,0,"356361080752047","Nao",NA,"AGENCIA DE VIAGENS REALTUR LTDA.","39.642.566/0001-52","Nao","Sim","Nao",2022-07-29,2023-10-13,2015,"Executivo",56,56
3929191,39642566000152,"QRG5J35",5601643,2021-09-27 13:58:50,2021-09-28 02:36:55,1,-20.8446502685547,-41.1285743713379,0,"357459107497841","Nao",NA,"AGENCIA DE VIAGENS REALTUR LTDA.","39.642.566/0001-52","Nao","Sim","Nao",2021-12-03,2023-10-13,2019,"Executivo",55,55
3929193,47202007000150,"BJU2600",5600204,2021-09-26 00:50:27,2021-09-26 20:37:46,1,-23.6173859,-46.6972618,2.1,"358222057504159","Nao",NA,"TRANSPORTADORA TURISTICA NATAL LTDA","47.202.007/0001-50","Nao","Sim","Nao",2023-07-26,2023-06-08,2018,"Executivo",48,48
3929194,47202007000150,"CRK8189",5599014,2021-09-26 03:57:28,2021-09-27 00:37:50,1,-23.5174179,-46.6275597,2.1,"358229071451457","Nao",NA,"TRANSPORTADORA TURISTICA NATAL LTDA","47.202.007/0001-50","Nao","Sim","Nao",2023-12-01,2023-06-08,2019,"Convencional",58,58
3843993,50958412000107,"DMK2H89",5579444,2021-09-03 22:00:49,2021-09-06 16:22:49,1,-19.959122,-44.073205,0,"1903be695eb576a6","Nao",NA,"JUNDIA TRANSPORTADORA TURISTICA LTDA","50.958.412/0001-07","Sim","Sim","Nao",2022-01-14,2021-10-03,2019,"Executivo",45,45
3843994,50958412000107,"DMR5E19",5579462,2021-09-03 20:37:03,2021-09-06 20:39:25,1,-19.959615,-44.074428,0,"fdd4360761eff463","Nao",NA,"JUNDIA TRANSPORTADORA TURISTICA LTDA","50.958.412/0001-07","Sim","Sim","Nao",2022-01-15,2021-10-03,2019,"Executivo",45,45
3843995,50958412000107,"EQU0C05",5579473,2021-09-03 22:31:57,2021-09-04 10:52:08,1,-19.926242,-43.934025,0,"fe55f62ab50133c7","Nao",NA,"JUNDIA TRANSPORTADORA TURISTICA LTDA","50.958.412/0001-07","Sim","Nao","Nao",2022-01-15,2021-10-03,2011,"Executivo",46,46
3843996,50958412000107,"EQU0C07",5579434,2021-09-03 20:35:19,2021-09-04 10:54:48,1,-19.959612,-44.074408,0,"b76cc9dd624898a5","Nao",NA,"JUNDIA TRANSPORTADORA TURISTICA LTDA","50.958.412/0001-07","Sim","Nao","Nao",2022-01-13,2021-10-03,2011,"Executivo",46,46
3843997,50958412000107,"EQU0C09",5577608,2021-09-03 14:21:44,2021-09-08 07:17:37,1,-19.9533,-44.105865,0,"4e0534eae7e41157","Nao",NA,NA,NA,NA,NA,NA,NA,NA,NA,NA,NA,NA
3843998,50958412000107,"FVD6J08",5579477,2021-09-03 23:04:16,2021-09-06 16:22:54,1,-19.923933,-43.951285,0,"01fbf51a1fa899b7","Nao",NA,"JUNDIA TRANSPORTADORA TURISTICA LTDA","50.958.412/0001-07","Sim","Sim","Nao",2022-01-14,2021-10-03,2019,"Executivo",45,45
3843999,50958412000107,"FYW1E51",5579450,2021-09-03 21:29:53,2021-09-04 07:40:36,1,-19.958597,-44.07419,0,"27c90b1c92fb0bf6","Nao",NA,"JUNDIA TRANSPORTADORA TURISTICA LTDA","50.958.412/0001-07","Sim","Sim","Nao",2022-01-18,2021-10-03,2019,"Executivo",45,45
3844004,54360623000102,"EZY5997",5577409,2021-09-03 18:47:38,2021-09-04 11:41:57,1,-23.2054405212402,-45.8533821105957,0,"355514118348557","Nao",NA,"VIACAO PIRACICABANA LTDA","54.360.623/0001-02","Nao","Sim","Nao",2023-05-26,2023-06-30,2019,"Executivo",47,47
3844006,55334262000184,"EJZ7807",5578975,2021-09-03 12:15:37,2021-09-04 10:51:39,1,-23.5150165557861,-46.6508560180664,0,"353327104833272","Nao",NA,"EMPRESA DE TRANSPORTES ANDORINHA SA","55.334.262/0001-84","Sim","Sim","Nao",2022-08-23,2021-10-05,2010,"Executivo",44,44
3844007,55334262000184,"EWU6365",5576801,2021-09-03 19:18:54,2021-09-04 14:35:17,1,-22.3372135162354,-48.7948989868164,0,"353327104826805","Nao",NA,"EMPRESA DE TRANSPORTES ANDORINHA SA","55.334.262/0001-84","Sim","Sim","Nao",2022-08-12,2021-10-05,2013,"Executivo",26,26
3844008,55334262000184,"FCY1640",5581134,2021-09-04 12:10:26,2021-09-05 10:23:34,1,-23.5145969390869,-46.6503257751465,0,"354604080535710","Nao",NA,"EMPRESA DE TRANSPORTES ANDORINHA SA","55.334.262/0001-84","Sim","Sim","Nao",2022-09-02,2021-10-05,2014,"Executivo",42,42
3844010,55334262000184,"FTS1185",5576863,2021-09-01 13:44:19,2021-09-05 08:45:05,1,-23.5149421691895,-46.6507415771484,0,"353327104858261","Nao",NA,"EMPRESA DE TRANSPORTES ANDORINHA SA","55.334.262/0001-84","Sim","Sim","Nao",2022-03-10,2021-10-05,2014,"Executivo",42,42
3844011,55334262000184,"FYE5397",5576761,2021-09-01 10:06:44,2021-09-02 12:46:42,1,-19.009895324707,-57.6452140808105,0,"353327104850870","Nao",NA,"EMPRESA DE TRANSPORTES ANDORINHA SA","55.334.262/0001-84","Sim","Sim","Nao",2021-10-15,2021-10-05,2014,"Executivo",44,44
3844012,55334262000184,"GAA5912",5577478,2021-09-02 10:05:15,2021-09-03 09:26:49,1,-19.0099220275879,-57.6453971862793,0,"353327104848379","Nao",NA,"EMPRESA DE TRANSPORTES ANDORINHA SA","55.334.262/0001-84","Sim","Sim","Nao",2022-08-11,2021-10-05,2017,"Executivo",43,43
3844016,55334262000184,"GHD8842",5581056,2021-09-04 11:06:26,2021-09-05 08:26:29,1,-19.0099544525146,-57.6453514099121,0,"354604080547079","Nao",NA,"EMPRESA DE TRANSPORTES ANDORINHA SA","55.334.262/0001-84","Sim","Sim","Nao",2021-12-10,2021-10-05,2015,"Executivo",42,42
3844017,55334262000184,"GIO8577",5577646,2021-09-02 12:44:05,2021-09-04 10:30:48,1,-23.5145645141602,-46.6503562927246,0,"354604080547079","Nao",NA,"EMPRESA DE TRANSPORTES ANDORINHA SA","55.334.262/0001-84","Sim","Sim","Nao",2022-08-26,2021-10-05,2015,"Executivo",42,42
3844023,65827131000192,"EUZ2710",5577429,2021-09-03 23:29:53,2021-09-04 12:53:57,1,-23.5257225036621,-46.5766448974609,0,"354119079828174","Nao",NA,"TRANSGUERRA TRANSPORTADORA TURISTICA LTDA","65.827.131/0001-92","Nao","Sim","Nao",2022-05-06,2023-06-20,2019,"Executivo",47,47
3844034,76299270000107,"AZV6929",5577213,2021-09-03 17:13:19,2021-09-04 03:40:40,1,-25.4302082061768,-49.280345916748,0,"352997103747615","Nao",NA,"NORDESTE TRANSPORTES LTDA","76.299.270/0001-07","Sim","Sim","Nao",2021-10-05,2022-07-14,2015,"Executivo",42,42
3929195,47202007000150,"CRK8189",5600326,2021-09-27 03:48:05,2021-09-28 00:29:59,1,-23.5231476,-46.6126556,2.1,"358229071451457","Nao",NA,"TRANSPORTADORA TURISTICA NATAL LTDA","47.202.007/0001-50","Nao","Sim","Nao",2023-12-01,2023-06-08,2019,"Convencional",58,58
3929196,47202007000150,"CRK8189",5601781,2021-09-28 03:44:11,2021-09-29 00:40:37,1,-23.5173702,-46.627552,2.1,"358229071451457","Nao",NA,"TRANSPORTADORA TURISTICA NATAL LTDA","47.202.007/0001-50","Nao","Sim","Nao",2023-12-01,2023-06-08,2019,"Convencional",58,58
3929197,47202007000150,"CRK8189",5602371,2021-09-29 03:36:11,2021-09-30 00:38:44,1,-23.5178528,-46.6261559,2.1,"358229071451457","Nao",NA,"TRANSPORTADORA TURISTICA NATAL LTDA","47.202.007/0001-50","Nao","Sim","Nao",2023-12-01,2023-06-08,2019,"Convencional",58,58
3929198,47202007000150,"CRK8189",5603143,2021-09-30 03:38:49,2021-10-01 01:12:11,1,-23.5173492,-46.6275253,2.1,"358229071451457","Nao",NA,"TRANSPORTADORA TURISTICA NATAL LTDA","47.202.007/0001-50","Nao","Sim","Nao",2023-12-01,2023-06-08,2019,"Convencional",58,58
3929201,47202007000150,"DAH6D59",5600272,2021-09-27 00:43:59,2021-09-27 19:58:39,1,-23.6174431,-46.6973228,2.1,"358222057501239","Nao",NA,"TRANSPORTADORA TURISTICA NATAL LTDA","47.202.007/0001-50","Nao","Sim","Nao",2021-10-08,2023-06-08,2010,"Executivo",42,42
3929202,47202007000150,"DEU3800",5604044,2021-09-30 22:16:48,2021-10-02 09:27:34,1,-23.5178146,-46.6267433,2.1,"358222057381426","Nao",NA,"TRANSPORTADORA TURISTICA NATAL LTDA","47.202.007/0001-50","Nao","Sim","Nao",2021-09-10,2023-06-08,2019,"Executivo",62,62
3929203,47202007000150,"DIM8981",5599114,2021-09-26 18:05:57,2021-09-27 09:38:46,1,-23.5174847,-46.6262779,2.1,"358222057117796","Nao",NA,"TRANSPORTADORA TURISTICA NATAL LTDA","47.202.007/0001-50","Nao","Sim","Nao",2021-12-15,2023-06-08,2019,"Executivo",58,58
3929204,47202007000150,"DIM8981",5601563,2021-09-27 18:07:22,2021-09-28 09:44:46,1,-23.5182381,-46.6284027,2.1,"358222057117796","Nao",NA,"TRANSPORTADORA TURISTICA NATAL LTDA","47.202.007/0001-50","Nao","Sim","Nao",2021-12-15,2023-06-08,2019,"Executivo",58,58
3929205,47202007000150,"DIM8981",5602196,2021-09-28 18:08:36,2021-09-29 10:08:34,1,-23.5175076,-46.627327,2.1,"358222057117796","Nao",NA,"TRANSPORTADORA TURISTICA NATAL LTDA","47.202.007/0001-50","Nao","Sim","Nao",2021-12-15,2023-06-08,2019,"Executivo",58,58
3929206,47202007000150,"DIM8981",5602829,2021-09-29 18:08:20,2021-09-30 10:49:46,1,-23.5175991,-46.6302299,2.1,"358222057117796","Nao",NA,"TRANSPORTADORA TURISTICA NATAL LTDA","47.202.007/0001-50","Nao","Sim","Nao",2021-12-15,2023-06-08,2019,"Executivo",58,58
3929207,47202007000150,"DIM8981",5603686,2021-09-30 18:23:31,2021-10-01 09:33:21,1,-23.5143356,-46.6255379,2.1,"358222057117796","Nao",NA,"TRANSPORTADORA TURISTICA NATAL LTDA","47.202.007/0001-50","Nao","Sim","Nao",2021-12-15,2023-06-08,2019,"Executivo",58,58
3929210,47202007000150,"EKU3003",5601765,2021-09-28 00:48:25,2021-09-28 21:08:08,1,-23.6174564,-46.6975174,2.1,"358222057381152","Nao",NA,"TRANSPORTADORA TURISTICA NATAL LTDA","47.202.007/0001-50","Nao","Sim","Nao",2022-01-27,2023-06-08,2018,"Executivo",63,63
3929211,47202007000150,"GGU9193",5600288,2021-09-27 00:43:19,2021-09-28 09:26:16,1,-23.5180035,-46.6264839,2.1,"358222058549914","Nao",NA,"TRANSPORTADORA TURISTICA NATAL LTDA","47.202.007/0001-50","Nao","Sim","Nao",2021-10-20,2023-06-08,2019,"Executivo",47,47
3929213,47202007000150,"JHX2353",5599204,2021-09-26 21:09:45,2021-09-27 14:57:08,1,-23.5180149,-46.6261368,2.1,"358222057119818","Nao",NA,"TRANSPORTADORA TURISTICA NATAL LTDA","47.202.007/0001-50","Nao","Sim","Nao",2023-07-28,2023-06-08,2009,"Executivo",42,42
3929214,47202007000150,"JHX2353",5603912,2021-09-30 22:44:51,2021-10-01 15:04:05,1,-23.5180855,-46.6264801,2.1,"358222057119818","Nao",NA,"TRANSPORTADORA TURISTICA NATAL LTDA","47.202.007/0001-50","Nao","Sim","Nao",2023-07-28,2023-06-08,2009,"Executivo",42,42
3929236,72083769000121,"IWU1F02",5598216,2021-09-26 20:36:09,2021-09-30 23:26:37,1,-29.6734371185303,-50.7908935546875,0,"355555115264479","Nao",NA,"IMPACTUR VIAGENS E TURISMO LTDA","72.083.769/0001-21","Nao","Sim","Nao",2022-06-16,2021-10-05,2015,"Executivo",59,59
3929252,78586674000107,"BEK7B49",5595626,2021-09-27 15:33:34,2021-09-27 23:45:13,1,-23.523871,-46.678536,0,"353028105432250","Nao",NA,"VIACAO GARCIA LTDA","78.586.674/0001-07","Sim","Sim","Nao",2021-10-22,2022-02-27,2020,"Executivo",42,42
3929267,81159857000150,"BBS9028",5599777,2021-09-26 21:56:47,2021-09-27 10:15:39,1,-23.3024940490723,-50.0727119445801,0,"355514117715616","Nao",NA,"EMPRESA PRINCESA DO NORTE S/A","81.159.857/0001-50","Sim","Sim","Nao",2022-01-08,2021-10-30,2017,"Executivo",43,43
3929268,81159857000150,"BBS9A29",5599720,2021-09-26 22:14:25,2021-09-27 10:06:23,1,-23.1850891113281,-49.9835472106934,0,"355514117689415","Nao",NA,"EMPRESA PRINCESA DO NORTE S/A","81.159.857/0001-50","Sim","Sim","Nao",2022-01-11,2021-10-30,2017,"Executivo",43,43
3929283,91501866000131,"JBX4545",5599130,2021-09-26 20:38:51,2021-09-30 21:11:54,1,-29.6106986999512,-51.1641845703125,0,"351345012532721","Nao",NA,"AGENCIA DE VIAGENS E TURISMO KLEINTUR LTDA","91.501.866/0001-31","Nao","Sim","Nao",2022-07-26,2023-07-19,2016,"Executivo",53,53
3929285,91501866000131,"JBZ4F45",5602483,2021-09-29 03:17:30,2021-09-29 22:47:37,1,-29.6343441009521,-51.0106239318848,0,"351345015365194","Nao",NA,"AGENCIA DE VIAGENS E TURISMO KLEINTUR LTDA","91.501.866/0001-31","Nao","Sim","Nao",2021-10-15,2023-10-15,2019,"Executivo",51,51
3843808,3264460000115,"OOC2201",5575893,2021-09-02 20:35:30,2021-09-03 18:10:16,1,0,0,6,"356160086468321","Nao",NA,"BRASIL TURISMO E FRETAMENTO LTDA","03.264.460/0001-15","Nao","Sim","Nao",2022-05-13,2023-10-04,2014,"Executivo",48,48
3843810,3264460000115,"PRT8962",5577341,2021-09-02 01:27:14,2021-09-03 09:39:10,1,-16.6598787,-49.1963263,6,"356160086498120","Nao",NA,"BRASIL TURISMO E FRETAMENTO LTDA","03.264.460/0001-15","Nao","Sim","Nao",2023-03-18,2024-01-23,2018,"Executivo",61,61
3843838,4940867000188,"MLL2040",5579228,2021-09-03 17:20:28,2021-09-03 21:56:15,1,-26.868906,-49.0268478,4.35,"868926038708951","Nao",NA,"TURISBLU TURISMO LTDA - ME","04.940.867/0001-88","Nao","Sim","Nao",2021-10-09,2023-06-18,2013,"Executivo",55,55
3843859,7661783000101,"LUI3F43",5580650,2021-09-03 21:55:40,2021-09-04 15:43:01,1,-22.7907752990723,-43.3697662353516,0,"352234672563433","Nao",NA,"AGC RIO FRETAMENTO E TURISMO LTDA","07.661.783/0001-01","Nao","Sim","Nao",2023-11-16,2023-09-06,2019,"Executivo",48,48
3843864,9597616000166,"CPJ2387",5578277,2021-09-03 20:27:47,2021-09-04 16:45:50,1,-22.1474254,-51.4497172,1,"352869086728658","Nao",NA,NA,NA,NA,NA,NA,NA,NA,NA,NA,NA,NA
3843865,9597616000166,"EMZ1390",5578042,2021-09-04 01:09:37,2021-09-06 10:31:20,1,-22.2036996,-51.3531606,1,"352869086731199","Nao",NA,"HENRIQUE & OLIVEIRA TRANSPORTE LTDA","09.597.616/0001-66","Nao","Sim","Nao",2021-10-06,2023-06-28,2019,"Executivo",58,58
3843866,9597616000166,"QKD9777",5579678,2021-09-03 22:12:53,2021-09-04 23:12:01,1,-22.1391467,-51.3949483,1,"352869086731017","Nao",NA,"HENRIQUE & OLIVEIRA TRANSPORTE LTDA","09.597.616/0001-66","Nao","Sim","Nao",2023-10-25,2023-05-28,2015,"Executivo",60,60
3843878,13248388000196,"BAG2179",5578316,2021-09-03 00:28:52,2021-09-09 02:35:55,1,-21.31328919,-46.69342059,1.3,"f0e3ff4e654a9095","Nao",NA,"RAFAEL JOSE GODOI EIRELI - ME","13.248.388/0001-96","Nao","Sim","Nao",2022-08-18,2023-07-26,2015,"Executivo",19,19
3843912,20165944000126,"PLV2F92",5579320,2021-09-04 08:20:09,2021-09-05 15:39:31,1,-9.39988803863525,-38.2314071655273,0,"353595112842739","Nao",NA,"LUCIANO GRANJA DE SOUZA EIRELI","20.165.944/0001-26","Nao","Sim","Nao",2021-11-20,2024-01-19,2019,"Executivo",16,16
3843946,32285454000142,"EMU6475",5576972,2021-09-04 08:00:22,2021-09-04 18:30:37,1,-9.6645565032959,-35.7093315124512,0,"352997102118040","Nao",NA,"VIACAO SALUTARIS E TURISMO SA","32.285.454/0001-42","Sim","Sim","Nao",2022-08-25,2022-08-07,2011,"Executivo",42,42
3843947,32285454000142,"EMU6475",5576972,2021-09-02 23:42:04,2021-09-03 17:42:42,1,-14.879376411438,-40.8546829223633,0,"352997102118040","Nao",NA,"VIACAO SALUTARIS E TURISMO SA","32.285.454/0001-42","Sim","Sim","Nao",2022-08-25,2022-08-07,2011,"Executivo",42,42
3843976,47202007000150,"BJU2600",5576757,2021-09-02 03:35:25,2021-09-03 02:44:24,1,-23.5173988,-46.6260948,2.1,"358222057504159","Nao",NA,"TRANSPORTADORA TURISTICA NATAL LTDA","47.202.007/0001-50","Nao","Sim","Nao",2023-07-26,2023-06-08,2018,"Executivo",48,48
3843977,47202007000150,"BJU2600",5578002,2021-09-03 04:00:14,2021-09-04 01:46:34,1,-23.5173454,-46.6275635,2.1,"358222057504159","Nao",NA,"TRANSPORTADORA TURISTICA NATAL LTDA","47.202.007/0001-50","Nao","Sim","Nao",2023-07-26,2023-06-08,2018,"Executivo",48,48
3843978,47202007000150,"BJU2600",5580272,2021-09-04 04:04:21,2021-09-05 01:17:24,1,-23.5176315,-46.626049,2.1,"358222057504159","Nao",NA,"TRANSPORTADORA TURISTICA NATAL LTDA","47.202.007/0001-50","Nao","Sim","Nao",2023-07-26,2023-06-08,2018,"Executivo",48,48
3843980,47202007000150,"CRK8189",5578923,2021-09-03 18:13:45,2021-09-04 10:12:13,1,-23.5173855,-46.6260796,2.1,"358229071451457","Nao",NA,"TRANSPORTADORA TURISTICA NATAL LTDA","47.202.007/0001-50","Nao","Sim","Nao",2023-12-01,2023-06-08,2019,"Convencional",58,58
3843981,47202007000150,"CRK8189",5581040,2021-09-04 18:07:28,2021-09-05 10:21:08,1,-23.5173016,-46.6261253,2.1,"358229071451457","Nao",NA,"TRANSPORTADORA TURISTICA NATAL LTDA","47.202.007/0001-50","Nao","Sim","Nao",2023-12-01,2023-06-08,2019,"Convencional",58,58
3843982,47202007000150,"DAH6D59",5577830,2021-09-02 21:06:53,2021-09-03 15:30:52,1,-23.5174675,-46.6258087,2.1,"358222057501239","Nao",NA,"TRANSPORTADORA TURISTICA NATAL LTDA","47.202.007/0001-50","Nao","Sim","Nao",2021-10-08,2023-06-08,2010,"Executivo",42,42
3843984,47202007000150,"DEU3800",5580058,2021-09-04 00:30:52,2021-09-08 04:30:32,1,-23.5419273,-46.1912346,2.1,"358222057381426","Nao",NA,"TRANSPORTADORA TURISTICA NATAL LTDA","47.202.007/0001-50","Nao","Sim","Nao",2021-09-10,2023-06-08,2019,"Executivo",62,62
3843988,47202007000150,"FLC4828",5577959,2021-09-03 01:11:29,2021-09-04 23:38:35,1,-23.5176525,-46.6261749,2.1,"358222058549807","Nao",NA,NA,NA,NA,NA,NA,NA,NA,NA,NA,NA,NA
3844000,53579983000129,"EJV5814",5579271,2021-09-03 22:19:50,2021-09-04 10:05:23,1,-23.4288501739502,-47.4580001831055,0,"354405106189361","Nao",NA,"P.R.M.- TURISMO LTDA","53.579.983/0001-29","Nao","Sim","Nao",2022-05-03,2023-09-16,2011,"Executivo",42,42
3844001,53579983000129,"FPB6J24",5580073,2021-09-04 00:01:09,2021-09-04 07:26:05,1,-23.4928073883057,-47.4472770690918,0,"354405100723983","Nao",NA,"P.R.M.- TURISMO LTDA","53.579.983/0001-29","Nao","Sim","Nao",2021-09-15,2023-09-16,2019,"Executivo",51,51
3844020,64758998000170,"FCV8B47",5579728,2021-09-04 00:29:23,2021-09-07 05:42:55,1,-23.5435162,-46.5868263,2.1,"358222057362962","Nao",NA,"LOPES TRANSPORTADORA TURISTICA LTDA","64.758.998/0001-70","Nao","Sim","Nao",2024-02-23,2023-07-02,2019,"Executivo",71,71
3844021,64758998000170,"FDS7480",5579996,2021-09-04 01:36:07,2021-09-08 01:36:11,1,-23.3645325,-46.2246742,2.1,"358222057182998","Nao",NA,"LOPES TRANSPORTADORA TURISTICA LTDA","64.758.998/0001-70","Nao","Sim","Nao",2022-08-24,2023-07-02,2015,"Executivo",50,50
3844051,78586674000107,"BAY5238",5578043,2021-09-03 20:45:02,2021-09-04 14:24:56,1,-21.127843,-47.81249,0,"352550117936078","Nao",NA,"VIACAO GARCIA LTDA","78.586.674/0001-07","Sim","Sim","Nao",2021-12-04,2022-02-27,2016,"Executivo",52,52
3844052,78586674000107,"BBR5646",5580010,2021-09-03 20:11:19,2021-09-07 17:30:12,1,-23.433625,-51.891975,0,"353028105417533","Nao",NA,"VIACAO GARCIA LTDA","78.586.674/0001-07","Sim","Sim","Nao",2021-10-08,2022-02-27,2017,"Executivo",56,56
3844053,78586674000107,"BCH1350",5577192,2021-09-02 18:37:35,2021-09-03 09:57:40,1,-23.433562,-51.891923,0,"353028105431534","Nao",NA,"VIACAO GARCIA LTDA","78.586.674/0001-07","Sim","Sim","Nao",2022-08-26,2022-02-27,2018,"Executivo",46,46
3844054,78586674000107,"BCH1353",5577120,2021-09-03 10:50:16,2021-09-03 19:45:55,1,-22.88818,-47.142655,0,"356496085524437","Nao",NA,"VIACAO GARCIA LTDA","78.586.674/0001-07","Sim","Sim","Nao",2022-07-08,2022-02-27,2018,"Executivo",46,46
3844055,78586674000107,"BCI7638",5577176,2021-09-02 18:40:49,2021-09-03 09:42:59,1,0,0,0,"352550118184611","Nao",NA,"VIACAO GARCIA LTDA","78.586.674/0001-07","Sim","Sim","Nao",2021-12-17,2022-02-27,2018,"Executivo",46,46
3908331,5233521000102,"BAD6919",5592541,2021-09-23 19:03:45,2021-10-01 04:09:28,0,-18.998325,-57.632178,0,"353028105429652","Nao",NA,"BRASIL SUL LINHAS RODOVIARIAS LTDA","05.233.521/0001-02","Sim","Sim","Nao",2021-11-04,2021-10-04,2015,"Executivo",20,20
3908332,5233521000102,"BAY1586",5598416,2021-09-24 17:58:08,2021-09-25 12:51:26,1,0,0,0,"356496088331798","Nao",NA,"BRASIL SUL LINHAS RODOVIARIAS LTDA","05.233.521/0001-02","Sim","Sim","Nao",2021-11-23,2021-11-04,2015,"Executivo",44,44
3908333,5233521000102,"BBT6820",5599289,2021-09-24 17:50:36,2021-09-25 12:01:07,1,-23.314604,-51.153473,0,"353456097024779","Nao",NA,"BRASIL SUL LINHAS RODOVIARIAS LTDA","05.233.521/0001-02","Sim","Sim","Nao",2021-11-20,2021-10-04,2017,"Executivo",44,44
3908339,6012643000131,"AXK4D95",5590721,2021-09-19 18:38:22,2021-09-20 00:56:12,0,-27.119251,-48.612771,10,"000000000091659522","Nao",NA,"RIO VERDE ONIBUS - EIRELI - ME","06.012.643/0001-31","Nao","Sim","Nao",2023-04-26,2023-06-18,2013,"Executivo",42,42
3908346,9094952000196,"DRK9130",5592631,2021-09-19 19:53:24,2021-09-20 06:21:42,0,-22.951854,-42.043708,0,"356429071518147","Nao",NA,"FAVI AUTO VIACAO LTDA","09.094.952/0001-96","Nao","Sim","Nao",2021-10-29,2023-07-01,2019,"Executivo",32,32
3908347,9094952000196,"DVT8090",5599093,2021-09-25 02:04:47,2021-09-25 10:42:20,1,-23.03676,-46.688817,0,"356429071217682","Nao",NA,"FAVI AUTO VIACAO LTDA","09.094.952/0001-96","Nao","Sim","Nao",2024-02-14,2023-07-01,2012,"Executivo",47,47
3908351,10632539000117,"HWM0519",5599100,2021-09-25 19:18:48,2021-09-26 09:01:15,1,-7.14710546191782,-34.8432159237564,1.3,"b8cbd8a341ccf7ec","Nao",NA,"CF TRANSPORTES LTDA - ME","10.632.539/0001-17","Nao","Sim","Nao",2021-09-09,2023-10-06,2003,"Executivo",50,50
3908352,10632539000117,"HWV8F44",5593668,2021-09-19 04:30:23,2021-09-19 17:43:33,1,-7.13529257,-34.93832746,1.3,"b426bfe2bc6b5439","Nao",NA,"CF TRANSPORTES LTDA - ME","10.632.539/0001-17","Nao","Sim","Nao",2021-09-14,2023-10-06,2008,"Executivo",46,46
3908354,10895377000100,"ANS3B05",5594826,2021-09-19 23:39:08,2021-09-21 00:33:17,1,-25.4786319732666,-49.2604026794434,0,"359539092276058","Nao",NA,"FW E CRW VIAGENS E TURISMO LTDA","10.895.377/0001-00","Nao","Sim","Nao",2022-02-17,2023-08-18,2005,"Executivo",44,44
3908355,11137897000116,"PEE4609",5595462,2021-09-21 06:08:55,2021-09-21 09:06:34,1,-8.18202686309814,-34.9281921386719,0,"358581624186299","Nao",NA,"V. V. S. VIAGENS, TURISMO E RECEPTIVOS LTDA","11.137.897/0001-16","Nao","Sim","Nao",2022-04-25,2023-10-26,2011,"Executivo",32,32
3908356,11137897000116,"PEE4609",5598027,2021-09-24 06:40:09,2021-09-24 09:17:45,1,-8.12519454956055,-34.8972930908203,0,"358581624186299","Nao",NA,"V. V. S. VIAGENS, TURISMO E RECEPTIVOS LTDA","11.137.897/0001-16","Nao","Sim","Nao",2022-04-25,2023-10-26,2011,"Executivo",32,32
3888335,22090288000175,"QNR8I56",5590132,2021-09-17 03:22:35,2021-09-21 09:05:56,1,-20.1377861542757,-44.8991075558913,1.3,"2f100704096fbcee","Nao",NA,NA,NA,NA,NA,NA,NA,NA,NA,NA,NA,NA
3888342,24304938000163,"PJH1232",5591178,2021-09-17 05:02:34,2021-09-20 08:18:15,1,-7.94822835922241,-35.385986328125,0,"868732055343247","Nao",NA,"SEBASTIAO AMANCIO DE ALBUQUERQUE NETO EIRELI","24.304.938/0001-63","Nao","Sim","Nao",2022-06-16,2023-07-19,2015,"Executivo",20,20
3888343,24576515000100,"PBU0815",5590560,2021-09-16 07:26:24,2021-09-21 07:19:06,1,-15.8283884,-47.93009775,1.3,"7c2f8025902f9ec4","Nao",NA,"NORMARIO CARVALHO DA SILVA EIRELI","24.576.515/0001-00","Nao","Sim","Nao",2022-05-31,2022-06-02,2019,"Executivo",19,19
3888364,30369504000144,"AZJ4H57",5587881,2021-09-12 08:06:56,2021-09-18 07:53:11,1,-26.1835441589355,-48.9092445373535,0,"865805046468548","Nao",NA,"NATUTUR OPERADORA DE TURISMO - EIRELI","30.369.504/0001-44","Nao","Sim","Nao",2022-01-19,2023-07-27,2014,"Executivo",18,18
3888365,30369504000144,"AZJ4H57",5592226,2021-09-18 07:55:41,2021-09-18 09:47:46,1,-26.1834812164307,-48.9094505310059,0,"865805046468548","Nao",NA,"NATUTUR OPERADORA DE TURISMO - EIRELI","30.369.504/0001-44","Nao","Sim","Nao",2022-01-19,2023-07-27,2014,"Executivo",18,18
3888366,31918535000170,"LLV1345",5590033,2021-09-17 09:33:04,2021-09-20 19:55:34,1,0,0,0,"356233063246810","Nao",NA,"TRANSTURISMO TRANSPORTADORA ORIENTAL LTDA","31.918.535/0001-70","Nao","Sim","Nao",2021-12-15,2023-11-22,2012,"Executivo",46,46
3888370,32404063000108,"LLH1285",5590309,2021-09-18 01:56:58,2021-09-18 09:31:56,1,-22.11627,-43.20065,0,"356348098871513","Nao",NA,"VIACAO PROGRESSO E TURISMO S/A","32.404.063/0001-08","Sim","Sim","Nao",2022-03-02,2021-10-04,2010,"Executivo",46,46
3888371,32404063000108,"LTE2349",5585545,2021-09-12 03:35:21,2021-09-12 06:13:51,1,-22.572283,-44.170067,0,"356348098997375","Nao",NA,"VIACAO PROGRESSO E TURISMO S/A","32.404.063/0001-08","Sim","Sim","Nao",2021-10-29,2021-10-04,2017,"Executivo",46,46
3888375,33458732000189,"QYS2B56",5587860,2021-09-12 04:17:30,2021-09-12 11:22:47,1,-8.05746768586515,-34.8986143640921,1.3,"7553f4d4bcc5f3e2","Nao",NA,"COOPERATIVA DOS PROPRIETARIOS DE ONIBUS ROD NO TRANSPORTE TURISTICO FRETAMENTO E ESCOLAR NO ESTADO DE PERNAMBUCO DO CABO DE SANTO AGOSTINHO","33.458.732/0001-89","Nao","Sim","Nao",2023-05-10,2024-03-12,2020,"Executivo",16,16
3888376,33458732000189,"QYS2B56",5590559,2021-09-16 08:08:55,2021-09-16 15:42:57,1,-8.1309556379643,-34.9178160976172,1.3,"7553f4d4bcc5f3e2","Nao",NA,"COOPERATIVA DOS PROPRIETARIOS DE ONIBUS ROD NO TRANSPORTE TURISTICO FRETAMENTO E ESCOLAR NO ESTADO DE PERNAMBUCO DO CABO DE SANTO AGOSTINHO","33.458.732/0001-89","Nao","Sim","Nao",2023-05-10,2024-03-12,2020,"Executivo",16,16
3888389,36807564000188,"LSL8I36",5587689,2021-09-12 11:48:31,2021-09-12 14:28:16,1,-29.1951141357422,-49.9323425292969,0,"351836099664874","Nao",NA,"TRANSLOG TRANSPORTE E TURISMO EIRELI","36.807.564/0001-88","Nao","Sim","Nao",2021-09-01,2023-09-08,2015,"Executivo",16,16
3888439,76539600000194,"ABL5J10",5593726,2021-09-18 21:35:58,2021-09-19 20:56:03,1,-23.5125617980957,-46.6891822814941,0,"358692100816257","Nao",NA,"EMPRESA DE ONIBUS NOSSA SENHORA DA PENHA S/A","76.539.600/0001-94","Sim","Sim","Nao",2022-09-17,2021-10-30,2019,"Executivo",46,46
3888440,76539600000194,"ABM5J16",5587682,2021-09-12 06:02:58,2021-09-14 22:31:04,1,-22.8794718,-43.2775133,1.6,"358795105804689","Nao",NA,"EMPRESA DE ONIBUS NOSSA SENHORA DA PENHA S/A","76.539.600/0001-94","Sim","Sim","Nao",2022-09-20,2021-10-30,2019,"Executivo",46,46
3888444,77578987000150,"AWC6F25",5585525,2021-09-12 17:00:42,2021-09-12 22:14:48,0,-26.799078,-48.621847,0,"afad3878890dd771","Nao",NA,"MARLAC TURISMO LTDA","77.578.987/0001-50","Nao","Sim","Nao",2021-11-04,2021-11-23,2012,"Executivo",48,48
3888464,88628417000144,"JCU1990",5587205,2021-09-13 07:29:15,2021-09-18 00:36:36,1,-29.1837835,-51.1856418,8.48,"358011071937523","Nao",NA,"EXPRESSO SAO MARCOS LTDA","88.628.417/0001-44","Sim","Sim","Nao",2022-06-08,2021-10-27,2015,"Executivo",44,44
3888465,88628417000144,"JCX1790",5589860,2021-09-15 16:01:43,2021-09-18 15:06:07,1,-29.1519947,-51.1550579,21.6,"358011071938810","Nao",NA,"EXPRESSO SAO MARCOS LTDA","88.628.417/0001-44","Sim","Sim","Nao",2021-10-02,2021-10-27,2011,"Executivo",40,40
3888466,88628417000144,"JCX2A90",5590157,2021-09-16 21:39:43,2021-09-20 22:19:24,1,-28.9718585,-51.0791783,10.333,"358011071939313","Nao",NA,"EXPRESSO SAO MARCOS LTDA","88.628.417/0001-44","Sim","Sim","Nao",2022-08-25,2021-10-27,2018,"Executivo",46,46
3888474,95383246000104,"NTW4458",5588513,2021-09-13 14:41:08,2021-09-14 14:51:41,1,-25.3738288879395,-51.4442253112793,0,"359293051511077","Nao",NA,NA,NA,NA,NA,NA,NA,NA,NA,NA,NA,NA
3908358,11924249000100,"LMW1H44",5596473,2021-09-24 07:28:37,2021-09-24 13:51:39,1,-22.8717060089111,-43.2583465576172,0,"352898491147154","Nao",NA,"JCV - FRETAMENTO, TRANSPORTES E TURISMO LTDA","11.924.249/0001-00","Nao","Sim","Nao",2022-02-24,2024-02-19,2019,"Executivo",16,16
3908359,11924249000100,"LMY0D33",5590861,2021-09-19 13:57:44,2021-09-19 21:42:54,1,-22.8724575042725,-43.258544921875,0,"352898491147154","Nao",NA,"JCV - FRETAMENTO, TRANSPORTES E TURISMO LTDA","11.924.249/0001-00","Nao","Sim","Nao",2022-02-19,2024-02-19,2019,"Executivo",20,20
3908366,13812711000102,"GJM0152",5597993,2021-09-24 23:51:19,2021-09-27 15:54:22,1,-23.4095878601074,-46.8458366394043,0,"352000430583066","Nao",NA,"JM LOCACAO DE VEICULOS E SERVICOS DE TRANSPORTES LTDA","13.812.711/0001-02","Nao","Sim","Nao",2021-12-01,2023-08-26,2019,"Executivo",19,19
3908370,15221905000169,"LPZ6F61",5594316,2021-09-19 05:54:34,2021-09-19 21:01:29,1,-9.60995292663574,-35.6861114501953,0,"359476094574521","Nao",NA,"JULIANA DOS REIS BEVILAQUA EIRELI","15.221.905/0001-69","Nao","Sim","Nao",2022-02-18,2023-09-22,2011,"Executivo",50,50
3908371,15221905000169,"LPZ6F61",5594895,2021-09-20 05:47:53,2021-09-20 20:01:01,1,-9.6650857925415,-35.710018157959,0,"359476094574521","Nao",NA,"JULIANA DOS REIS BEVILAQUA EIRELI","15.221.905/0001-69","Nao","Sim","Nao",2022-02-18,2023-09-22,2011,"Executivo",50,50
3908372,15221905000169,"LPZ6F61",5596170,2021-09-22 06:35:20,2021-09-22 20:22:36,1,-9.66801452636719,-35.7137756347656,0,"359476094574521","Nao",NA,"JULIANA DOS REIS BEVILAQUA EIRELI","15.221.905/0001-69","Nao","Sim","Nao",2022-02-18,2023-09-22,2011,"Executivo",50,50
3908373,15221905000169,"LPZ6F61",5597004,2021-09-23 06:14:36,2021-09-23 21:21:11,1,-9.6680212020874,-35.7137641906738,0,"359476094574521","Nao",NA,"JULIANA DOS REIS BEVILAQUA EIRELI","15.221.905/0001-69","Nao","Sim","Nao",2022-02-18,2023-09-22,2011,"Executivo",50,50
3908374,15221905000169,"LPZ6F61",5598122,2021-09-24 05:59:11,2021-09-24 19:55:05,1,-9.52710056304932,-35.6040954589844,0,"359476094574521","Nao",NA,"JULIANA DOS REIS BEVILAQUA EIRELI","15.221.905/0001-69","Nao","Sim","Nao",2022-02-18,2023-09-22,2011,"Executivo",50,50
3908375,15221905000169,"LPZ6F61",5595548,2021-09-21 05:50:04,2021-09-21 21:09:18,1,-9.6083812713623,-35.6844367980957,0,"359476094574521","Nao",NA,"JULIANA DOS REIS BEVILAQUA EIRELI","15.221.905/0001-69","Nao","Sim","Nao",2022-02-18,2023-09-22,2011,"Executivo",50,50
3908376,16974541000150,"MAX4388",5593969,2021-09-19 09:36:37,2021-09-24 13:07:36,1,-28.2020130157471,-48.6980781555176,0,"356164085358095","Nao",NA,"TAIS BAGGIO TRANSPORTES LTDA","16.974.541/0001-50","Nao","Sim","Nao",2021-11-06,2023-07-02,2006,"Executivo",25,25
3908377,17067125000131,"HMD9289",5594486,2021-09-19 10:18:16,2021-09-21 06:04:44,1,-18.8794689178467,-41.9618530273438,0,"356342097539072","Nao",NA,NA,NA,NA,NA,NA,NA,NA,NA,NA,NA,NA
3908380,17793648000165,"OOA1A66",5596007,2021-09-22 10:00:44,2021-09-23 11:34:06,1,-20.5729675292969,-47.8725852966309,0,"353690108098295","Nao",NA,"COLITRAN TRANSPORTE E TURISMO EIRELI","17.793.648/0001-65","Nao","Sim","Nao",2023-10-05,2023-08-15,2014,"Executivo",55,55
3908382,19225075000107,"JAJ0B40",5595982,2021-09-22 07:22:34,2021-09-25 06:32:33,1,-29.9915199279785,-51.2001419067383,0,"358620103390038","Nao",NA,"EMS TRANSPORTES E TURISMO EIRELI ME","19.225.075/0001-07","Sim","Sim","Nao",2022-07-02,2021-10-06,2019,"Executivo",46,46
3908383,19225075000107,"JAJ0B60",5599760,2021-09-24 21:11:07,2021-09-26 05:13:21,1,-29.9915237426758,-51.1999473571777,0,"358620103268937","Nao",NA,"EMS TRANSPORTES E TURISMO EIRELI ME","19.225.075/0001-07","Sim","Sim","Nao",2022-08-17,2021-10-06,2019,"Executivo",63,63
3908384,19225075000107,"JAJ0B70",5599984,2021-09-24 21:10:57,2021-09-27 05:46:57,1,-29.9913539886475,-51.1998710632324,0,"358620103465459","Nao",NA,"EMS TRANSPORTES E TURISMO EIRELI ME","19.225.075/0001-07","Sim","Sim","Nao",2022-08-17,2021-10-27,2019,"Executivo",67,67
3908385,19225075000107,"JDD2I01",5595512,2021-09-21 07:06:22,2021-09-24 02:59:22,1,-29.9914855957031,-51.2001762390137,0,"358620103268937","Nao",NA,"EMS TRANSPORTES E TURISMO EIRELI ME","19.225.075/0001-07","Sim","Sim","Nao",2022-04-08,2021-10-06,2020,"Executivo",46,46
3908390,19517694000167,"FUA9A50",5597393,2021-09-25 04:30:49,2021-09-25 17:46:49,1,-9.6283608,-35.7386213,1.3,"c32c2295362d2a1e","Nao",NA,"ALIANZZA TURISMO LTDA","19.517.694/0001-67","Nao","Sim","Nao",2022-01-08,2023-07-17,2014,"Executivo",32,32
3908391,19652484000181,"QJT1583",5593890,2021-09-19 07:17:41,2021-09-20 10:44:24,1,-26.8946283333333,-48.6976983333333,1.3,"21bdbc6d38622891","Nao",NA,"LB TRANSPORTE ESCOLAR E LOCACAO DE VEICULOS LTDA - ME","19.652.484/0001-81","Nao","Sim","Nao",2023-05-20,2024-01-10,2019,"Executivo",16,16
3908392,20146015000170,"FTX3520",5594821,2021-09-20 14:43:36,2021-09-20 22:21:02,0,0,0,0,"353305085340954","Nao",NA,"VIACAO SAO CRISTOVAO LIMITADA.","20.146.015/0001-70","Sim","Sim","Nao",2022-07-16,2021-10-03,2014,"Executivo",46,46
3908393,20146015000170,"FTX3520",5596075,2021-09-22 12:51:38,2021-09-22 20:25:18,0,-23.532121,-46.61967,0,"353305085340954","Nao",NA,"VIACAO SAO CRISTOVAO LIMITADA.","20.146.015/0001-70","Sim","Sim","Nao",2022-07-16,2021-10-03,2014,"Executivo",46,46
3908394,20146015000170,"FTX3520",5594821,2021-09-19 18:16:34,2021-09-20 02:04:27,1,0,0,0,"353305085340954","Nao",NA,"VIACAO SAO CRISTOVAO LIMITADA.","20.146.015/0001-70","Sim","Sim","Nao",2022-07-16,2021-10-03,2014,"Executivo",46,46
3908395,20146015000170,"FTX3520",5596075,2021-09-21 17:58:25,2021-09-22 01:52:03,1,-20.155504,-44.909189,0,"353305085340954","Nao",NA,"VIACAO SAO CRISTOVAO LIMITADA.","20.146.015/0001-70","Sim","Sim","Nao",2022-07-16,2021-10-03,2014,"Executivo",46,46
3908396,20146015000170,"HDI7A63",5594789,2021-09-20 14:53:26,2021-09-20 22:28:57,0,-23.532261,-46.619813,0,"353305085457816","Nao",NA,"VIACAO SAO CRISTOVAO LIMITADA.","20.146.015/0001-70","Nao","Sim","Nao",2022-06-11,2023-06-03,2006,"Executivo",46,46
3908397,20146015000170,"HDI7A63",5594789,2021-09-19 18:13:06,2021-09-20 02:43:24,1,-20.470708,-45.122494,0,"353305085457816","Nao",NA,"VIACAO SAO CRISTOVAO LIMITADA.","20.146.015/0001-70","Nao","Sim","Nao",2022-06-11,2023-06-03,2006,"Executivo",46,46
3908398,20146015000170,"QUI2205",5599457,2021-09-24 19:29:57,2021-09-25 03:34:56,1,-20.110861,-44.899282,0,"353305085473813","Nao",NA,"VIACAO SAO CRISTOVAO LIMITADA.","20.146.015/0001-70","Sim","Sim","Nao",2022-07-08,2021-10-03,2019,"Executivo",42,42
3908399,20882498000170,"GEJ1J36",5593831,2021-09-19 07:56:09,2021-09-19 14:27:01,1,-22.8888206481934,-43.5605201721191,0,"356953086905502","Nao",NA,"TRANSVIPCAR TRANSPORTE LTDA","20.882.498/0001-70","Nao","Sim","Nao",2022-05-04,2023-11-22,2017,"Executivo",16,16
3908400,20882498000170,"GEJ1J36",5598729,2021-09-25 09:23:34,2021-09-25 12:02:33,1,-22.9781723022461,-43.2245292663574,0,"356953086905502","Nao",NA,"TRANSVIPCAR TRANSPORTE LTDA","20.882.498/0001-70","Nao","Sim","Nao",2022-05-04,2023-11-22,2017,"Executivo",16,16
3908418,24576515000100,"PBU0815",5595523,2021-09-21 07:19:55,2021-09-24 17:24:42,1,-15.82853974,-47.93012569,1.3,"7c2f8025902f9ec4","Nao",NA,"NORMARIO CARVALHO DA SILVA EIRELI","24.576.515/0001-00","Nao","Sim","Nao",2022-05-31,2022-06-02,2019,"Executivo",19,19
3908424,26932928000106,"MLX7548",5585334,2021-09-19 05:49:15,2021-09-20 11:28:40,1,-26.994688,-48.6341286,4.35,"863586034884944","Nao",NA,"COLLET VIAGENS LTDA-EPP","26.932.928/0001-06","Nao","Sim","Nao",2021-12-14,2023-09-03,2013,"Executivo",40,40
3908429,28255122000148,"AZL1C42",5594066,2021-09-20 05:41:11,2021-09-24 23:31:57,1,-29.9852485656738,-50.1418838500977,0,"352607093779292","Nao",NA,"CLEBER ADRIANO DA SILVA TECCHIO EIRELI","28.255.122/0001-48","Nao","Sim","Nao",2021-11-03,2023-11-01,2013,"Executivo",31,31
3908437,30369504000144,"AZJ4H57",5594364,2021-09-19 08:01:42,2021-09-19 10:17:56,1,-26.1833915710449,-48.9094009399414,0,"865805046468548","Nao",NA,"NATUTUR OPERADORA DE TURISMO - EIRELI","30.369.504/0001-44","Nao","Sim","Nao",2022-01-19,2023-07-27,2014,"Executivo",18,18
3908438,30369504000144,"AZJ4H57",5599627,2021-09-25 07:59:25,2021-09-27 12:28:04,1,-26.1835021972656,-48.909309387207,0,"865805046468548","Nao",NA,"NATUTUR OPERADORA DE TURISMO - EIRELI","30.369.504/0001-44","Nao","Sim","Nao",2022-01-19,2023-07-27,2014,"Executivo",18,18
3908443,31918535000170,"KZE6511",5590676,2021-09-19 09:01:21,2021-09-23 22:09:32,1,-22.9154821,-43.1739594,699.999,"356233063227448","Nao",NA,"TRANSTURISMO TRANSPORTADORA ORIENTAL LTDA","31.918.535/0001-70","Nao","Sim","Nao",2022-06-10,2021-11-22,2014,"Executivo",46,46
3908444,31918535000170,"KZE6511",5596446,2021-09-24 12:29:01,2021-09-28 14:51:47,1,-22.8946275,-43.4734957,8.666,"356233063147752","Nao",NA,"TRANSTURISMO TRANSPORTADORA ORIENTAL LTDA","31.918.535/0001-70","Nao","Sim","Nao",2022-06-10,2021-11-22,2014,"Executivo",46,46
3908445,31918535000170,"LLV1345",5595786,2021-09-23 09:09:54,2021-09-27 00:06:36,1,0,0,0,"356233063184177","Nao",NA,"TRANSTURISMO TRANSPORTADORA ORIENTAL LTDA","31.918.535/0001-70","Nao","Sim","Nao",2021-12-15,2023-11-22,2012,"Executivo",46,46
3908446,31918535000170,"LQQ9831",5590868,2021-09-19 09:00:42,2021-09-27 17:39:58,1,-22.9149541,-43.166016,24.513,"356233063227422","Nao",NA,"TRANSTURISMO TRANSPORTADORA ORIENTAL LTDA","31.918.535/0001-70","Nao","Sim","Nao",2021-12-14,2023-11-22,2012,"Executivo",46,46
3908447,31918535000170,"LQQ9831",5595930,2021-09-24 12:29:35,2021-09-26 23:16:42,1,-22.8947205,-43.4735509,5.5,"356233063242777","Nao",NA,"TRANSTURISMO TRANSPORTADORA ORIENTAL LTDA","31.918.535/0001-70","Nao","Sim","Nao",2021-12-14,2023-11-22,2012,"Executivo",46,46
3908453,32691848000109,"ODA0B58",5595544,2021-09-21 14:52:54,2021-09-23 02:08:13,1,-22.2557811737061,-41.8326759338379,0,"352997105524178","Nao",NA,"IBV TURISMO LTDA","32.691.848/0001-09","Nao","Sim","Nao",2023-05-16,2023-08-12,2011,"Executivo",43,43
3908454,32922066000125,"AMM4D41",5592593,2021-09-19 16:09:45,2021-09-19 21:59:07,1,-25.3852081,-49.2746773,4.35,"863586034896609","Nao",NA,"MONICATUR TRANSPORTES E TURISMO EIRELI","32.922.066/0001-25","Nao","Sim","Nao",2021-10-01,2023-08-03,2005,"Executivo",46,46
3908463,33458732000189,"QYS2B56",5594953,2021-09-20 12:30:37,2021-09-20 15:45:52,1,-8.36191285551374,-34.9590201284327,1.3,"7553f4d4bcc5f3e2","Nao",NA,"COOPERATIVA DOS PROPRIETARIOS DE ONIBUS ROD NO TRANSPORTE TURISTICO FRETAMENTO E ESCOLAR NO ESTADO DE PERNAMBUCO DO CABO DE SANTO AGOSTINHO","33.458.732/0001-89","Nao","Sim","Nao",2023-05-10,2024-03-12,2020,"Executivo",16,16
3908464,33458732000189,"QYS2B56",5600102,2021-09-25 04:05:18,2021-09-25 09:21:04,1,-7.94823143084424,-34.8779074837573,1.3,"7553f4d4bcc5f3e2","Nao",NA,"COOPERATIVA DOS PROPRIETARIOS DE ONIBUS ROD NO TRANSPORTE TURISTICO FRETAMENTO E ESCOLAR NO ESTADO DE PERNAMBUCO DO CABO DE SANTO AGOSTINHO","33.458.732/0001-89","Nao","Sim","Nao",2023-05-10,2024-03-12,2020,"Executivo",16,16
3908482,36807564000188,"LSL8I36",5595761,2021-09-22 07:32:04,2021-09-22 10:50:42,1,-29.9359683990479,-51.0303649902344,0,"351836099664874","Nao",NA,"TRANSLOG TRANSPORTE E TURISMO EIRELI","36.807.564/0001-88","Nao","Sim","Nao",2021-09-01,2023-09-08,2015,"Executivo",16,16
3908483,36807564000188,"LSL8I36",5598250,2021-09-24 16:41:54,2021-09-24 20:39:23,1,-29.9877052307129,-51.1943702697754,0,"351836099664874","Nao",NA,"TRANSLOG TRANSPORTE E TURISMO EIRELI","36.807.564/0001-88","Nao","Sim","Nao",2021-09-01,2023-09-08,2015,"Executivo",16,16
3908537,76539600000194,"ABM5J06",5599599,2021-09-24 21:42:18,2021-09-25 09:20:17,1,-25.4694881,-49.2587726,1.8,"358795105299013","Nao",NA,"EMPRESA DE ONIBUS NOSSA SENHORA DA PENHA S/A","76.539.600/0001-94","Sim","Sim","Nao",2022-09-24,2021-10-30,2019,"Executivo",46,46
3908538,76539600000194,"ABM5J11",5599689,2021-09-24 19:18:46,2021-09-27 04:51:53,1,-23.5235595703125,-46.6680679321289,0,"358795105301819","Nao",NA,"EMPRESA DE ONIBUS NOSSA SENHORA DA PENHA S/A","76.539.600/0001-94","Sim","Sim","Nao",2022-09-30,2021-10-30,2019,"Executivo",46,46
3908546,77578987000150,"AWA9I62",5592304,2021-09-23 12:28:32,2021-09-29 11:51:32,0,-27.424643,-51.786308,0,"3d4d6fd270bb38c1","Nao",NA,"MARLAC TURISMO LTDA","77.578.987/0001-50","Nao","Sim","Nao",2022-01-25,2023-11-23,2011,"Executivo",43,43
3908547,77578987000150,"AWA9I62",5592304,2021-09-20 08:18:35,2021-09-20 20:50:50,1,-25.693687,-49.550697,0,"3d4d6fd270bb38c1","Nao",NA,"MARLAC TURISMO LTDA","77.578.987/0001-50","Nao","Sim","Nao",2022-01-25,2023-11-23,2011,"Executivo",43,43
3908548,77578987000150,"AWA9I62",5598289,2021-09-25 05:46:47,2021-09-25 15:48:29,1,-25.475014,-49.261313,0,"afad3878890dd771","Nao",NA,"MARLAC TURISMO LTDA","77.578.987/0001-50","Nao","Sim","Nao",2022-01-25,2023-11-23,2011,"Executivo",43,43
3908549,77578987000150,"BEN7A54",5592391,2021-09-19 13:31:33,2021-09-19 19:00:49,0,-27.137535,-48.51316,0,"afad3878890dd771","Nao",NA,"MARLAC TURISMO LTDA","77.578.987/0001-50","Nao","Sim","Nao",2021-09-17,2023-07-05,2020,"Executivo",19,19
3908580,92455765000134,"IUB0791",5597409,2021-09-24 01:27:40,2021-09-27 14:06:04,1,-29.1872449,-54.8600313,4.4,"357713076908398","Nao",NA,NA,NA,NA,NA,NA,NA,NA,NA,NA,NA,NA
3908581,95383246000104,"NTW4458",5596464,2021-09-22 14:46:39,2021-09-22 20:26:45,1,-25.381404876709,-51.4525909423828,0,"359293051511077","Nao",NA,NA,NA,NA,NA,NA,NA,NA,NA,NA,NA,NA
3929005,1031060000134,"PRH6421",5603609,2021-09-30 12:21:55,2021-09-30 15:16:25,1,-5.130644,-42.803984,0,"352609095226207","Nao",NA,"EXPRESSO SATELITE NORTE LTDA","01.031.060/0001-34","Sim","Sim","Nao",2022-03-29,2021-10-03,2017,"Executivo",45,45
3929022,3456707000103,"QYE7806",5603308,2021-09-30 23:00:45,2021-10-01 05:40:32,1,-8.45584201812744,-35.9454078674316,0,"351798100038391","Nao",NA,"TRANSBRAZ LTDA EPP","03.456.707/0001-03","Sim","Sim","Nao",2021-11-12,2021-10-14,2019,"Executivo",60,60
3929037,4162704000111,"LVS5H97",5600212,2021-09-26 18:46:28,2021-09-27 06:46:57,1,-5.11269092559814,-42.7938079833984,0,"355374093656882","Nao",NA,"SILVA E BARROS LTDA","04.162.704/0001-11","Nao","Sim","Nao",2022-01-27,2023-11-08,2003,"Executivo",42,42
3929049,5233521000102,"BBT6823",5598348,2021-09-26 15:41:14,2021-09-28 10:28:21,1,-22.968225,-42.020188,0,"353909111255092","Nao",NA,"BRASIL SUL LINHAS RODOVIARIAS LTDA","05.233.521/0001-02","Sim","Sim","Nao",2021-11-06,2021-10-04,2017,"Executivo",46,46
3929050,5233521000102,"BBT6824",5601349,2021-09-26 19:08:50,2021-09-26 19:10:14,1,-23.316067,-51.148357,0,"356496088330691","Nao",NA,"BRASIL SUL LINHAS RODOVIARIAS LTDA","05.233.521/0001-02","Sim","Sim","Nao",2021-11-17,2021-10-04,2017,"Executivo",46,46
3929052,5233521000102,"BBT8144",5603340,2021-09-30 17:12:03,2021-10-01 10:25:32,1,-23.433452,-51.891986,0,"353909111255134","Nao",NA,"BRASIL SUL LINHAS RODOVIARIAS LTDA","05.233.521/0001-02","Sim","Sim","Nao",2022-01-05,2021-10-04,2017,"Executivo",44,44
3929065,6789401000159,"ODR8153",5603132,2021-09-29 21:19:04,2021-09-30 11:58:04,1,-19.8885250091553,-43.9089469909668,0,"353690107290505","Nao",NA,"LINHARES HOTEL E TURISMO LTDA","06.789.401/0001-59","Sim","Sim","Nao",2022-02-18,2021-11-12,2012,"Executivo",44,44
3929066,6789401000159,"OYD8660",5596643,2021-09-26 10:37:05,2021-09-27 03:16:16,1,-16.7373847961426,-49.3257026672363,0,"353690107290265","Nao",NA,"LINHARES HOTEL E TURISMO LTDA","06.789.401/0001-59","Sim","Sim","Nao",2022-02-19,2021-11-12,2013,"Executivo",56,56
3929069,7743820000112,"AYO3274",5601549,2021-09-28 09:18:25,2021-09-28 12:41:59,1,-23.4249229431152,-46.4802703857422,0,"353312092301375","Nao",NA,"COOPERATIVA POUSOALEGRENSE DE TRANSPORTES E LOCADORA DE VEICULOS DOS CONDUTORES AUTONOMOS DO SUL DE MINAS LTDA-COOPATRANS","07.743.820/0001-12","Nao","Sim","Nao",2021-12-01,2023-12-02,2014,"Executivo",17,17
3929070,8279125000104,"ECM9A34",5604284,2021-09-30 21:19:06,2021-10-04 06:49:47,1,-8.45213890075684,-35.0190277099609,0,"354405109576739","Nao",NA,"AGUIA LOCAR TRANSPORTES LTDA","08.279.125/0001-04","Nao","Sim","Nao",2022-01-06,2023-06-19,2013,"Executivo",42,42
3929073,9094952000196,"DVT8090",5599093,2021-09-26 17:56:12,2021-09-27 06:47:28,0,-22.895219,-42.042704,0,"356429071217682","Nao",NA,"FAVI AUTO VIACAO LTDA","09.094.952/0001-96","Nao","Sim","Nao",2024-02-14,2023-07-01,2012,"Executivo",47,47
3929082,10235135000190,"GGO4999",5602709,2021-09-29 23:21:09,2021-09-30 02:03:01,0,-23.136343,-50.4001541,4.35,"862057046310345","Nao",NA,"GALVAO & NEVES  LOCADORA LTDA - ME","10.235.135/0001-90","Nao","Sim","Nao",2022-07-23,2023-06-14,2016,"Executivo",16,16
3929083,10235135000190,"GGO4999",5602709,2021-09-29 11:50:49,2021-09-29 14:06:32,1,-23.3955498,-49.5126648,4.35,"862057046310345","Nao",NA,"GALVAO & NEVES  LOCADORA LTDA - ME","10.235.135/0001-90","Nao","Sim","Nao",2022-07-23,2023-06-14,2016,"Executivo",16,16
3929087,10632539000117,"HWV8F04",5599159,2021-09-26 05:49:47,2021-09-27 14:00:03,1,-7.1293317,-34.98094972,1.3,"b426bfe2bc6b5439","Nao",NA,"CF TRANSPORTES LTDA - ME","10.632.539/0001-17","Nao","Sim","Nao",2021-09-14,2023-10-06,2008,"Executivo",46,46
3929088,10895377000100,"AHQ2484",5601353,2021-09-26 21:28:41,2021-09-27 12:20:19,1,-25.4403324127197,-49.2770576477051,0,"353303081652399","Nao",NA,"FW E CRW VIAGENS E TURISMO LTDA","10.895.377/0001-00","Nao","Sim","Nao",2021-12-08,2023-10-04,1997,"Executivo",28,28
3929089,11137897000116,"PEE4609",5602052,2021-09-28 06:28:32,2021-09-28 09:16:34,1,-8.12724781036377,-34.8979759216309,0,"358581624186299","Nao",NA,"V. V. S. VIAGENS, TURISMO E RECEPTIVOS LTDA","11.137.897/0001-16","Nao","Sim","Nao",2022-04-25,2023-10-26,2011,"Executivo",32,32
3929091,11152129000131,"LPZ9479",5600824,2021-09-26 06:16:25,2021-09-26 22:29:10,1,-22.1093734,-43.19289883,1.3,"e1c313abe768c5fc","Nao",NA,"CRUZ & CARVALHO AGENCIA DE VIAGENS LTDA","11.152.129/0001-31","Nao","Sim","Nao",2022-01-14,2023-09-30,2011,"Executivo",16,16
3929099,15221905000169,"OZQ0331",5602734,2021-09-29 08:44:55,2021-09-29 20:56:29,1,-8.9273157119751,-35.162425994873,0,"359476094574521","Nao",NA,"JULIANA DOS REIS BEVILAQUA EIRELI","15.221.905/0001-69","Nao","Sim","Nao",2021-10-29,2023-09-22,2013,"Executivo",26,26
3929103,17067125000131,"HMD9289",5601051,2021-09-26 10:29:34,2021-09-28 09:30:12,1,-18.8793659210205,-41.961856842041,0,"356342097631010","Nao",NA,NA,NA,NA,NA,NA,NA,NA,NA,NA,NA,NA
3929104,17067125000131,"OQQ7668",5601052,2021-09-26 10:22:01,2021-09-29 07:13:41,1,-18.8796005249023,-41.9620056152344,0,"356342097539072","Nao",NA,"VIACAO OLIVEIRA TORRES LTDA.","17.067.125/0001-31","Nao","Sim","Nao",2023-11-29,2023-07-03,2013,"Executivo",44,44
3929108,19225075000107,"JAD1508",5598169,2021-09-24 10:39:28,2021-10-04 18:55:53,1,-29.9914951324463,-51.2001533508301,0,"358620103392877","Nao",NA,"EMS TRANSPORTES E TURISMO EIRELI ME","19.225.075/0001-07","Sim","Sim","Nao",2022-09-06,2021-10-27,2017,"Executivo",52,52
3929109,19225075000107,"JAJ0B40",5603008,2021-09-29 22:14:07,2021-10-03 23:37:56,1,-29.9912395477295,-51.200065612793,0,"358620103367259","Nao",NA,"EMS TRANSPORTES E TURISMO EIRELI ME","19.225.075/0001-07","Sim","Sim","Nao",2022-07-02,2021-10-06,2019,"Executivo",46,46
3929112,19225075000107,"JAJ1F10",5601244,2021-09-26 21:16:49,2021-10-01 00:36:43,1,-29.6727962493896,-50.7903289794922,0,"358620103390038","Nao",NA,"EMS TRANSPORTES E TURISMO EIRELI ME","19.225.075/0001-07","Sim","Sim","Nao",2021-11-10,2021-10-27,2018,"Executivo",67,67
3929119,20146015000170,"FTX3520",5601320,2021-09-27 15:02:38,2021-09-27 22:16:10,0,-23.532229,-46.619774,0,"353305085340954","Nao",NA,"VIACAO SAO CRISTOVAO LIMITADA.","20.146.015/0001-70","Sim","Sim","Nao",2022-07-16,2021-10-03,2014,"Executivo",46,46
3929120,20146015000170,"FTX3520",5602600,2021-09-29 12:28:34,2021-09-29 20:04:04,0,-23.532205,-46.619682,0,"353305085340954","Nao",NA,"VIACAO SAO CRISTOVAO LIMITADA.","20.146.015/0001-70","Sim","Sim","Nao",2022-07-16,2021-10-03,2014,"Executivo",46,46
3929121,20146015000170,"FTX3520",5601320,2021-09-26 17:59:39,2021-09-27 02:11:07,1,0,0,0,"353305085340954","Nao",NA,"VIACAO SAO CRISTOVAO LIMITADA.","20.146.015/0001-70","Sim","Sim","Nao",2022-07-16,2021-10-03,2014,"Executivo",46,46
3929122,20146015000170,"FTX3520",5602600,2021-09-28 17:55:29,2021-09-29 01:50:11,1,-20.155169,-44.909939,0,"353305085340954","Nao",NA,"VIACAO SAO CRISTOVAO LIMITADA.","20.146.015/0001-70","Sim","Sim","Nao",2022-07-16,2021-10-03,2014,"Executivo",46,46
3929123,20146015000170,"HDI7A63",5601307,2021-09-27 14:20:43,2021-09-27 21:59:53,0,0,0,0,"353305085344675","Nao",NA,"VIACAO SAO CRISTOVAO LIMITADA.","20.146.015/0001-70","Nao","Sim","Nao",2022-06-11,2023-06-03,2006,"Executivo",46,46
3929124,20146015000170,"HDI7A63",5602574,2021-09-29 12:30:03,2021-09-29 20:39:39,0,-23.532146,-46.619809,0,"353305085344675","Nao",NA,"VIACAO SAO CRISTOVAO LIMITADA.","20.146.015/0001-70","Nao","Sim","Nao",2022-06-11,2023-06-03,2006,"Executivo",46,46
3929125,20146015000170,"HDI7A63",5601307,2021-09-26 18:07:01,2021-09-27 02:28:39,1,0,0,0,"353305085344675","Nao",NA,"VIACAO SAO CRISTOVAO LIMITADA.","20.146.015/0001-70","Nao","Sim","Nao",2022-06-11,2023-06-03,2006,"Executivo",46,46
3929144,24304938000163,"PJH1232",5603150,2021-09-30 11:04:36,2021-09-30 18:03:32,1,-7.86342096328735,-35.4419898986816,0,"868732055343247","Nao",NA,"SEBASTIAO AMANCIO DE ALBUQUERQUE NETO EIRELI","24.304.938/0001-63","Nao","Sim","Nao",2022-06-16,2023-07-19,2015,"Executivo",20,20
3929160,31918535000170,"KQP6184",5595760,2021-09-26 19:30:56,2021-09-27 00:02:48,1,0,0,0,"356233063246810","Nao",NA,"TRANSTURISMO TRANSPORTADORA ORIENTAL LTDA","31.918.535/0001-70","Nao","Sim","Nao",2022-06-09,2023-11-22,2014,"Executivo",46,46
3929161,31918535000170,"KZE6511",5601696,2021-09-30 10:39:37,2021-10-04 18:30:18,1,-22.8784882,-43.5545653,4.34,"356233063227448","Nao",NA,"TRANSTURISMO TRANSPORTADORA ORIENTAL LTDA","31.918.535/0001-70","Nao","Sim","Nao",2022-06-10,2021-11-22,2014,"Executivo",46,46
3929185,36807564000188,"LSL8I36",5601830,2021-09-27 22:56:39,2021-09-28 06:43:44,1,-30.0015125274658,-51.0580215454102,0,"351836099664874","Nao",NA,"TRANSLOG TRANSPORTE E TURISMO EIRELI","36.807.564/0001-88","Nao","Sim","Nao",2021-09-01,2023-09-08,2015,"Executivo",16,16
3929241,76539600000194,"ABM5J06",5599599,2021-09-26 14:46:03,2021-09-27 01:51:31,0,-22.878242,-45.2767506,1.8,"358795105299013","Nao",NA,"EMPRESA DE ONIBUS NOSSA SENHORA DA PENHA S/A","76.539.600/0001-94","Sim","Sim","Nao",2022-09-24,2021-10-30,2019,"Executivo",46,46
3929248,77578987000150,"AWC6F25",5601487,2021-09-28 08:50:08,2021-09-28 17:09:44,1,-25.558918,-49.269424,0,"ebd732419058ac81","Nao",NA,"MARLAC TURISMO LTDA","77.578.987/0001-50","Nao","Sim","Nao",2021-11-04,2021-11-23,2012,"Executivo",48,48
3929280,88628417000144,"JCU1990",5600165,2021-09-26 08:34:36,2021-10-01 23:50:17,1,-29.1692621,-51.1891877,16,"358011071939313","Nao",NA,"EXPRESSO SAO MARCOS LTDA","88.628.417/0001-44","Sim","Sim","Nao",2022-06-08,2021-10-27,2015,"Executivo",44,44
3929281,88628417000144,"JCX0185",5602801,2021-09-30 09:52:52,2021-10-02 08:07:50,1,-29.1506418,-51.1705777,6,"358011071937523","Nao",NA,NA,NA,NA,NA,NA,NA,NA,NA,NA,NA,NA
3929286,95383246000104,"NTW4458",5601570,2021-09-27 13:45:19,2021-09-28 01:50:47,1,-25.3769683837891,-51.4482231140137,0,"359293051511077","Nao",NA,NA,NA,NA,NA,NA,NA,NA,NA,NA,NA,NA
3843790,1031060000134,"PRH9681",5576802,2021-09-02 06:30:11,2021-09-02 22:35:02,1,-6.555861,-47.476471,0,"2348d51790c39426","Nao",NA,"EXPRESSO SATELITE NORTE LTDA","01.031.060/0001-34","Sim","Sim","Nao",2022-02-26,2021-10-03,2017,"Executivo",45,45
3843791,1031060000134,"PRK1278",5577025,2021-09-04 18:56:10,2021-09-05 04:59:13,0,-10.178165,-48.334256,0,"f635154ef7c22731","Nao",NA,"EXPRESSO SATELITE NORTE LTDA","01.031.060/0001-34","Sim","Sim","Nao",2022-07-13,2021-10-03,2017,"Executivo",45,45
3843792,1031060000134,"PRK1278",5577025,2021-09-02 20:26:40,2021-09-03 07:36:51,1,-5.490931,-47.468897,0,"f635154ef7c22731","Nao",NA,"EXPRESSO SATELITE NORTE LTDA","01.031.060/0001-34","Sim","Sim","Nao",2022-07-13,2021-10-03,2017,"Executivo",45,45
3843793,1031060000134,"PRK6608",5577583,2021-09-03 02:19:49,2021-09-03 13:52:39,1,-2.560581,-44.238984,0,"d21aa5487e098517","Nao",NA,"EXPRESSO SATELITE NORTE LTDA","01.031.060/0001-34","Sim","Sim","Nao",2022-07-12,2021-10-03,2017,"Executivo",45,45
3843824,3724381000140,"MXD0G03",5580604,2021-09-03 23:04:15,2021-09-05 02:02:10,1,-22.8513641357422,-47.0625877380371,0,"350920332084032","Nao",NA,"GILTUR TRANSPORTES LTDA","03.724.381/0001-40","Nao","Sim","Nao",2022-06-25,2022-11-22,2010,"Executivo",42,42
3843826,3773813000102,"AQU3I22",5577496,2021-09-03 16:59:42,2021-09-04 08:39:44,1,-20.367395,-40.654827,1,"354868060292549","Nao",NA,"PAQUIELA TURISMO LTDA","03.773.813/0001-02","Nao","Sim","Nao",2021-10-19,2023-06-03,2008,"Executivo",46,46
3843840,5233521000102,"BBS8249",5577662,2021-09-03 17:18:51,2021-09-07 11:13:21,1,-23.631317,-46.692067,0,"356496088316070","Nao",NA,"BRASIL SUL LINHAS RODOVIARIAS LTDA","05.233.521/0001-02","Sim","Sim","Nao",2022-01-05,2021-10-04,2017,"Executivo",46,46
3843841,5233521000102,"BBT6819",5576326,2021-09-01 05:52:20,2021-09-01 20:17:36,1,-23.433519,-51.891969,0,"353456096849473","Nao",NA,"BRASIL SUL LINHAS RODOVIARIAS LTDA","05.233.521/0001-02","Sim","Sim","Nao",2022-01-14,2021-10-04,2017,"Executivo",44,44
3843842,5233521000102,"BBT6820",5579565,2021-09-03 19:11:47,2021-09-04 07:48:47,1,-23.291916,-51.200606,0,"353909111251158","Nao",NA,"BRASIL SUL LINHAS RODOVIARIAS LTDA","05.233.521/0001-02","Sim","Sim","Nao",2021-11-20,2021-10-04,2017,"Executivo",44,44
3843857,6789401000159,"ODO5428",5579864,2021-09-03 20:31:34,2021-09-06 07:26:07,1,-19.9043025970459,-44.0084915161133,0,"353690107290505","Nao",NA,"LINHARES HOTEL E TURISMO LTDA","06.789.401/0001-59","Sim","Sim","Nao",2022-07-06,2021-11-12,2012,"Executivo",56,56
3843858,6789401000159,"OYD8660",5580079,2021-09-03 21:21:09,2021-09-08 02:44:53,1,-19.9188747406006,-43.9171371459961,0,"353690107290257","Nao",NA,"LINHARES HOTEL E TURISMO LTDA","06.789.401/0001-59","Sim","Sim","Nao",2022-02-19,2021-11-12,2013,"Executivo",56,56
3843861,9094952000196,"DVB1459",5578666,2021-09-04 19:30:49,2021-09-05 00:12:20,0,-25.47921,-48.83361,0,"356429071420146","Nao",NA,"FAVI AUTO VIACAO LTDA","09.094.952/0001-96","Nao","Sim","Nao",2022-06-23,2023-07-01,2018,"Executivo",48,48
3843862,9094952000196,"DVB1459",5578666,2021-09-04 00:33:29,2021-09-04 10:05:34,1,-22.93913,-47.126592,0,"356429071420146","Nao",NA,"FAVI AUTO VIACAO LTDA","09.094.952/0001-96","Nao","Sim","Nao",2022-06-23,2023-07-01,2018,"Executivo",48,48
3843869,10681087000163,"OMM3893",5579662,2021-09-01 07:33:30,2021-09-02 00:02:52,1,-8.05753898620605,-34.8989868164063,0,"354148097806714","Nao",NA,"V. SONORIZACAO E PRODUCAO MUSICAL LTDA","10.681.087/0001-63","Nao","Sim","Nao",2023-12-13,2023-08-20,2013,"Executivo",30,30
3843871,11137897000116,"PEE4609",5580905,2021-09-04 05:54:41,2021-09-04 08:59:58,1,-8.09145450592041,-34.8821601867676,0,"358581624186299","Nao",NA,"V. V. S. VIAGENS, TURISMO E RECEPTIVOS LTDA","11.137.897/0001-16","Nao","Sim","Nao",2022-04-25,2023-10-26,2011,"Executivo",32,32
3843886,15221905000169,"LPZ6F61",5578529,2021-09-03 07:49:35,2021-09-03 20:47:28,1,-9.01339817047119,-35.2251510620117,0,"359476094574521","Nao",NA,"JULIANA DOS REIS BEVILAQUA EIRELI","15.221.905/0001-69","Nao","Sim","Nao",2022-02-18,2023-09-22,2011,"Executivo",50,50
3843887,15221905000169,"LPZ6F61",5576666,2021-09-01 05:56:24,2021-09-01 19:45:08,1,-9.56985187530518,-35.653003692627,0,"359476094574521","Nao",NA,"JULIANA DOS REIS BEVILAQUA EIRELI","15.221.905/0001-69","Nao","Sim","Nao",2022-02-18,2023-09-22,2011,"Executivo",50,50
3843894,19225075000107,"JAJ0B40",5579108,2021-09-03 14:00:58,2021-09-06 10:57:50,1,-27.6231269836426,-52.3709335327148,0,"358620103390038","Nao",NA,"EMS TRANSPORTES E TURISMO EIRELI ME","19.225.075/0001-07","Sim","Sim","Nao",2022-07-02,2021-10-06,2019,"Executivo",46,46
3843895,19225075000107,"JDD2I01",5580764,2021-09-03 20:56:17,2021-09-05 05:04:24,1,-29.9914455413818,-51.2001762390137,0,"358620103392877","Nao",NA,"EMS TRANSPORTES E TURISMO EIRELI ME","19.225.075/0001-07","Sim","Sim","Nao",2022-04-08,2021-10-06,2020,"Executivo",46,46
3843897,19225075000107,"JDL2I02",5577327,2021-09-02 08:30:23,2021-09-05 04:24:17,1,-29.9915428161621,-51.1999320983887,0,"358620103268937","Nao",NA,"EMS TRANSPORTES E TURISMO EIRELI ME","19.225.075/0001-07","Sim","Sim","Nao",2022-04-07,2021-10-06,2020,"Executivo",46,46
3843898,19225075000107,"JDL2I02",5578916,2021-09-04 03:40:59,2021-09-08 09:02:26,1,-29.9913768768311,-51.2002067565918,0,"358620103367259","Nao",NA,"EMS TRANSPORTES E TURISMO EIRELI ME","19.225.075/0001-07","Sim","Sim","Nao",2022-04-07,2021-10-06,2020,"Executivo",46,46
3843903,19652484000181,"QJT1583",5581275,2021-09-04 13:20:53,2021-09-05 16:47:17,1,-26.91593,-48.68687,1.3,"21bdbc6d38622891","Nao",NA,"LB TRANSPORTE ESCOLAR E LOCACAO DE VEICULOS LTDA - ME","19.652.484/0001-81","Nao","Sim","Nao",2023-05-20,2024-01-10,2019,"Executivo",16,16
3843904,19764585000144,"MQS8924",5579840,2021-09-03 23:10:16,2021-09-04 10:33:06,1,-20.367079,-40.356464,1,"354868062104759","Nao",NA,"RCA LOCADORA DE VEICULOS LTDA","19.764.585/0001-44","Nao","Sim","Nao",2021-09-29,2022-10-04,2006,"Executivo",29,29
3843906,20146015000170,"FTX3520",5576536,2021-09-01 12:51:16,2021-09-02 01:50:59,0,0,0,0,"353305085340954","Nao",NA,"VIACAO SAO CRISTOVAO LIMITADA.","20.146.015/0001-70","Sim","Sim","Nao",2022-07-16,2021-10-03,2014,"Executivo",46,46
3843915,20882498000170,"GEJ1J36",5576670,2021-09-01 14:27:40,2021-09-01 16:47:04,1,-22.5617332458496,-44.1654586791992,0,"356953086905502","Nao",NA,"TRANSVIPCAR TRANSPORTE LTDA","20.882.498/0001-70","Nao","Sim","Nao",2022-05-04,2023-11-22,2017,"Executivo",16,16
3843932,28255122000148,"AZL1C42",5580929,2021-09-04 05:12:11,2021-09-05 22:19:47,1,-29.9905738830566,-50.1393585205078,0,"352607093779292","Nao",NA,"CLEBER ADRIANO DA SILVA TECCHIO EIRELI","28.255.122/0001-48","Nao","Sim","Nao",2021-11-03,2023-11-01,2013,"Executivo",31,31
3843938,30369504000144,"AZJ4H57",5580401,2021-09-04 08:37:30,2021-09-04 10:43:54,1,-26.1834011077881,-48.9092712402344,0,"865805046468548","Nao",NA,"NATUTUR OPERADORA DE TURISMO - EIRELI","30.369.504/0001-44","Nao","Sim","Nao",2022-01-19,2023-07-27,2014,"Executivo",18,18
3843943,31918535000170,"KQP6184",5577566,2021-09-04 09:39:06,2021-09-10 16:31:27,1,-22.9150629,-43.166106,10.666,"356233063227422","Nao",NA,"TRANSTURISMO TRANSPORTADORA ORIENTAL LTDA","31.918.535/0001-70","Nao","Sim","Nao",2022-06-09,2023-11-22,2014,"Executivo",46,46
3843944,31918535000170,"KZE6511",5564557,2021-09-04 10:50:19,2021-09-07 20:58:58,1,-22.9150286,-43.1662157,11,"356233063227448","Nao",NA,"TRANSTURISMO TRANSPORTADORA ORIENTAL LTDA","31.918.535/0001-70","Nao","Sim","Nao",2022-06-10,2021-11-22,2014,"Executivo",46,46
3843945,31918535000170,"LUF3655",5576513,2021-09-04 13:40:15,2021-09-09 17:33:11,1,0,0,0,"356233063246810","Nao",NA,"TRANSTURISMO TRANSPORTADORA ORIENTAL LTDA","31.918.535/0001-70","Nao","Sim","Nao",2022-06-16,2023-11-22,2011,"Executivo",46,46
3843952,33458732000189,"QYS2B56",5580874,2021-09-04 04:14:25,2021-09-04 09:00:28,1,-7.97961985273119,-34.8594148071358,1.3,"7553f4d4bcc5f3e2","Nao",NA,"COOPERATIVA DOS PROPRIETARIOS DE ONIBUS ROD NO TRANSPORTE TURISTICO FRETAMENTO E ESCOLAR NO ESTADO DE PERNAMBUCO DO CABO DE SANTO AGOSTINHO","33.458.732/0001-89","Nao","Sim","Nao",2023-05-10,2024-03-12,2020,"Executivo",16,16
3844035,76539600000194,"ABJ5811",5579120,2021-09-03 16:55:04,2021-09-04 19:25:13,1,-22.6876206,-43.2588746,2.2,"358795105806841","Nao",NA,"EMPRESA DE ONIBUS NOSSA SENHORA DA PENHA S/A","76.539.600/0001-94","Sim","Sim","Nao",2022-06-25,2021-10-30,2018,"Executivo",46,46
3844036,76539600000194,"ABL5J30",5579072,2021-09-03 15:18:14,2021-09-04 15:54:15,1,-22.7127531,-43.2900181,1.4,"358795105299302","Nao",NA,"EMPRESA DE ONIBUS NOSSA SENHORA DA PENHA S/A","76.539.600/0001-94","Sim","Sim","Nao",2022-09-20,2021-10-30,2018,"Executivo",58,58
3844047,77578987000150,"AWA9I62",5577051,2021-09-03 19:57:37,2021-09-06 14:37:53,1,-25.440362,-49.276947,0,"3d4d6fd270bb38c1","Nao",NA,"MARLAC TURISMO LTDA","77.578.987/0001-50","Nao","Sim","Nao",2022-01-25,2023-11-23,2011,"Executivo",43,43
3844048,77578987000150,"AWA9I62",5577734,2021-09-03 19:58:35,2021-09-04 01:08:56,1,-25.474942,-49.261339,0,"afad3878890dd771","Nao",NA,"MARLAC TURISMO LTDA","77.578.987/0001-50","Nao","Sim","Nao",2022-01-25,2023-11-23,2011,"Executivo",43,43
3844049,77578987000150,"BEV2A27",5577734,2021-09-04 01:09:31,2021-09-04 20:02:26,1,-24.64374,-47.921435,0,"afad3878890dd771","Nao",NA,"MARLAC TURISMO LTDA","77.578.987/0001-50","Nao","Sim","Nao",2022-04-13,2023-06-24,2019,"Executivo",45,45
3844074,91501866000131,"JBX4545",5576414,2021-09-01 03:31:20,2021-09-03 16:35:33,1,-29.634449005127,-51.0107803344727,0,"351345012532721","Nao",NA,"AGENCIA DE VIAGENS E TURISMO KLEINTUR LTDA","91.501.866/0001-31","Nao","Sim","Nao",2022-07-26,2023-07-19,2016,"Executivo",53,53
3844075,91501866000131,"JBX4545",5578966,2021-09-03 18:24:55,2021-09-07 21:33:30,1,-29.6424674987793,-51.0183181762695,0,"351345012532721","Nao",NA,"AGENCIA DE VIAGENS E TURISMO KLEINTUR LTDA","91.501.866/0001-31","Nao","Sim","Nao",2022-07-26,2023-07-19,2016,"Executivo",53,53
3844076,91501866000131,"JBY4545",5564212,2021-09-02 09:34:33,2021-09-02 22:11:00,1,-27.4256801605225,-51.7856216430664,0,"351345015327772","Nao",NA,"AGENCIA DE VIAGENS E TURISMO KLEINTUR LTDA","91.501.866/0001-31","Nao","Sim","Nao",2022-03-01,2023-09-01,2017,"Executivo",51,51
